<gpx xmlns="http://www.topografix.com/GPX/1/1" xmlns:xsi="http://www.w3.org/2001/XMLSchema-instance" xsi:schemaLocation="http://www.topografix.com/GPX/1/1 http://www.topografix.com/GPX/1/1/gpx.xsd" version="1.1" creator="togpx"><metadata/><trk><name>Vätternrundan 315 km</name><desc>name=Vätternrundan 315 km</desc><trkseg><trkpt lat="58.53586267111379" lon="15.038557715124384"><ele>106.6438980102539</ele></trkpt><trkpt lat="58.53563019341843" lon="15.039254124329346"><ele>105.66546746235652</ele></trkpt><trkpt lat="58.535555" lon="15.039448"><ele>105.37958168701309</ele></trkpt><trkpt lat="58.535552" lon="15.039456"><ele>105.36792247362622</ele></trkpt><trkpt lat="58.535477" lon="15.039618"><ele>105.1116225992646</ele></trkpt><trkpt lat="58.535477" lon="15.039618"><ele>105.1116225992646</ele></trkpt><trkpt lat="58.535386" lon="15.039783"><ele>104.8275079523642</ele></trkpt><trkpt lat="58.535386" lon="15.039783"><ele>104.8275079523642</ele></trkpt><trkpt lat="58.535304" lon="15.039918"><ele>104.5823411526536</ele></trkpt><trkpt lat="58.53521" lon="15.040054"><ele>104.31523380271989</ele></trkpt><trkpt lat="58.534976" lon="15.040343"><ele>103.68391548555992</ele></trkpt><trkpt lat="58.534976" lon="15.040343"><ele>103.68391548555992</ele></trkpt><trkpt lat="58.534934" lon="15.040396"><ele>103.56987273604024</ele></trkpt><trkpt lat="58.534888" lon="15.040453"><ele>103.44564650371484</ele></trkpt><trkpt lat="58.534888" lon="15.040453"><ele>103.44564650371484</ele></trkpt><trkpt lat="58.534838" lon="15.040516"><ele>103.3099431940487</ele></trkpt><trkpt lat="58.534856" lon="15.040695"><ele>103.09417686034205</ele></trkpt><trkpt lat="58.534856" lon="15.040695"><ele>103.09417686034205</ele></trkpt><trkpt lat="58.534886" lon="15.040845"><ele>102.90404537226745</ele></trkpt><trkpt lat="58.534886" lon="15.040845"><ele>102.90404537226745</ele></trkpt><trkpt lat="58.534909" lon="15.040956"><ele>102.76268895317368</ele></trkpt><trkpt lat="58.534977" lon="15.041187"><ele>102.44878741731601</ele></trkpt><trkpt lat="58.534977" lon="15.041187"><ele>102.44878741731601</ele></trkpt><trkpt lat="58.535114" lon="15.041626"><ele>101.84338976884902</ele></trkpt><trkpt lat="58.535328" lon="15.042351"><ele>100.85756006888846</ele></trkpt><trkpt lat="58.535395" lon="15.042568"><ele>100.55914513021908</ele></trkpt><trkpt lat="58.535453" lon="15.042739"><ele>100.31776885721527</ele></trkpt><trkpt lat="58.535453" lon="15.042739"><ele>100.31776885721527</ele></trkpt><trkpt lat="58.535513" lon="15.042925"><ele>100.05896797675484</ele></trkpt><trkpt lat="58.535541" lon="15.04303"><ele>99.91940938353962</ele></trkpt><trkpt lat="58.535614" lon="15.043302"><ele>99.55740392364406</ele></trkpt><trkpt lat="58.535661" lon="15.043485"><ele>99.31600343433385</ele></trkpt><trkpt lat="58.535671" lon="15.043643"><ele>99.12762383110194</ele></trkpt><trkpt lat="58.53572" lon="15.043907"><ele>98.79598474377228</ele></trkpt><trkpt lat="58.53572" lon="15.043907"><ele>98.79598474377228</ele></trkpt><trkpt lat="58.535708" lon="15.044"><ele>98.68259601687839</ele></trkpt><trkpt lat="58.535708" lon="15.044"><ele>98.68259601687839</ele></trkpt><trkpt lat="58.535699" lon="15.044065"><ele>98.60300084655863</ele></trkpt><trkpt lat="58.53569" lon="15.044112"><ele>98.54374601650363</ele></trkpt><trkpt lat="58.53569" lon="15.044112"><ele>98.54374601650363</ele></trkpt><trkpt lat="58.535674" lon="15.044197"><ele>98.43679739013791</ele></trkpt><trkpt lat="58.535659" lon="15.04424"><ele>98.37558262742343</ele></trkpt><trkpt lat="58.535659" lon="15.04424"><ele>98.37558262742343</ele></trkpt><trkpt lat="58.535635" lon="15.044308"><ele>98.27842480326544</ele></trkpt><trkpt lat="58.535621" lon="15.044334"><ele>98.23421113584736</ele></trkpt><trkpt lat="58.535621" lon="15.044334"><ele>98.23421113584736</ele></trkpt><trkpt lat="58.535573" lon="15.04442"><ele>98.08518656934294</ele></trkpt><trkpt lat="58.535573" lon="15.04442"><ele>98.08518656934294</ele></trkpt><trkpt lat="58.535573" lon="15.04442"><ele>98.08518656934294</ele></trkpt><trkpt lat="58.535573" lon="15.04442"><ele>98.08518656934294</ele></trkpt><trkpt lat="58.535484" lon="15.044443"><ele>97.88154363149305</ele></trkpt><trkpt lat="58.535441" lon="15.044442"><ele>97.78403025606798</ele></trkpt><trkpt lat="58.535441" lon="15.044442"><ele>97.78403025606798</ele></trkpt><trkpt lat="58.535394" lon="15.04444"><ele>97.67742743411739</ele></trkpt><trkpt lat="58.535283" lon="15.04443"><ele>97.42544726223481</ele></trkpt><trkpt lat="58.535244" lon="15.04442"><ele>97.33622285438756</ele></trkpt><trkpt lat="58.535244" lon="15.04442"><ele>97.33622285438756</ele></trkpt><trkpt lat="58.535147" lon="15.044394"><ele>97.1141246402533</ele></trkpt><trkpt lat="58.535015" lon="15.044348"><ele>96.80989164450926</ele></trkpt><trkpt lat="58.534817" lon="15.044282"><ele>96.35416417727416</ele></trkpt><trkpt lat="58.53447" lon="15.044153"><ele>95.5526339688858</ele></trkpt><trkpt lat="58.53441" lon="15.04413"><ele>95.41388186931998</ele></trkpt><trkpt lat="58.53441" lon="15.04413"><ele>95.41388186931998</ele></trkpt><trkpt lat="58.534271" lon="15.044075"><ele>95.09203462534671</ele></trkpt><trkpt lat="58.53374398313463" lon="15.043833944946527"><ele>94.21203110182856</ele></trkpt><trkpt lat="58.533440977334976" lon="15.043762950226665"><ele>94.6482938617827</ele></trkpt><trkpt lat="58.533224975690246" lon="15.043667983263731"><ele>94.96501463750005</ele></trkpt><trkpt lat="58.53298097848892" lon="15.043583996593952"><ele>95.31930368102587</ele></trkpt><trkpt lat="58.53286296129227" lon="15.043550971895456"><ele>95.48975602357461</ele></trkpt><trkpt lat="58.532752990722656" lon="15.043550971895456"><ele>95.64691874032789</ele></trkpt><trkpt lat="58.53264997713268" lon="15.043584918603301"><ele>95.79630135257239</ele></trkpt><trkpt lat="58.532594" lon="15.043593"><ele>95.87652705200539</ele></trkpt><trkpt lat="58.532528" lon="15.04363"><ele>95.97480589362809</ele></trkpt><trkpt lat="58.532528" lon="15.04363"><ele>95.97480589362809</ele></trkpt><trkpt lat="58.532515" lon="15.043637"><ele>95.99410462960309</ele></trkpt><trkpt lat="58.532433" lon="15.043709"><ele>96.1230172952589</ele></trkpt><trkpt lat="58.532406" lon="15.043736"><ele>96.16654500720409</ele></trkpt><trkpt lat="58.532406" lon="15.043736"><ele>96.16654500720409</ele></trkpt><trkpt lat="58.532368" lon="15.043775"><ele>96.22815502636604</ele></trkpt><trkpt lat="58.532253" lon="15.043912"><ele>96.42169378942418</ele></trkpt><trkpt lat="58.532132" lon="15.044089"><ele>96.63927115482178</ele></trkpt><trkpt lat="58.531962" lon="15.04438"><ele>96.9650891025642</ele></trkpt><trkpt lat="58.531932" lon="15.044431"><ele>97.02241134979324</ele></trkpt><trkpt lat="58.531932" lon="15.044431"><ele>97.02241134979324</ele></trkpt><trkpt lat="58.53183" lon="15.044604"><ele>97.21710920305573</ele></trkpt><trkpt lat="58.531728" lon="15.044784"><ele>97.41530775672317</ele></trkpt><trkpt lat="58.531678" lon="15.044874"><ele>97.51336081017683</ele></trkpt><trkpt lat="58.531678" lon="15.044874"><ele>97.51336081017683</ele></trkpt><trkpt lat="58.53141" lon="15.045351"><ele>98.03617580437064</ele></trkpt><trkpt lat="58.531358" lon="15.045446"><ele>98.13886946797614</ele></trkpt><trkpt lat="58.531358" lon="15.045446"><ele>98.13886946797614</ele></trkpt><trkpt lat="58.531175" lon="15.045778"><ele>98.49907680708245</ele></trkpt><trkpt lat="58.53109" lon="15.045907"><ele>98.65405730088463</ele></trkpt><trkpt lat="58.53100695647299" lon="15.046042995527387"><ele>98.81019612093465</ele></trkpt><trkpt lat="58.53084895759821" lon="15.046191941946745"><ele>99.06186013358428</ele></trkpt><trkpt lat="58.5306869354099" lon="15.046276934444904"><ele>99.30193702939164</ele></trkpt><trkpt lat="58.530517956241965" lon="15.046274922788143"><ele>99.54343562366468</ele></trkpt><trkpt lat="58.53035693988204" lon="15.046194959431887"><ele>99.7811573002545</ele></trkpt><trkpt lat="58.53020296432078" lon="15.0460509583354"><ele>100.02603530612402</ele></trkpt><trkpt lat="58.53007094934583" lon="15.045847948640585"><ele>100.26797711788367</ele></trkpt><trkpt lat="58.52961698547006" lon="15.044970950111747"><ele>101.18941030995447</ele></trkpt><trkpt lat="58.52880796417594" lon="15.043351985514164"><ele>102.13435102278164</ele></trkpt><trkpt lat="58.528602942824364" lon="15.04285292699933"><ele>102.20948586902723</ele></trkpt><trkpt lat="58.528493978083134" lon="15.042478926479816"><ele>102.26015995579489</ele></trkpt><trkpt lat="58.528262972831726" lon="15.041486928239465"><ele>102.38867534410467</ele></trkpt><trkpt lat="58.52779199369252" lon="15.039795963093638"><ele>102.61543632257806</ele></trkpt><trkpt lat="58.52755696512759" lon="15.038802959024906"><ele>102.74443634933239</ele></trkpt><trkpt lat="58.526929998770356" lon="15.03646994009614"><ele>103.05490018847246</ele></trkpt><trkpt lat="58.52620798163116" lon="15.033584972843528"><ele>103.82496264267056</ele></trkpt><trkpt lat="58.52583599276841" lon="15.031810943037271"><ele>104.54262994699158</ele></trkpt><trkpt lat="58.525572968646884" lon="15.030750967562199"><ele>104.98319920954324</ele></trkpt><trkpt lat="58.525470960885286" lon="15.030137998983264"><ele>105.22471526991507</ele></trkpt><trkpt lat="58.52533492259681" lon="15.02946694381535"><ele>105.49495452847667</ele></trkpt><trkpt lat="58.525059996172786" lon="15.02824293449521"><ele>105.9951699103326</ele></trkpt><trkpt lat="58.52482697926462" lon="15.027087992057204"><ele>106.45998978553284</ele></trkpt><trkpt lat="58.52467996068299" lon="15.02650293521583"><ele>106.70374006064692</ele></trkpt><trkpt lat="58.52417092770338" lon="15.024038990959525"><ele>108.0141720803688</ele></trkpt><trkpt lat="58.52408098988235" lon="15.023674964904785"><ele>108.26895565091006</ele></trkpt><trkpt lat="58.52363096550107" lon="15.021505979821086"><ele>109.74555235133998</ele></trkpt><trkpt lat="58.52316493168473" lon="15.019357949495316"><ele>111.2171870408567</ele></trkpt><trkpt lat="58.52303593419492" lon="15.018804995343089"><ele>111.6003546680387</ele></trkpt><trkpt lat="58.52287894114852" lon="15.0183139834553"><ele>111.96461911313705</ele></trkpt><trkpt lat="58.52274994365871" lon="15.018026987090707"><ele>112.20420194304984</ele></trkpt><trkpt lat="58.52266696281731" lon="15.017913999035954"><ele>112.32756858133756</ele></trkpt><trkpt lat="58.52248499169946" lon="15.017739990726113"><ele>112.57401264935461</ele></trkpt><trkpt lat="58.522395975887775" lon="15.017608981579542"><ele>112.71003991301757</ele></trkpt><trkpt lat="58.5220889467746" lon="15.017052926123142"><ele>113.22206031095531</ele></trkpt><trkpt lat="58.52117791771889" lon="15.015579974278808"><ele>113.81845660363916</ele></trkpt><trkpt lat="58.52091992273927" lon="15.015189964324236"><ele>113.74358942187276</ele></trkpt><trkpt lat="58.52054491639137" lon="15.014758966863155"><ele>113.64397051486019</ele></trkpt><trkpt lat="58.520352970808744" lon="15.01459795050323"><ele>113.5962396253198</ele></trkpt><trkpt lat="58.52003898471594" lon="15.014418996870518"><ele>113.52162154733571</ele></trkpt><trkpt lat="58.51939894258976" lon="15.01412395387888"><ele>113.37167228930694</ele></trkpt><trkpt lat="58.519043968990445" lon="15.014016916975379"><ele>113.28982236262414</ele></trkpt><trkpt lat="58.518693940714" lon="15.013963943347335"><ele>113.20984649974034</ele></trkpt><trkpt lat="58.51834994740784" lon="15.013965955004096"><ele>113.13149348818749</ele></trkpt><trkpt lat="58.51801995187998" lon="15.013992944732308"><ele>113.0562606378459</ele></trkpt><trkpt lat="58.517906963825226" lon="15.014007948338985"><ele>113.0304631177286</ele></trkpt><trkpt lat="58.517472948879" lon="15.014116996899247"><ele>112.93075851365492</ele></trkpt><trkpt lat="58.5170519258827" lon="15.014299973845482"><ele>112.83242150437302</ele></trkpt><trkpt lat="58.516550939530134" lon="15.014611948281527"><ele>112.71242711818493</ele></trkpt><trkpt lat="58.51615992374718" lon="15.014925934374332"><ele>112.38581393951002</ele></trkpt><trkpt lat="58.51581299677491" lon="15.015294989570975"><ele>112.01645391338718</ele></trkpt><trkpt lat="58.51566597819328" lon="15.015526916831732"><ele>111.83916987729543</ele></trkpt><trkpt lat="58.515541926026344" lon="15.015782983973622"><ele>111.669403688729</ele></trkpt><trkpt lat="58.51521494798362" lon="15.01672393642366"><ele>111.12005353877139</ele></trkpt><trkpt lat="58.515091985464096" lon="15.017004981637001"><ele>110.94184718022397</ele></trkpt><trkpt lat="58.51501596160233" lon="15.01713297329843"><ele>110.84763209949077</ele></trkpt><trkpt lat="58.514836924150586" lon="15.01734595745802"><ele>110.65146477845717</ele></trkpt><trkpt lat="58.5147309768945" lon="15.017447965219617"><ele>110.54109747249899</ele></trkpt><trkpt lat="58.514614971354604" lon="15.017553996294737"><ele>110.42146311508787</ele></trkpt><trkpt lat="58.51430391892791" lon="15.017788941040635"><ele>110.1102626770264</ele></trkpt><trkpt lat="58.514104932546616" lon="15.018000919371843"><ele>109.89833602821717</ele></trkpt><trkpt lat="58.51307798177004" lon="15.01960496418178"><ele>108.66487856784168</ele></trkpt><trkpt lat="58.51260499097407" lon="15.02048397436738"><ele>108.05140480566415</ele></trkpt><trkpt lat="58.51243793964386" lon="15.020723948255181"><ele>107.85703707693915</ele></trkpt><trkpt lat="58.51214096881449" lon="15.021080933511257"><ele>107.52992531822248</ele></trkpt><trkpt lat="58.511978946626186" lon="15.02136692404747"><ele>107.24717362481354</ele></trkpt><trkpt lat="58.511842992156744" lon="15.021680993959308"><ele>106.9738073830096</ele></trkpt><trkpt lat="58.51173595525324" lon="15.022046947851777"><ele>106.69272373189037</ele></trkpt><trkpt lat="58.511674934998155" lon="15.022197989746928"><ele>106.56475573275621</ele></trkpt><trkpt lat="58.511441918089986" lon="15.022621946409345"><ele>106.15231140209248</ele></trkpt><trkpt lat="58.51052393205464" lon="15.02480199560523"><ele>104.27564766146415</ele></trkpt><trkpt lat="58.51030591875315" lon="15.025246990844607"><ele>103.86676283082343</ele></trkpt><trkpt lat="58.509997967630625" lon="15.025750994682312"><ele>103.34694206351392</ele></trkpt><trkpt lat="58.50986494682729" lon="15.026017958298326"><ele>103.09967467604191</ele></trkpt><trkpt lat="58.50980895571411" lon="15.026166988536716"><ele>102.97664208735044</ele></trkpt><trkpt lat="58.509721951559186" lon="15.026490949094296"><ele>102.73250598234347</ele></trkpt><trkpt lat="58.509485917165875" lon="15.0277029722929"><ele>101.86558174477665</ele></trkpt><trkpt lat="58.50939095020294" lon="15.02800396643579"><ele>101.6299091399548</ele></trkpt><trkpt lat="58.50931593216956" lon="15.028134975582361"><ele>101.49962503191877</ele></trkpt><trkpt lat="58.5092309396714" lon="15.02824192866683"><ele>101.36912586392837</ele></trkpt><trkpt lat="58.509141923859715" lon="15.028300937265158"><ele>101.24826072587415</ele></trkpt><trkpt lat="58.509054919704795" lon="15.028306972235441"><ele>101.13655688898675</ele></trkpt><trkpt lat="58.50895198993385" lon="15.02828392200172"><ele>101.00359244390903</ele></trkpt><trkpt lat="58.50886297412217" lon="15.028228936716914"><ele>100.88358248543742</ele></trkpt><trkpt lat="58.508791979402304" lon="15.028141932561994"><ele>100.77542685631624</ele></trkpt><trkpt lat="58.508729953318834" lon="15.028013940900564"><ele>100.65841356930626</ele></trkpt><trkpt lat="58.50868293084204" lon="15.02785393036902"><ele>100.5353646410964</ele></trkpt><trkpt lat="58.508664993569255" lon="15.027663996443152"><ele>100.4225528812078</ele></trkpt><trkpt lat="58.50867697969079" lon="15.027288990095258"><ele>100.4275064638936</ele></trkpt><trkpt lat="58.50865895859897" lon="15.027115987613797"><ele>100.4298323546892</ele></trkpt><trkpt lat="58.508602967485785" lon="15.026976931840181"><ele>100.4321472152149</ele></trkpt><trkpt lat="58.50852694362402" lon="15.026880959048867"><ele>100.43444572834835</ele></trkpt><trkpt lat="58.50835897028446" lon="15.02671793103218"><ele>100.43919915568367</ele></trkpt><trkpt lat="58.5082189925015" lon="15.026493966579437"><ele>100.44380374970133</ele></trkpt><trkpt lat="58.50790391676128" lon="15.025637922808528"><ele>100.45761085331837</ele></trkpt><trkpt lat="58.50786695256829" lon="15.025473972782493"><ele>100.45996527368654</ele></trkpt><trkpt lat="58.50785496644676" lon="15.024945996701717"><ele>100.46693319660876</ele></trkpt><trkpt lat="58.50780392065644" lon="15.024778945371509"><ele>100.46948492033884</ele></trkpt><trkpt lat="58.50773099809885" lon="15.024643996730447"><ele>100.47204492440659</ele></trkpt><trkpt lat="58.50755598396063" lon="15.024407962337136"><ele>100.47744849462573</ele></trkpt><trkpt lat="58.50749395787716" lon="15.02424493432045"><ele>100.48010771665342</ele></trkpt><trkpt lat="58.5073209553957" lon="15.023380927741528"><ele>100.49230796743399</ele></trkpt><trkpt lat="58.5070429276675" lon="15.022129928693175"><ele>100.51023337396417</ele></trkpt><trkpt lat="58.506906973198056" lon="15.021595917642117"><ele>100.51806614792059</ele></trkpt><trkpt lat="58.506751991808414" lon="15.021080933511257"><ele>100.52590255808423</ele></trkpt><trkpt lat="58.50666398182511" lon="15.020823944360018"><ele>100.52995428903198</ele></trkpt><trkpt lat="58.50637597963214" lon="15.020155990496278"><ele>100.54137400161969</ele></trkpt><trkpt lat="58.50596694275737" lon="15.019460963085294"><ele>100.5551788349582</ele></trkpt><trkpt lat="58.50565396249294" lon="15.01904496923089"><ele>100.57549358672985</ele></trkpt><trkpt lat="58.50489498116076" lon="15.017952974885702"><ele>100.69493082157335</ele></trkpt><trkpt lat="58.50459197536111" lon="15.017544943839312"><ele>100.7415341814373</ele></trkpt><trkpt lat="58.504027957096696" lon="15.016699964180589"><ele>100.83163153537636</ele></trkpt><trkpt lat="58.5033889207989" lon="15.015817936509848"><ele>100.93073806470211</ele></trkpt><trkpt lat="58.503183983266354" lon="15.015566982328892"><ele>100.96134213087052</ele></trkpt><trkpt lat="58.5028069652617" lon="15.015054931864142"><ele>101.01949489788866</ele></trkpt><trkpt lat="58.502538995817304" lon="15.014650924131274"><ele>101.06240516090796</ele></trkpt><trkpt lat="58.500868985429406" lon="15.012282952666283"><ele>101.3898119592775</ele></trkpt><trkpt lat="58.50072397850454" lon="15.012053959071636"><ele>101.43760407460893</ele></trkpt><trkpt lat="58.50019097328186" lon="15.011322973296046"><ele>101.60430101227062</ele></trkpt><trkpt lat="58.49987497553229" lon="15.010844953358173"><ele>101.70669731093658</ele></trkpt><trkpt lat="58.49935496225953" lon="15.010136933997273"><ele>101.86893494450337</ele></trkpt><trkpt lat="58.49902697838843" lon="15.009622955694795"><ele>101.9767006014371</ele></trkpt><trkpt lat="58.49826296791434" lon="15.008575972169638"><ele>102.21558556760995</ele></trkpt><trkpt lat="58.49785594269633" lon="15.00793794170022"><ele>102.34933936926589</ele></trkpt><trkpt lat="58.49762996658683" lon="15.007652956992388"><ele>102.41813883507027</ele></trkpt><trkpt lat="58.4973119571805" lon="15.007174937054515"><ele>102.52093969539754</ele></trkpt><trkpt lat="58.49651492200792" lon="15.006072968244553"><ele>102.72984399042967</ele></trkpt><trkpt lat="58.49611594341695" lon="15.005476931110024"><ele>102.80712627409791</ele></trkpt><trkpt lat="58.49582199007273" lon="15.005088932812214"><ele>102.86164942931235</ele></trkpt><trkpt lat="58.495474979281425" lon="15.004551988095045"><ele>102.92978640247252</ele></trkpt><trkpt lat="58.495085975155234" lon="15.00404597260058"><ele>103.00160471396825</ele></trkpt><trkpt lat="58.49456193856895" lon="15.003495952114463"><ele>103.09286259431396</ele></trkpt><trkpt lat="58.492964934557676" lon="15.001999950036407"><ele>103.36435184989878</ele></trkpt><trkpt lat="58.49264591932297" lon="15.001668948680162"><ele>103.41976080741686</ele></trkpt><trkpt lat="58.49245799705386" lon="15.001429980620742"><ele>103.4542120769265</ele></trkpt><trkpt lat="58.492164965718985" lon="15.001011975109577"><ele>103.51001849162056</ele></trkpt><trkpt lat="58.49188098683953" lon="15.00054795295"><ele>104.30827333949736</ele></trkpt><trkpt lat="58.491607988253236" lon="15.000000949949026"><ele>105.21616840215655</ele></trkpt><trkpt lat="58.49096995778382" lon="14.998533949255943"><ele>107.5071012756655</ele></trkpt><trkpt lat="58.490682961419225" lon="14.997803969308734"><ele>108.60360946424693</ele></trkpt><trkpt lat="58.48979297094047" lon="14.995683934539557"><ele>111.86779952983696</ele></trkpt><trkpt lat="58.48923993296921" lon="14.994534943252802"><ele>113.74286153447133</ele></trkpt><trkpt lat="58.488875990733504" lon="14.993897918611765"><ele>114.87578360173208</ele></trkpt><trkpt lat="58.48848698660731" lon="14.993387963622808"><ele>115.95885136160405</ele></trkpt><trkpt lat="58.48794995807111" lon="14.992544995620847"><ele>116.40515047678976</ele></trkpt><trkpt lat="58.48721796646714" lon="14.991539921611547"><ele>116.66138759146031</ele></trkpt><trkpt lat="58.486065957695246" lon="14.989830935373902"><ele>117.07596714717465</ele></trkpt><trkpt lat="58.48560193553567" lon="14.989106990396976"><ele>117.24625073732747</ele></trkpt><trkpt lat="58.48534896969795" lon="14.988689990714192"><ele>117.34121596163665</ele></trkpt><trkpt lat="58.48510899581015" lon="14.988226974382997"><ele>117.43814577034674</ele></trkpt><trkpt lat="58.48493197001517" lon="14.987820954993367"><ele>117.51674450101632</ele></trkpt><trkpt lat="58.4847679361701" lon="14.987364979460835"><ele>117.59903100675534</ele></trkpt><trkpt lat="58.484601974487305" lon="14.98683993704617"><ele>117.69024483362658</ele></trkpt><trkpt lat="58.48443693481386" lon="14.986234931275249"><ele>117.79169607280181</ele></trkpt><trkpt lat="58.483894960954785" lon="14.983971985056996"><ele>118.09151655934312</ele></trkpt><trkpt lat="58.48353696987033" lon="14.98239291831851"><ele>118.29499469627558</ele></trkpt><trkpt lat="58.48317495547235" lon="14.981012921780348"><ele>118.47753046703079</ele></trkpt><trkpt lat="58.48301695659757" lon="14.980513947084546"><ele>118.54649864993964</ele></trkpt><trkpt lat="58.482564920559525" lon="14.979246938601136"><ele>118.72784934654686</ele></trkpt><trkpt lat="58.48234296776354" lon="14.97871795669198"><ele>118.80804094094883</ele></trkpt><trkpt lat="58.482259986922145" lon="14.978566998615861"><ele>118.83393879111898</ele></trkpt><trkpt lat="58.4821879863739" lon="14.978374969214201"><ele>118.86187728548984</ele></trkpt><trkpt lat="58.48190392367542" lon="14.977530995383859"><ele>118.98054920337177</ele></trkpt><trkpt lat="58.48090999759734" lon="14.974789945408702"><ele>117.06411522305982</ele></trkpt><trkpt lat="58.48070497624576" lon="14.974292982369661"><ele>116.56776350677139</ele></trkpt><trkpt lat="58.47992696799338" lon="14.972149981185794"><ele>114.52212179307959</ele></trkpt><trkpt lat="58.479705937206745" lon="14.971584957093"><ele>113.96881322352961</ele></trkpt><trkpt lat="58.47936697304249" lon="14.970429930835962"><ele>112.93026149842775</ele></trkpt><trkpt lat="58.47910797223449" lon="14.969299966469407"><ele>111.9628686744253</ele></trkpt><trkpt lat="58.47900294698775" lon="14.968911968171597"><ele>111.62028753193842</ele></trkpt><trkpt lat="58.47887998446822" lon="14.968322971835732"><ele>111.12300492229055</ele></trkpt><trkpt lat="58.47857396118343" lon="14.96715696528554"><ele>110.3016531308437</ele></trkpt><trkpt lat="58.47844898700714" lon="14.966588923707604"><ele>109.96589517212058</ele></trkpt><trkpt lat="58.478330969810486" lon="14.966219952329993"><ele>109.73024115456992</ele></trkpt><trkpt lat="58.477707942947745" lon="14.963807975873351"><ele>108.26453161924152</ele></trkpt><trkpt lat="58.477400997653604" lon="14.962419932708144"><ele>107.44343492124608</ele></trkpt><trkpt lat="58.47715892829001" lon="14.960997942835093"><ele>106.62866660915434</ele></trkpt><trkpt lat="58.47696195356548" lon="14.959610989317298"><ele>105.84563241892772</ele></trkpt><trkpt lat="58.47658392973244" lon="14.956447994336486"><ele>104.03532807047259</ele></trkpt><trkpt lat="58.47638896666467" lon="14.954980993643403"><ele>103.17198538114671</ele></trkpt><trkpt lat="58.476269943639636" lon="14.954261993989348"><ele>102.74182287800161</ele></trkpt><trkpt lat="58.47610197030008" lon="14.9535149987787"><ele>102.27802168164814</ele></trkpt><trkpt lat="58.47598294727504" lon="14.953050976619124"><ele>101.98321983948736</ele></trkpt><trkpt lat="58.47585193812847" lon="14.952625930309296"><ele>101.70179214260087</ele></trkpt><trkpt lat="58.475640965625644" lon="14.952027965337038"><ele>101.29033546946837</ele></trkpt><trkpt lat="58.47526696510613" lon="14.951047953218222"><ele>100.59829036761202</ele></trkpt><trkpt lat="58.47436892800033" lon="14.949018945917487"><ele>99.08198544692308</ele></trkpt><trkpt lat="58.47395796328783" lon="14.948191987350583"><ele>98.44009138989152</ele></trkpt><trkpt lat="58.47310099750757" lon="14.94674895890057"><ele>97.21620544859337</ele></trkpt><trkpt lat="58.47109294496477" lon="14.943709932267666"><ele>94.47133918553821</ele></trkpt><trkpt lat="58.47054292447865" lon="14.942913986742496"><ele>93.73200050155504</ele></trkpt><trkpt lat="58.47002299502492" lon="14.94221393018961"><ele>93.05040984929856</ele></trkpt><trkpt lat="58.46993297338486" lon="14.942068923264742"><ele>92.98561618461221</ele></trkpt><trkpt lat="58.46962192095816" lon="14.941647984087467"><ele>92.90806103212542</ele></trkpt><trkpt lat="58.46920399926603" lon="14.94115998968482"><ele>92.80840069150521</ele></trkpt><trkpt lat="58.46864492632449" lon="14.94055992923677"><ele>92.67791809269777</ele></trkpt><trkpt lat="58.468122985213995" lon="14.939969927072525"><ele>92.5545180060573</ele></trkpt><trkpt lat="58.46687198616564" lon="14.938641982153058"><ele>92.26330947090423</ele></trkpt><trkpt lat="58.46657099202275" lon="14.938270999118686"><ele>92.19042641589672</ele></trkpt><trkpt lat="58.466058941558" lon="14.937533978372812"><ele>92.05998536897953</ele></trkpt><trkpt lat="58.46550598740578" lon="14.936549942940474"><ele>91.90624450505825</ele></trkpt><trkpt lat="58.46516492776573" lon="14.935892969369888"><ele>91.94732747603149</ele></trkpt><trkpt lat="58.46508597023785" lon="14.935711920261383"><ele>91.97663725724873</ele></trkpt><trkpt lat="58.46483996137977" lon="14.93497297167778"><ele>92.08554922111709</ele></trkpt><trkpt lat="58.464430924504995" lon="14.93385692127049"><ele>92.25499426088032</ele></trkpt><trkpt lat="58.464233949780464" lon="14.933209922164679"><ele>92.34807689313301</ele></trkpt><trkpt lat="58.46353699453175" lon="14.931101957336068"><ele>92.65815770023586</ele></trkpt><trkpt lat="58.46338394097984" lon="14.930699961259961"><ele>92.71998278535558</ele></trkpt><trkpt lat="58.463032990694046" lon="14.929633950814605"><ele>92.87660389394003</ele></trkpt><trkpt lat="58.46269394271076" lon="14.92893498390913"><ele>92.99513742476574</ele></trkpt><trkpt lat="58.46233695745468" lon="14.928304916247725"><ele>93.11063683182934</ele></trkpt><trkpt lat="58.46196295693517" lon="14.92777694016695"><ele>93.16058496117901</ele></trkpt><trkpt lat="58.46164997667074" lon="14.92745197378099"><ele>93.08294735563562</ele></trkpt><trkpt lat="58.46144596114755" lon="14.927211999893188"><ele>93.0307315473648</ele></trkpt><trkpt lat="58.46123297698796" lon="14.927008990198374"><ele>92.97885357178623</ele></trkpt><trkpt lat="58.461014963686466" lon="14.92683095857501"><ele>92.92717586230302</ele></trkpt><trkpt lat="58.46037693321705" lon="14.92622897028923"><ele>92.77207818280202</ele></trkpt><trkpt lat="58.459763964638114" lon="14.925619941204786"><ele>92.62149091027082</ele></trkpt><trkpt lat="58.45958098769188" lon="14.925381978973746"><ele>92.57324993899154</ele></trkpt><trkpt lat="58.45936892554164" lon="14.925143932923675"><ele>92.51964315975803</ele></trkpt><trkpt lat="58.45899995416403" lon="14.924665996804833"><ele>92.42248775019422</ele></trkpt><trkpt lat="58.45834398642182" lon="14.923710962757468"><ele>92.24274747887388</ele></trkpt><trkpt lat="58.45790795981884" lon="14.923017947003245"><ele>92.11913828958228</ele></trkpt><trkpt lat="58.45773294568062" lon="14.92278995923698"><ele>92.0729714392497</ele></trkpt><trkpt lat="58.4576699975878" lon="14.922626931220293"><ele>92.04986506723658</ele></trkpt><trkpt lat="58.45762993209064" lon="14.922434985637665"><ele>92.02629856242747</ele></trkpt><trkpt lat="58.457575952634215" lon="14.922037934884429"><ele>91.98650364035474</ele></trkpt><trkpt lat="58.457401944324374" lon="14.921100921928883"><ele>92.26981361368433</ele></trkpt><trkpt lat="58.45724495127797" lon="14.920140942558646"><ele>92.55639954693774</ele></trkpt><trkpt lat="58.4571139421314" lon="14.919578935950994"><ele>92.73171451703236</ele></trkpt><trkpt lat="58.45691495575011" lon="14.918840993195772"><ele>92.9682712906101</ele></trkpt><trkpt lat="58.45673197880387" lon="14.918332966044545"><ele>93.1440184266787</ele></trkpt><trkpt lat="58.456522934138775" lon="14.917878918349743"><ele>93.31636255934718</ele></trkpt><trkpt lat="58.456305926665664" lon="14.917340967804193"><ele>93.5099262633079</ele></trkpt><trkpt lat="58.455994958058" lon="14.916637977585196"><ele>93.77224929057546</ele></trkpt><trkpt lat="58.45565197058022" lon="14.915736922994256"><ele>94.08977398884504</ele></trkpt><trkpt lat="58.45515592955053" lon="14.914523977786303"><ele>94.5284723293073</ele></trkpt><trkpt lat="58.454202990978956" lon="14.912576945498586"><ele>95.377165191431</ele></trkpt><trkpt lat="58.45356998965144" lon="14.911416973918676"><ele>96.00218625972443</ele></trkpt><trkpt lat="58.45307797193527" lon="14.910606946796179"><ele>96.46502446207616</ele></trkpt><trkpt lat="58.452029982581735" lon="14.909120919182897"><ele>97.39508872434165</ele></trkpt><trkpt lat="58.45145699568093" lon="14.90846092812717"><ele>97.8719130437622</ele></trkpt><trkpt lat="58.451255997642875" lon="14.908276945352554"><ele>98.03075570227762</ele></trkpt><trkpt lat="58.45083698630333" lon="14.908005958423018"><ele>98.3460384763191</ele></trkpt><trkpt lat="58.450397942215204" lon="14.90781795233488"><ele>98.66672292853437</ele></trkpt><trkpt lat="58.45028595998883" lon="14.907798925414681"><ele>98.74685235925311</ele></trkpt><trkpt lat="58.44968397170305" lon="14.907789956778288"><ele>98.98528035377537</ele></trkpt><trkpt lat="58.449130933731794" lon="14.907742934301496"><ele>99.04699996790224</ele></trkpt><trkpt lat="58.44890395179391" lon="14.907703958451748"><ele>99.07240830092513</ele></trkpt><trkpt lat="58.44855794683099" lon="14.907590970396996"><ele>99.1115437608974</ele></trkpt><trkpt lat="58.448444958776236" lon="14.90753598511219"><ele>99.124542894979</ele></trkpt><trkpt lat="58.448227951303124" lon="14.907401958480477"><ele>99.14996931592991</ele></trkpt><trkpt lat="58.4480529371649" lon="14.90721294656396"><ele>99.17238201035414</ele></trkpt><trkpt lat="58.447817992419004" lon="14.906859984621406"><ele>99.2057010494762</ele></trkpt><trkpt lat="58.447608947753906" lon="14.906448936089873"><ele>99.23914163241842</ele></trkpt><trkpt lat="58.44735598191619" lon="14.905782993882895"><ele>99.28715079458553</ele></trkpt><trkpt lat="58.44725992530584" lon="14.905415950343013"><ele>99.31109323123997</ele></trkpt><trkpt lat="58.44722698442638" lon="14.90521696396172"><ele>99.32326942219348</ele></trkpt><trkpt lat="58.44717996194959" lon="14.904568959027529"><ele>99.36143666247165</ele></trkpt><trkpt lat="58.447040989995" lon="14.901276966556907"><ele>99.55412036407988</ele></trkpt><trkpt lat="58.447023" lon="14.901153"><ele>99.56162573888926</ele></trkpt><trkpt lat="58.447008" lon="14.901049"><ele>99.56707459781607</ele></trkpt><trkpt lat="58.447008" lon="14.901049"><ele>99.56707459781607</ele></trkpt><trkpt lat="58.447003" lon="14.901015"><ele>99.55517673190458</ele></trkpt><trkpt lat="58.446919" lon="14.9006"><ele>99.4052740978817</ele></trkpt><trkpt lat="58.446907" lon="14.900543"><ele>99.38457572167886</ele></trkpt><trkpt lat="58.446811" lon="14.900074"><ele>99.21491756098382</ele></trkpt><trkpt lat="58.446778" lon="14.899912"><ele>99.15635228726504</ele></trkpt><trkpt lat="58.446722" lon="14.899655"><ele>99.06256554796592</ele></trkpt><trkpt lat="58.446676" lon="14.899453"><ele>98.98834933646862</ele></trkpt><trkpt lat="58.446647" lon="14.89933"><ele>98.94290013192058</ele></trkpt><trkpt lat="58.446624" lon="14.899233"><ele>98.90702357176718</ele></trkpt><trkpt lat="58.446589" lon="14.8991"><ele>98.85687042456644</ele></trkpt><trkpt lat="58.446521" lon="14.898838"><ele>98.75834488963918</ele></trkpt><trkpt lat="58.446491" lon="14.898744"><ele>98.72125218318078</ele></trkpt><trkpt lat="58.446418" lon="14.898532"><ele>98.63575562239544</ele></trkpt><trkpt lat="58.446369" lon="14.898383"><ele>98.57646927826333</ele></trkpt><trkpt lat="58.446342" lon="14.898319"><ele>98.54877399830315</ele></trkpt><trkpt lat="58.44625" lon="14.898099"><ele>98.45389880054192</ele></trkpt><trkpt lat="58.446224" lon="14.898031"><ele>98.42552642354217</ele></trkpt><trkpt lat="58.446161" lon="14.897869"><ele>98.35752897357155</ele></trkpt><trkpt lat="58.446161" lon="14.897869"><ele>98.35752897357155</ele></trkpt><trkpt lat="58.44604698009789" lon="14.897540984675288"><ele>98.22486383556723</ele></trkpt><trkpt lat="58.44564791768789" lon="14.896023944020271"><ele>97.65283703101353</ele></trkpt><trkpt lat="58.44546494074166" lon="14.895027922466397"><ele>97.29720060203039</ele></trkpt><trkpt lat="58.44541096128523" lon="14.89464696496725"><ele>97.16423380143097</ele></trkpt><trkpt lat="58.44532496295869" lon="14.892978966236115"><ele>96.59956014272811</ele></trkpt><trkpt lat="58.445227984339" lon="14.892385946586728"><ele>96.39024183680026</ele></trkpt><trkpt lat="58.444852977991104" lon="14.891075938940048"><ele>95.97191842122827</ele></trkpt><trkpt lat="58.44476597383618" lon="14.890673942863941"><ele>95.93543967377389</ele></trkpt><trkpt lat="58.44449398107827" lon="14.88976894877851"><ele>95.84792573183022</ele></trkpt><trkpt lat="58.44402895309031" lon="14.888062980026007"><ele>95.68662521732998</ele></trkpt><trkpt lat="58.44373198226094" lon="14.886827990412712"><ele>95.57265233426195</ele></trkpt><trkpt lat="58.44362092204392" lon="14.886428928002715"><ele>95.53475003839871</ele></trkpt><trkpt lat="58.4432799462229" lon="14.884743997827172"><ele>95.38325796134039</ele></trkpt><trkpt lat="58.44305799342692" lon="14.883757950738072"><ele>95.29324451466488</ele></trkpt><trkpt lat="58.44266999512911" lon="14.882262954488397"><ele>95.1533046527463</ele></trkpt><trkpt lat="58.44250696711242" lon="14.881749982014298"><ele>95.07027006982334</ele></trkpt><trkpt lat="58.442362966015935" lon="14.881424931809306"><ele>94.90489543755419</ele></trkpt><trkpt lat="58.442276967689395" lon="14.881306998431683"><ele>94.82635273113918</ele></trkpt><trkpt lat="58.44199298880994" lon="14.88104498013854"><ele>94.59236401243821</ele></trkpt><trkpt lat="58.441675985231996" lon="14.88083099015057"><ele>94.34290435383856</ele></trkpt><trkpt lat="58.44083092175424" lon="14.880157923325896"><ele>93.66358286194915</ele></trkpt><trkpt lat="58.44041593372822" lon="14.879866987466812"><ele>93.33559371877539</ele></trkpt><trkpt lat="58.44009096734226" lon="14.879693984985352"><ele>93.08528813551779</ele></trkpt><trkpt lat="58.4396499954164" lon="14.879567921161652"><ele>92.75445084184842</ele></trkpt><trkpt lat="58.439420918002725" lon="14.879477983340621"><ele>92.58092707660896</ele></trkpt><trkpt lat="58.43910198658705" lon="14.879278996959329"><ele>92.33198616539863</ele></trkpt><trkpt lat="58.43855598941445" lon="14.878976996988058"><ele>91.91022814646784</ele></trkpt><trkpt lat="58.43824896030128" lon="14.878777926787734"><ele>91.6696555987612</ele></trkpt><trkpt lat="58.43747899867594" lon="14.878374924883246"><ele>91.0773032188536</ele></trkpt><trkpt lat="58.43727498315275" lon="14.878246933221817"><ele>91</ele></trkpt><trkpt lat="58.43640393577516" lon="14.877770924940705"><ele>91</ele></trkpt><trkpt lat="58.435873948037624" lon="14.877430954948068"><ele>91</ele></trkpt><trkpt lat="58.43532795086503" lon="14.877125937491655"><ele>91</ele></trkpt><trkpt lat="58.43524396419525" lon="14.877049997448921"><ele>91</ele></trkpt><trkpt lat="58.43516098335385" lon="14.87694094888866"><ele>91</ele></trkpt><trkpt lat="58.4350289683789" lon="14.876698963344097"><ele>91</ele></trkpt><trkpt lat="58.43494892120361" lon="14.87659796141088"><ele>91</ele></trkpt><trkpt lat="58.43476292677224" lon="14.876420935615897"><ele>91</ele></trkpt><trkpt lat="58.43459294177592" lon="14.876173920929432"><ele>91</ele></trkpt><trkpt lat="58.434072928503156" lon="14.875083938241005"><ele>91</ele></trkpt><trkpt lat="58.43367696739733" lon="14.874122953042388"><ele>91</ele></trkpt><trkpt lat="58.43354998156428" lon="14.873784994706511"><ele>91</ele></trkpt><trkpt lat="58.43326893635094" lon="14.87292098812759"><ele>91</ele></trkpt><trkpt lat="58.43300993554294" lon="14.872024962678552"><ele>91.00531231032409</ele></trkpt><trkpt lat="58.43264297582209" lon="14.87062493339181"><ele>91.0276657923819</ele></trkpt><trkpt lat="58.43233997002244" lon="14.869083920493722"><ele>91.0511675978527</ele></trkpt><trkpt lat="58.43182096257806" lon="14.866631962358952"><ele>91.08892794205491</ele></trkpt><trkpt lat="58.43160697259009" lon="14.865518929436803"><ele>91.10585682652453</ele></trkpt><trkpt lat="58.43153899535537" lon="14.86505993641913"><ele>91.11266723483115</ele></trkpt><trkpt lat="58.43146397732198" lon="14.864335991442204"><ele>91.1232038427236</ele></trkpt><trkpt lat="58.431380996480584" lon="14.863112987950444"><ele>91.14081126699512</ele></trkpt><trkpt lat="58.431320982053876" lon="14.859553948044777"><ele>92.11159792536738</ele></trkpt><trkpt lat="58.43128996901214" lon="14.85887493006885"><ele>92.34230445109395</ele></trkpt><trkpt lat="58.43120698817074" lon="14.85777991823852"><ele>92.71680677218515</ele></trkpt><trkpt lat="58.431017976254225" lon="14.856310989707708"><ele>93.22880910118586</ele></trkpt><trkpt lat="58.43089593574405" lon="14.855508925393224"><ele>93.51152797015159</ele></trkpt><trkpt lat="58.43059695325792" lon="14.853768926113844"><ele>94.1314025532161</ele></trkpt><trkpt lat="58.43030299991369" lon="14.852193966507912"><ele>94.69737121974931</ele></trkpt><trkpt lat="58.43009194359183" lon="14.85120096243918"><ele>95.0467501464989</ele></trkpt><trkpt lat="58.42971693724394" lon="14.849616950377822"><ele>95.61103094719752</ele></trkpt><trkpt lat="58.42922994866967" lon="14.847921961918473"><ele>96.23861673583508</ele></trkpt><trkpt lat="58.42851094901562" lon="14.845743924379349"><ele>97.07441066114885</ele></trkpt><trkpt lat="58.42798196710646" lon="14.844063939526677"><ele>97.71076671590345</ele></trkpt><trkpt lat="58.426680928096175" lon="14.83916798606515"><ele>98.1046086789237</ele></trkpt><trkpt lat="58.426159992814064" lon="14.83697796240449"><ele>98.06594997758994</ele></trkpt><trkpt lat="58.42609595507383" lon="14.836788950487971"><ele>98.06233177749287</ele></trkpt><trkpt lat="58.425948936492205" lon="14.836450992152095"><ele>98.05527020264346</ele></trkpt><trkpt lat="58.42541995458305" lon="14.835508950054646"><ele>98.03306965357903</ele></trkpt><trkpt lat="58.424854930490255" lon="14.83461694791913"><ele>98.0105682212688</ele></trkpt><trkpt lat="58.42441597022116" lon="14.833888979628682"><ele>98.06630239128098</ele></trkpt><trkpt lat="58.42412897385657" lon="14.83345496468246"><ele>98.16868973365783</ele></trkpt><trkpt lat="58.42353595420718" lon="14.83272297307849"><ele>98.36617769159541</ele></trkpt><trkpt lat="58.423088947311044" lon="14.832118973135948"><ele>98.51932882275024</ele></trkpt><trkpt lat="58.422144977375865" lon="14.83094491995871"><ele>98.83440064188402</ele></trkpt><trkpt lat="58.42157199047506" lon="14.830198930576444"><ele>99.02835780074699</ele></trkpt><trkpt lat="58.42037295922637" lon="14.828691948205233"><ele>99.4298273400469</ele></trkpt><trkpt lat="58.418966978788376" lon="14.826979944482446"><ele>99.87387915798891</ele></trkpt><trkpt lat="58.41849893331528" lon="14.826378962025046"><ele>100.02145611042769</ele></trkpt><trkpt lat="58.417589999735355" lon="14.825300965458155"><ele>100.30141930768657</ele></trkpt><trkpt lat="58.41725799255073" lon="14.82483895495534"><ele>100.40891095504742</ele></trkpt><trkpt lat="58.416990945115685" lon="14.824541984125972"><ele>100.48977040866043</ele></trkpt><trkpt lat="58.416646951809525" lon="14.824096988886595"><ele>100.59848788342458</ele></trkpt><trkpt lat="58.41628594323993" lon="14.823671942576766"><ele>100.70946022649392</ele></trkpt><trkpt lat="58.41549091972411" lon="14.82264993712306"><ele>100.96023108131317</ele></trkpt><trkpt lat="58.414389956742525" lon="14.821322998031974"><ele>101.62252611947905</ele></trkpt><trkpt lat="58.41345294378698" lon="14.820273919031024"><ele>102.2105475277928</ele></trkpt><trkpt lat="58.412389950826764" lon="14.819000959396362"><ele>102.88981606137378</ele></trkpt><trkpt lat="58.41154295951128" lon="14.817903935909271"><ele>103.44388253575904</ele></trkpt><trkpt lat="58.411039961501956" lon="14.817216955125332"><ele>103.77867973925552</ele></trkpt><trkpt lat="58.41010697185993" lon="14.81583897024393"><ele>104.44738038327134</ele></trkpt><trkpt lat="58.40939794667065" lon="14.814630970358849"><ele>104.99898479853208</ele></trkpt><trkpt lat="58.40874994173646" lon="14.813383994624019"><ele>105.5330463261001</ele></trkpt><trkpt lat="58.40844593010843" lon="14.812759961932898"><ele>105.79215958529694</ele></trkpt><trkpt lat="58.40809992514551" lon="14.811978936195374"><ele>106.10317478621862</ele></trkpt><trkpt lat="58.40794192627072" lon="14.811664950102568"><ele>106.23555729652371</ele></trkpt><trkpt lat="58.40761394239962" lon="14.810829944908619"><ele>106.55289844174474</ele></trkpt><trkpt lat="58.40739492326975" lon="14.810355948284268"><ele>106.74507971635146</ele></trkpt><trkpt lat="58.40723994188011" lon="14.810067946091294"><ele>106.87062280484264</ele></trkpt><trkpt lat="58.40689997188747" lon="14.809587998315692"><ele>107.11605426732585</ele></trkpt><trkpt lat="58.406803999096155" lon="14.809472998604178"><ele>107.18182563054722</ele></trkpt><trkpt lat="58.40649395249784" lon="14.809167981147766"><ele>107.14224935565268</ele></trkpt><trkpt lat="58.406073935329914" lon="14.808818958699703"><ele>107.0242506112054</ele></trkpt><trkpt lat="58.40579196810722" lon="14.808552917093039"><ele>106.94323056200757</ele></trkpt><trkpt lat="58.404998956248164" lon="14.808003986254334"><ele>106.72594315682277</ele></trkpt><trkpt lat="58.404889991506934" lon="14.807945983484387"><ele>106.69680416898105</ele></trkpt><trkpt lat="58.404481960460544" lon="14.80765094049275"><ele>106.58441120501216</ele></trkpt><trkpt lat="58.40427693910897" lon="14.80748095549643"><ele>106.52683299746106</ele></trkpt><trkpt lat="58.40395892970264" lon="14.80717794969678"><ele>106.43527813155912</ele></trkpt><trkpt lat="58.40356699191034" lon="14.806699929758906"><ele>106.3154682475063</ele></trkpt><trkpt lat="58.403368927538395" lon="14.806483928114176"><ele>106.25670837389563</ele></trkpt><trkpt lat="58.402527971193194" lon="14.805440967902541"><ele>105.99837317614923</ele></trkpt><trkpt lat="58.40120597742498" lon="14.803862990811467"><ele>106.24564718365738</ele></trkpt><trkpt lat="58.400683952495456" lon="14.803175926208496"><ele>106.63321494117963</ele></trkpt><trkpt lat="58.40034197084606" lon="14.802684998139739"><ele>106.89475849931705</ele></trkpt><trkpt lat="58.40002899058163" lon="14.802200943231583"><ele>107.14097528239485</ele></trkpt><trkpt lat="58.399927988648415" lon="14.802091978490353"><ele>107.21188707436369</ele></trkpt><trkpt lat="58.39918895624578" lon="14.801108948886395"><ele>107.76246357788153</ele></trkpt><trkpt lat="58.399009918794036" lon="14.80092697776854"><ele>107.88644052635402</ele></trkpt><trkpt lat="58.39876692742109" lon="14.800617936998606"><ele>108.0649121539757</ele></trkpt><trkpt lat="58.39840994216502" lon="14.800224993377924"><ele>108.31678904946897</ele></trkpt><trkpt lat="58.39804893359542" lon="14.799798941239715"><ele>108.57621669313603</ele></trkpt><trkpt lat="58.397884983569384" lon="14.799576988443732"><ele>108.69907426838434</ele></trkpt><trkpt lat="58.397520957514644" lon="14.799197958782315"><ele>108.95252505979951</ele></trkpt><trkpt lat="58.39687094092369" lon="14.798452975228429"><ele>109.22602324777503</ele></trkpt><trkpt lat="58.396514961495996" lon="14.797970931977034"><ele>109.28142285633021</ele></trkpt><trkpt lat="58.395849941298366" lon="14.796915985643864"><ele>109.3911815435071</ele></trkpt><trkpt lat="58.39521693997085" lon="14.795714942738414"><ele>109.50447640372978</ele></trkpt><trkpt lat="58.395007979124784" lon="14.795205993577838"><ele>109.54747961013997</ele></trkpt><trkpt lat="58.394754929468036" lon="14.794490933418274"><ele>109.60486854176159</ele></trkpt><trkpt lat="58.394534988328815" lon="14.793738992884755"><ele>109.66214524538734</ele></trkpt><trkpt lat="58.39434094727039" lon="14.79297598823905"><ele>109.71855526171734</ele></trkpt><trkpt lat="58.39411295950413" lon="14.792015925049782"><ele>109.78866291778468</ele></trkpt><trkpt lat="58.39394993148744" lon="14.791227942332625"><ele>109.84501153189778</ele></trkpt><trkpt lat="58.393849935382605" lon="14.790658978745341"><ele>109.88308308649451</ele></trkpt><trkpt lat="58.39364893734455" lon="14.789313934743404"><ele>109.94385917199799</ele></trkpt><trkpt lat="58.39319991879165" lon="14.785691946744919"><ele>110.10559107182418</ele></trkpt><trkpt lat="58.39279197156429" lon="14.782828940078616"><ele>110.2345167322435</ele></trkpt><trkpt lat="58.39259692467749" lon="14.781588921323419"><ele>110.29077566358465</ele></trkpt><trkpt lat="58.39231696911156" lon="14.779916983097792"><ele>110.22775953105328</ele></trkpt><trkpt lat="58.392107924446464" lon="14.77881895378232"><ele>110.02547950540774</ele></trkpt><trkpt lat="58.39176292531192" lon="14.776831939816475"><ele>109.66303512552724</ele></trkpt><trkpt lat="58.39137492701411" lon="14.774785917252302"><ele>109.2862807197889</ele></trkpt><trkpt lat="58.39111793786287" lon="14.7731869854033"><ele>108.99669081679195</ele></trkpt><trkpt lat="58.39073698036373" lon="14.771093940362334"><ele>108.61303320467304</ele></trkpt><trkpt lat="58.39051293209195" lon="14.769981997087598"><ele>108.41468020935747</ele></trkpt><trkpt lat="58.3903999440372" lon="14.76957798935473"><ele>108.3415826683376</ele></trkpt><trkpt lat="58.390130968764424" lon="14.768757987767458"><ele>108.18716599536513</ele></trkpt><trkpt lat="58.38971799239516" lon="14.767690971493721"><ele>107.97543180304412</ele></trkpt><trkpt lat="58.38910896331072" lon="14.766294965520501"><ele>107.68548974472975</ele></trkpt><trkpt lat="58.38818594813347" lon="14.764268975704908"><ele>107.25697345182816</ele></trkpt><trkpt lat="58.387964917346835" lon="14.763742927461863"><ele>107.14934512017997</ele></trkpt><trkpt lat="58.38733392767608" lon="14.762395955622196"><ele>106.86095385609401</ele></trkpt><trkpt lat="58.38659699074924" lon="14.760755952447653"><ele>106.36061308851127</ele></trkpt><trkpt lat="58.38598896749318" lon="14.759464971721172"><ele>105.94194915571374</ele></trkpt><trkpt lat="58.3852159883827" lon="14.757731929421425"><ele>105.39302011506759</ele></trkpt><trkpt lat="58.384331949055195" lon="14.755848934873939"><ele>104.78321533441029</ele></trkpt><trkpt lat="58.38410798460245" lon="14.755331939086318"><ele>104.6214167841722</ele></trkpt><trkpt lat="58.38339795358479" lon="14.753849934786558"><ele>104.09083996370266</ele></trkpt><trkpt lat="58.3831019885838" lon="14.753155997022986"><ele>103.79998526284672</ele></trkpt><trkpt lat="58.38207193650305" lon="14.751052977517247"><ele>102.86422935289848</ele></trkpt><trkpt lat="58.381258975714445" lon="14.74951196461916"><ele>102.15341201999583</ele></trkpt><trkpt lat="58.381111957132816" lon="14.74918993189931"><ele>102.0145683480448</ele></trkpt><trkpt lat="58.38076293468475" lon="14.748594984412193"><ele>101.72426273702159</ele></trkpt><trkpt lat="58.37984897196293" lon="14.746864959597588"><ele>100.92567815888016</ele></trkpt><trkpt lat="58.37927497923374" lon="14.745723931118846"><ele>100.97609734875525</ele></trkpt><trkpt lat="58.37782692164183" lon="14.742995956912637"><ele>101.40470226673628</ele></trkpt><trkpt lat="58.37757596746087" lon="14.742560936138034"><ele>101.47611479926093</ele></trkpt><trkpt lat="58.37681899778545" lon="14.74111095070839"><ele>101.70203704237743</ele></trkpt><trkpt lat="58.37544595822692" lon="14.738580957055092"><ele>102.66913413675996</ele></trkpt><trkpt lat="58.37482393719256" lon="14.737528944388032"><ele>103.79469853530262</ele></trkpt><trkpt lat="58.37457097135484" lon="14.737064922228456"><ele>104.2698830100995</ele></trkpt><trkpt lat="58.37362599559128" lon="14.735539918765426"><ele>105.94582850825881</ele></trkpt><trkpt lat="58.37316893041134" lon="14.734884956851602"><ele>106.71984859225927</ele></trkpt><trkpt lat="58.37231498211622" lon="14.733596993610263"><ele>108.193848288138</ele></trkpt><trkpt lat="58.3715389855206" lon="14.732403997331858"><ele>109.55791994999218</ele></trkpt><trkpt lat="58.3708999492228" lon="14.731386937201023"><ele>111.09073303136947</ele></trkpt><trkpt lat="58.37037499062717" lon="14.730596942827106"><ele>112.32222713356016</ele></trkpt><trkpt lat="58.36976093240082" lon="14.729610979557037"><ele>113.80051794704083</ele></trkpt><trkpt lat="58.369357930496335" lon="14.729005973786116"><ele>114.74505372229117</ele></trkpt><trkpt lat="58.36842494085431" lon="14.727699989452958"><ele>116.87641944120558</ele></trkpt><trkpt lat="58.3670249953866" lon="14.72585798241198"><ele>119.76531293978255</ele></trkpt><trkpt lat="58.36664395406842" lon="14.725305950269103"><ele>119.93293339058629</ele></trkpt><trkpt lat="58.36649693548679" lon="14.72506396472454"><ele>120.0009618444089</ele></trkpt><trkpt lat="58.365597976371646" lon="14.723789999261498"><ele>120.39328375227096</ele></trkpt><trkpt lat="58.365170918405056" lon="14.72321298904717"><ele>120.57661763543592</ele></trkpt><trkpt lat="58.36480597034097" lon="14.722756929695606"><ele>120.72945573987877</ele></trkpt><trkpt lat="58.3644659165293" lon="14.722279999405146"><ele>120.87731957392134</ele></trkpt><trkpt lat="58.364283945411444" lon="14.72207598388195"><ele>120.95126052659353</ele></trkpt><trkpt lat="58.36381698958576" lon="14.721607938408852"><ele>121.13604310674445</ele></trkpt><trkpt lat="58.363208966329694" lon="14.720889944583178"><ele>121.38655275131991</ele></trkpt><trkpt lat="58.36189795285463" lon="14.719397965818644"><ele>120.4415301270449</ele></trkpt><trkpt lat="58.361631995067" lon="14.719114992767572"><ele>119.96802116932454</ele></trkpt><trkpt lat="58.36146293208003" lon="14.718902930617332"><ele>119.65339597002544</ele></trkpt><trkpt lat="58.36110192351043" lon="14.718541922047734"><ele>119.01962334660696</ele></trkpt><trkpt lat="58.360313940793276" lon="14.71786793321371"><ele>117.67692579025743</ele></trkpt><trkpt lat="58.3599069993943" lon="14.717431990429759"><ele>116.95122065518868</ele></trkpt><trkpt lat="58.35896898061037" lon="14.716284926980734"><ele>115.21866290546194</ele></trkpt><trkpt lat="58.358762953430414" lon="14.716003965586424"><ele>114.82483738927701</ele></trkpt><trkpt lat="58.358420971781015" lon="14.715617978945374"><ele>114.20696730155619</ele></trkpt><trkpt lat="58.35787195712328" lon="14.714954970404506"><ele>113.19656925805265</ele></trkpt><trkpt lat="58.356937961652875" lon="14.713808996602893"><ele>112.0554009344986</ele></trkpt><trkpt lat="58.35636497475207" lon="14.7130729816854"><ele>111.38350292485633</ele></trkpt><trkpt lat="58.35563893429935" lon="14.712210986763239"><ele>110.55172381377024</ele></trkpt><trkpt lat="58.355241967365146" lon="14.711687956005335"><ele>110.08245312089807</ele></trkpt><trkpt lat="58.35452992469072" lon="14.710821937769651"><ele>109.26108639212448</ele></trkpt><trkpt lat="58.35196799598634" lon="14.70759691670537"><ele>107.53602396642242</ele></trkpt><trkpt lat="58.351222928613424" lon="14.706594944000244"><ele>107.46573562913954</ele></trkpt><trkpt lat="58.35088999941945" lon="14.706109967082739"><ele>107.43343540820925</ele></trkpt><trkpt lat="58.35071096196771" lon="14.705892959609628"><ele>107.41708048272217</ele></trkpt><trkpt lat="58.349847961217165" lon="14.704668950289488"><ele>107.33415964040519</ele></trkpt><trkpt lat="58.348923940211535" lon="14.70342691987753"><ele>107.24700132538871</ele></trkpt><trkpt lat="58.34791895002127" lon="14.70200794748962"><ele>110.31030222086935</ele></trkpt><trkpt lat="58.34733992815018" lon="14.701219964772463"><ele>112.8501741091791</ele></trkpt><trkpt lat="58.34693793207407" lon="14.700619988143444"><ele>114.67291550943833</ele></trkpt><trkpt lat="58.34558098576963" lon="14.698511939495802"><ele>120.92252984165725</ele></trkpt><trkpt lat="58.345293989405036" lon="14.698029980063438"><ele>122.28809024599727</ele></trkpt><trkpt lat="58.34479199722409" lon="14.697129931300879"><ele>124.74859719989624</ele></trkpt><trkpt lat="58.344541965052485" lon="14.69674595631659"><ele>125.89492087112393</ele></trkpt><trkpt lat="58.344324957579374" lon="14.696478992700577"><ele>126.81698698058499</ele></trkpt><trkpt lat="58.34407995454967" lon="14.696232983842492"><ele>127.02866839376033</ele></trkpt><trkpt lat="58.3434999268502" lon="14.695738954469562"><ele>127.10937960360087</ele></trkpt><trkpt lat="58.3431909698993" lon="14.695426980033517"><ele>127.1537992406418</ele></trkpt><trkpt lat="58.34291495382786" lon="14.695050967857242"><ele>127.1969035389645</ele></trkpt><trkpt lat="58.34158097393811" lon="14.692721972241998"><ele>127.42675374999283</ele></trkpt><trkpt lat="58.341212924569845" lon="14.691907921805978"><ele>127.49839267561086</ele></trkpt><trkpt lat="58.34075393155217" lon="14.690736969932914"><ele>127.59583823586844</ele></trkpt><trkpt lat="58.34063893184066" lon="14.690505964681506"><ele>127.61706728119847</ele></trkpt><trkpt lat="58.34050993435085" lon="14.690313935279846"><ele>127.63786364047718</ele></trkpt><trkpt lat="58.34035897627473" lon="14.690163983032107"><ele>127.65949076384479</ele></trkpt><trkpt lat="58.34020592272282" lon="14.690046971663833"><ele>127.68044109572146</ele></trkpt><trkpt lat="58.3400359377265" lon="14.689957955852151"><ele>127.70283621331829</ele></trkpt><trkpt lat="58.339859917759895" lon="14.689906993880868"><ele>127.64694941154275</ele></trkpt><trkpt lat="58.33967794664204" lon="14.689895929768682"><ele>127.58537538698356</ele></trkpt><trkpt lat="58.33941098302603" lon="14.68991193920374"><ele>127.49504348697835</ele></trkpt><trkpt lat="58.33900295197964" lon="14.689972959458828"><ele>127.35662276161744</ele></trkpt><trkpt lat="58.33860296756029" lon="14.690006989985704"><ele>127.22121307360436</ele></trkpt><trkpt lat="58.33775798790157" lon="14.689994920045137"><ele>126.93543263860698</ele></trkpt><trkpt lat="58.3354389667511" lon="14.689691998064518"><ele>126.14929733098302</ele></trkpt><trkpt lat="58.33457998931408" lon="14.689618991687894"><ele>125.85850186961974</ele></trkpt><trkpt lat="58.33397699519992" lon="14.689618991687894"><ele>124.41243792766309</ele></trkpt><trkpt lat="58.332575960084796" lon="14.689839938655496"><ele>120.56591543054913</ele></trkpt><trkpt lat="58.331326972693205" lon="14.689886961132288"><ele>117.14786217474987</ele></trkpt><trkpt lat="58.33048693835735" lon="14.689897941425443"><ele>114.84936899749155</ele></trkpt><trkpt lat="58.330103969201446" lon="14.689885955303907"><ele>113.80137600927019</ele></trkpt><trkpt lat="58.3292689640075" lon="14.689832981675863"><ele>111.51543028989653</ele></trkpt><trkpt lat="58.32883293740451" lon="14.689755951985717"><ele>110.55153132948244</ele></trkpt><trkpt lat="58.32869597710669" lon="14.689711946994066"><ele>110.4263961240543</ele></trkpt><trkpt lat="58.32840998657048" lon="14.689578926190734"><ele>110.16116638675922</ele></trkpt><trkpt lat="58.32778997719288" lon="14.68916293233633"><ele>109.56893282869183</ele></trkpt><trkpt lat="58.32695497199893" lon="14.688701927661896"><ele>108.78567945117199</ele></trkpt><trkpt lat="58.32672597840428" lon="14.688544934615493"><ele>108.56641196665063</ele></trkpt><trkpt lat="58.32600798457861" lon="14.687989968806505"><ele>107.86830385658651</ele></trkpt><trkpt lat="58.32570891827345" lon="14.68780598603189"><ele>107.58515689259679</ele></trkpt><trkpt lat="58.32538998685777" lon="14.687685957178473"><ele>107.29226487525894</ele></trkpt><trkpt lat="58.32471298053861" lon="14.687555953860283"><ele>106.67923606033776</ele></trkpt><trkpt lat="58.32437099888921" lon="14.687443971633911"><ele>106.36661275725488</ele></trkpt><trkpt lat="58.32383397035301" lon="14.687193939462304"><ele>105.86853716557818</ele></trkpt><trkpt lat="58.32309393212199" lon="14.68688397668302"><ele>105.93331038144537</ele></trkpt><trkpt lat="58.3223579172045" lon="14.686515927314758"><ele>106.29818365627591</ele></trkpt><trkpt lat="58.32141797058284" lon="14.686125917360187"><ele>106.75944944200373</ele></trkpt><trkpt lat="58.32082998007536" lon="14.685832969844341"><ele>107.05087266517</ele></trkpt><trkpt lat="58.32008399069309" lon="14.685511942952871"><ele>107.41758449181064</ele></trkpt><trkpt lat="58.319770926609635" lon="14.685329971835017"><ele>107.57453236501492</ele></trkpt><trkpt lat="58.319573951885104" lon="14.685193933546543"><ele>107.67499953578437</ele></trkpt><trkpt lat="58.318603998050094" lon="14.68443595804274"><ele>108.17772286749906</ele></trkpt><trkpt lat="58.31831398420036" lon="14.68417595140636"><ele>108.33173011395269</ele></trkpt><trkpt lat="58.31804299727082" lon="14.683880992233753"><ele>108.5745916539979</ele></trkpt><trkpt lat="58.31743991933763" lon="14.683172972872853"><ele>109.12584553137329</ele></trkpt><trkpt lat="58.317084945738316" lon="14.682817999273539"><ele>109.43780922413066</ele></trkpt><trkpt lat="58.316653948277235" lon="14.682352971285582"><ele>109.82324939971748</ele></trkpt><trkpt lat="58.316160924732685" lon="14.681765986606479"><ele>110.27567216702928</ele></trkpt><trkpt lat="58.31529398448765" lon="14.680452961474657"><ele>111.13759089447697</ele></trkpt><trkpt lat="58.31494797952473" lon="14.680024981498718"><ele>111.45862748833893</ele></trkpt><trkpt lat="58.314630975946784" lon="14.679549979045987"><ele>111.77250089316823</ele></trkpt><trkpt lat="58.314119931310415" lon="14.678839948028326"><ele>112.26474216262774</ele></trkpt><trkpt lat="58.31382296048105" lon="14.678534930571914"><ele>112.52728152383331</ele></trkpt><trkpt lat="58.3135249838233" lon="14.678317923098803"><ele>112.54060280764769</ele></trkpt><trkpt lat="58.312932970002294" lon="14.677957920357585"><ele>112.16832888846741</ele></trkpt><trkpt lat="58.311604941263795" lon="14.677069941535592"><ele>111.32518436644852</ele></trkpt><trkpt lat="58.310591988265514" lon="14.676451943814754"><ele>110.68801528843603</ele></trkpt><trkpt lat="58.31006795167923" lon="14.676167964935303"><ele>110.36164048432694</ele></trkpt><trkpt lat="58.30943997949362" lon="14.675778960809112"><ele>109.96606238647783</ele></trkpt><trkpt lat="58.30924694426358" lon="14.675619956105947"><ele>109.84007079872362</ele></trkpt><trkpt lat="58.30896891653538" lon="14.675349975004792"><ele>109.65311101366537</ele></trkpt><trkpt lat="58.307866947725415" lon="14.674211964011192"><ele>108.28174406425669</ele></trkpt><trkpt lat="58.30768095329404" lon="14.674041979014874"><ele>107.97604078726849</ele></trkpt><trkpt lat="58.306769924238324" lon="14.673387939110398"><ele>106.53336906255046</ele></trkpt><trkpt lat="58.306575966998935" lon="14.673269921913743"><ele>106.23165999763975</ele></trkpt><trkpt lat="58.30616299062967" lon="14.673087950795889"><ele>105.60357958006175</ele></trkpt><trkpt lat="58.305455977097154" lon="14.672619989141822"><ele>104.49448094089341</ele></trkpt><trkpt lat="58.304147981107235" lon="14.671897972002625"><ele>102.47659051037824</ele></trkpt><trkpt lat="58.302600933238864" lon="14.670966994017363"><ele>100.71315165371165</ele></trkpt><trkpt lat="58.30187698826194" lon="14.670557957142591"><ele>100.28389502449177</ele></trkpt><trkpt lat="58.30157892778516" lon="14.670376991853118"><ele>100.10605873053646</ele></trkpt><trkpt lat="58.30120392143726" lon="14.670112961903214"><ele>99.87877788582428</ele></trkpt><trkpt lat="58.300796980038285" lon="14.669869970530272"><ele>99.63634548992607</ele></trkpt><trkpt lat="58.300282917916775" lon="14.669532934203744"><ele>99.32728760396293</ele></trkpt><trkpt lat="58.2995649240911" lon="14.66898593120277"><ele>98.88767616389553</ele></trkpt><trkpt lat="58.29925898462534" lon="14.668710920959711"><ele>98.69534934508108</ele></trkpt><trkpt lat="58.29863193444908" lon="14.668091917410493"><ele>98.29381831453897</ele></trkpt><trkpt lat="58.29811594448984" lon="14.66754399240017"><ele>97.95970242403162</ele></trkpt><trkpt lat="58.29752393066883" lon="14.666803954169154"><ele>97.74140215051392</ele></trkpt><trkpt lat="58.29724699258804" lon="14.666427941992879"><ele>97.63655280350713</ele></trkpt><trkpt lat="58.29659798182547" lon="14.665467962622643"><ele>97.38321031172129</ele></trkpt><trkpt lat="58.29579792916775" lon="14.664146974682808"><ele>97.0567542337089</ele></trkpt><trkpt lat="58.29420897178352" lon="14.66140097938478"><ele>96.39521590397581</ele></trkpt><trkpt lat="58.29290692694485" lon="14.659235933795571"><ele>96.59928793072103</ele></trkpt><trkpt lat="58.292267974466085" lon="14.65811694972217"><ele>96.835448429827</ele></trkpt><trkpt lat="58.292074939236045" lon="14.6578149497509"><ele>96.90341121918591</ele></trkpt><trkpt lat="58.29182096756995" lon="14.657347993925214"><ele>96.9994567647081</ele></trkpt><trkpt lat="58.29163991846144" lon="14.65705898590386"><ele>97.06372592247529</ele></trkpt><trkpt lat="58.29122493043542" lon="14.656301932409406"><ele>97.22007509152449</ele></trkpt><trkpt lat="58.290117932483554" lon="14.65450594201684"><ele>97.61571140614474</ele></trkpt><trkpt lat="58.289859937503934" lon="14.654116937890649"><ele>97.70523398699372</ele></trkpt><trkpt lat="58.289236994460225" lon="14.653270952403545"><ele>97.9881376242635</ele></trkpt><trkpt lat="58.288788981735706" lon="14.652716992422938"><ele>98.20469299420061</ele></trkpt><trkpt lat="58.288336945697665" lon="14.652223968878388"><ele>98.41587036153251</ele></trkpt><trkpt lat="58.28737696632743" lon="14.651289973407984"><ele>98.85286854387506</ele></trkpt><trkpt lat="58.28691093251109" lon="14.65089694596827"><ele>99.05947487044048</ele></trkpt><trkpt lat="58.28621892258525" lon="14.650417920202017"><ele>99.35792990950064</ele></trkpt><trkpt lat="58.28560293652117" lon="14.650039980188012"><ele>99.62024637292329</ele></trkpt><trkpt lat="58.28529699705541" lon="14.64988399296999"><ele>99.74861682500791</ele></trkpt><trkpt lat="58.28504394739866" lon="14.649781985208392"><ele>99.85345256236084</ele></trkpt><trkpt lat="58.28469098545611" lon="14.649592973291874"><ele>100.00206438881182</ele></trkpt><trkpt lat="58.28428898938" lon="14.649435980245471"><ele>100.14357128572352</ele></trkpt><trkpt lat="58.28409494832158" lon="14.649376971647143"><ele>100.21097025709582</ele></trkpt><trkpt lat="58.283802922815084" lon="14.649333972483873"><ele>100.31143126480846</ele></trkpt><trkpt lat="58.28274495899677" lon="14.649123921990395"><ele>100.67627194443463</ele></trkpt><trkpt lat="58.282148921862245" lon="14.649062985554338"><ele>100.88100087607435</ele></trkpt><trkpt lat="58.28165698796511" lon="14.649044964462519"><ele>101.04975980640644</ele></trkpt><trkpt lat="58.28115591779351" lon="14.649061979725957"><ele>101.2216484703959</ele></trkpt><trkpt lat="58.280277997255325" lon="14.649144960567355"><ele>101.52313664791575</ele></trkpt><trkpt lat="58.27908298932016" lon="14.649222996085882"><ele>101.96672238844567</ele></trkpt><trkpt lat="58.27834898605943" lon="14.64930396527052"><ele>102.54981198413472</ele></trkpt><trkpt lat="58.2775129750371" lon="14.649365991353989"><ele>103.21332621800586</ele></trkpt><trkpt lat="58.27636691741645" lon="14.649394992738962"><ele>104.1223032858899</ele></trkpt><trkpt lat="58.27578395605087" lon="14.64939197525382"><ele>104.58463045294945</ele></trkpt><trkpt lat="58.275124970823526" lon="14.649363979697227"><ele>105.10737805194503</ele></trkpt><trkpt lat="58.27330199070275" lon="14.649181924760342"><ele>106.29089862936756</ele></trkpt><trkpt lat="58.27229398302734" lon="14.6490079164505"><ele>106.25305070786901</ele></trkpt><trkpt lat="58.27117994427681" lon="14.648778922855854"><ele>106.21115022462413</ele></trkpt><trkpt lat="58.2695899810642" lon="14.64840299449861"><ele>106.15123807467505</ele></trkpt><trkpt lat="58.26838499866426" lon="14.648176934570074"><ele>106.10596077913989</ele></trkpt><trkpt lat="58.26734798960388" lon="14.648050954565406"><ele>106.90369286759505</ele></trkpt><trkpt lat="58.26662798412144" lon="14.648004937916994"><ele>107.66858330187097</ele></trkpt><trkpt lat="58.26603697612882" lon="14.647985994815826"><ele>108.29616931500536</ele></trkpt><trkpt lat="58.26503693126142" lon="14.64801399037242"><ele>109.35807208902727</ele></trkpt><trkpt lat="58.26432396657765" lon="14.648054977878928"><ele>110.11540125008607</ele></trkpt><trkpt lat="58.26382893137634" lon="14.648097977042198"><ele>110.64154825286823</ele></trkpt><trkpt lat="58.26273199170828" lon="14.648246923461556"><ele>111.80917998057997</ele></trkpt><trkpt lat="58.2614859379828" lon="14.648500978946686"><ele>113.28568709943619</ele></trkpt><trkpt lat="58.26062997803092" lon="14.6487039886415"><ele>114.31674277740731</ele></trkpt><trkpt lat="58.25931795872748" lon="14.649087963625789"><ele>115.90346831217329</ele></trkpt><trkpt lat="58.25857096351683" lon="14.64932693168521"><ele>116.80890336776211</ele></trkpt><trkpt lat="58.258194" lon="14.649471"><ele>117.26850274076885</ele></trkpt><trkpt lat="58.257773" lon="14.649599"><ele>117.77811807673555</ele></trkpt><trkpt lat="58.256924" lon="14.649918"><ele>118.79593654645458</ele></trkpt><trkpt lat="58.256891" lon="14.64993"><ele>118.83289971914938</ele></trkpt><trkpt lat="58.256891" lon="14.64993"><ele>118.83289971914938</ele></trkpt><trkpt lat="58.25644" lon="14.650093"><ele>119.337954760329</ele></trkpt><trkpt lat="58.255624" lon="14.650389"><ele>120.2518750016475</ele></trkpt><trkpt lat="58.2552329543978" lon="14.650543984025717"><ele>120.69133510514355</ele></trkpt><trkpt lat="58.25430893339217" lon="14.650926953181624"><ele>121.73178038976937</ele></trkpt><trkpt lat="58.25373594649136" lon="14.651120994240046"><ele>122.37207695191026</ele></trkpt><trkpt lat="58.253253987059" lon="14.651311933994293"><ele>122.91369893708234</ele></trkpt><trkpt lat="58.252689968794584" lon="14.651586944237351"><ele>123.55429580073267</ele></trkpt><trkpt lat="58.25240791775286" lon="14.651749972254038"><ele>123.87862610563715</ele></trkpt><trkpt lat="58.25203391723335" lon="14.6519919577986"><ele>124.31327190781207</ele></trkpt><trkpt lat="58.25158297084272" lon="14.65233494527638"><ele>124.79403490049705</ele></trkpt><trkpt lat="58.25104795396328" lon="14.652802990749478"><ele>125.20581777135843</ele></trkpt><trkpt lat="58.25063891708851" lon="14.653220996260643"><ele>125.53051874565296</ele></trkpt><trkpt lat="58.25040598399937" lon="14.653479997068644"><ele>125.71920005016625</ele></trkpt><trkpt lat="58.24986794963479" lon="14.654134958982468"><ele>126.16592229036148</ele></trkpt><trkpt lat="58.248737985268235" lon="14.655461981892586"><ele>127.09461687572036</ele></trkpt><trkpt lat="58.24781798757613" lon="14.656521957367659"><ele>127.84681930849125</ele></trkpt><trkpt lat="58.24748497456312" lon="14.656893946230412"><ele>128.11689122266682</ele></trkpt><trkpt lat="58.24670596048236" lon="14.657707996666431"><ele>128.9331083223985</ele></trkpt><trkpt lat="58.24585494585335" lon="14.658539984375238"><ele>130.39975302929807</ele></trkpt><trkpt lat="58.244632948189974" lon="14.659672966226935"><ele>132.4834705969378</ele></trkpt><trkpt lat="58.24422491714358" lon="14.66000597923994"><ele>133.1640090551665</ele></trkpt><trkpt lat="58.24283695779741" lon="14.661211967468262"><ele>135.50287358564216</ele></trkpt><trkpt lat="58.241456961259246" lon="14.662437988445163"><ele>137.33381235589687</ele></trkpt><trkpt lat="58.24093493632972" lon="14.662952972576022"><ele>137.64529201955278</ele></trkpt><trkpt lat="58.24015692807734" lon="14.663798958063126"><ele>138.11998889097364</ele></trkpt><trkpt lat="58.23897298425436" lon="14.665275933220983"><ele>138.87002363123767</ele></trkpt><trkpt lat="58.23889494873583" lon="14.665330918505788"><ele>138.91409763138884</ele></trkpt><trkpt lat="58.238807" lon="14.665481"><ele>138.9767003122431</ele></trkpt><trkpt lat="58.238807" lon="14.665481"><ele>138.9767003122431</ele></trkpt><trkpt lat="58.238763" lon="14.665538"><ele>139.00490181802806</ele></trkpt><trkpt lat="58.238743" lon="14.665483"><ele>139.023535135407</ele></trkpt><trkpt lat="58.238697" lon="14.665356"><ele>139.06650653483658</ele></trkpt><trkpt lat="58.238697" lon="14.665356"><ele>139.06650653483658</ele></trkpt><trkpt lat="58.238619" lon="14.665139"><ele>139.13975102389625</ele></trkpt><trkpt lat="58.238619" lon="14.665139"><ele>139.13975102389625</ele></trkpt><trkpt lat="58.23845498263836" lon="14.664675956591964"><ele>139.2953237316017</ele></trkpt><trkpt lat="58.238208973780274" lon="14.663932984694839"><ele>139.5399894493941</ele></trkpt><trkpt lat="58.23738796636462" lon="14.660621965304017"><ele>138.3450824026898</ele></trkpt><trkpt lat="58.23686795309186" lon="14.658852964639664"><ele>136.66640572441963</ele></trkpt><trkpt lat="58.23650694452226" lon="14.657711936160922"><ele>135.56342702427378</ele></trkpt><trkpt lat="58.23621894232929" lon="14.656925965100527"><ele>134.76999675453854</ele></trkpt><trkpt lat="58.235505977645516" lon="14.65529995970428"><ele>133.01666401447474</ele></trkpt><trkpt lat="58.23490692302585" lon="14.653864977881312"><ele>131.49922892662906</ele></trkpt><trkpt lat="58.23436796665192" lon="14.65214098803699"><ele>131.0287012434429</ele></trkpt><trkpt lat="58.23420896194875" lon="14.651516955345869"><ele>130.92854033268387</ele></trkpt><trkpt lat="58.23385591618717" lon="14.65037894435227"><ele>130.7377031758848</ele></trkpt><trkpt lat="58.23366799391806" lon="14.64980092830956"><ele>130.6395531886597</ele></trkpt><trkpt lat="58.233373956754804" lon="14.6490459702909"><ele>130.50387557734086</ele></trkpt><trkpt lat="58.23324194177985" lon="14.64863894507289"><ele>130.43480548441804</ele></trkpt><trkpt lat="58.233160972595215" lon="14.648192944005132"><ele>130.3666445860213</ele></trkpt><trkpt lat="58.233140939846635" lon="14.647953975945711"><ele>130.33168399780917</ele></trkpt><trkpt lat="58.233140939846635" lon="14.646293940022588"><ele>130.09184524854453</ele></trkpt><trkpt lat="58.23311294429004" lon="14.64582497254014"><ele>130.0236555249978</ele></trkpt><trkpt lat="58.23303499259055" lon="14.645367991179228"><ele>129.95425243911762</ele></trkpt><trkpt lat="58.23291697539389" lon="14.644936993718147"><ele>129.88406338821054</ele></trkpt><trkpt lat="58.23276995681226" lon="14.644546983763576"><ele>129.81475990754527</ele></trkpt><trkpt lat="58.23236997239292" lon="14.643648946657777"><ele>129.8181715574449</ele></trkpt><trkpt lat="58.23144997470081" lon="14.641492953523993"><ele>130.02422769241826</ele></trkpt><trkpt lat="58.230777997523546" lon="14.639972979202867"><ele>130.17159743851457</ele></trkpt><trkpt lat="58.230023961514235" lon="14.638398941606283"><ele>130.3296097829613</ele></trkpt><trkpt lat="58.22981894016266" lon="14.637880939990282"><ele>130.37772840245682</ele></trkpt><trkpt lat="58.229615930467844" lon="14.637428987771273"><ele>130.4218404245534</ele></trkpt><trkpt lat="58.2295579276979" lon="14.637267971411347"><ele>130.43632690999874</ele></trkpt><trkpt lat="58.22947695851326" lon="14.63690897449851"><ele>130.4653264756419</ele></trkpt><trkpt lat="58.22942893020809" lon="14.636504966765642"><ele>130.49608067070812</ele></trkpt><trkpt lat="58.229379979893565" lon="14.63585495017469"><ele>130.54112854226446</ele></trkpt><trkpt lat="58.229318959638476" lon="14.635387994349003"><ele>130.5433863033546</ele></trkpt><trkpt lat="58.229272942990065" lon="14.635160928592086"><ele>130.54452805945718</ele></trkpt><trkpt lat="58.22915593162179" lon="14.63473898358643"><ele>130.5467659744253</ele></trkpt><trkpt lat="58.22900899685919" lon="14.634351991117"><ele>130.54900495532672</ele></trkpt><trkpt lat="58.228844963014126" lon="14.633990982547402"><ele>130.55124268345463</ele></trkpt><trkpt lat="58.228391921147704" lon="14.633153965696692"><ele>130.55687585417195</ele></trkpt><trkpt lat="58.22820995002985" lon="14.632851965725422"><ele>130.55902967346796</ele></trkpt><trkpt lat="58.22799797169864" lon="14.63261492550373"><ele>130.56122212386052</ele></trkpt><trkpt lat="58.22788992896676" lon="14.63252398185432"><ele>130.56227541164782</ele></trkpt><trkpt lat="58.22777895256877" lon="14.632456926628947"><ele>130.5633133579362</ele></trkpt><trkpt lat="58.22766495868564" lon="14.632412921637297"><ele>130.56435012131777</ele></trkpt><trkpt lat="58.22754995897412" lon="14.632390961050987"><ele>130.56538024208498</ele></trkpt><trkpt lat="58.22743194177747" lon="14.632391966879368"><ele>130.56643209894264</ele></trkpt><trkpt lat="58.227316942065954" lon="14.632415939122438"><ele>130.56746320706478</ele></trkpt><trkpt lat="58.22708996012807" lon="14.632515935227275"><ele>130.56953993459916</ele></trkpt><trkpt lat="58.226886950433254" lon="14.63267594575882"><ele>130.57149892958034</ele></trkpt><trkpt lat="58.22624598629773" lon="14.63329796679318"><ele>130.57791425982765</ele></trkpt><trkpt lat="58.225774923339486" lon="14.63379392400384"><ele>130.5827147210788</ele></trkpt><trkpt lat="58.22569898329675" lon="14.633816974237561"><ele>130.58340013898453</ele></trkpt><trkpt lat="58.22562899440527" lon="14.633776992559433"><ele>130.58405153674536</ele></trkpt><trkpt lat="58.22556596249342" lon="14.633679930120707"><ele>130.5847747989756</ele></trkpt><trkpt lat="58.2253909483552" lon="14.633271982893348"><ele>130.58724435723417</ele></trkpt><trkpt lat="58.22517595253885" lon="14.632865963503718"><ele>130.58994673588657</ele></trkpt><trkpt lat="58.22501292452216" lon="14.63260998018086"><ele>130.80130637301434</ele></trkpt><trkpt lat="58.22474394924939" lon="14.63226992636919"><ele>131.1906274536328</ele></trkpt><trkpt lat="58.222140949219465" lon="14.629592997953296"><ele>134.7572169667852</ele></trkpt><trkpt lat="58.220847956836224" lon="14.628320960327983"><ele>136.51174310448675</ele></trkpt><trkpt lat="58.22043498046696" lon="14.62799297645688"><ele>137.05108528103818</ele></trkpt><trkpt lat="58.22025795467198" lon="14.627879988402128"><ele>137.27069586072832</ele></trkpt><trkpt lat="58.21998696774244" lon="14.62773498147726"><ele>137.4004083884139</ele></trkpt><trkpt lat="58.218509992584586" lon="14.627018999308348"><ele>138.10270961890902</ele></trkpt><trkpt lat="58.21804395876825" lon="14.626741977408528"><ele>138.32769782347538</ele></trkpt><trkpt lat="58.21767792105675" lon="14.626484988257289"><ele>138.50749965867598</ele></trkpt><trkpt lat="58.2169689796865" lon="14.625857938081026"><ele>138.8678276946615</ele></trkpt><trkpt lat="58.216428933665156" lon="14.625296937301755"><ele>139.1514464432298</ele></trkpt><trkpt lat="58.216166999191046" lon="14.624990997835994"><ele>139.29313342669988</ele></trkpt><trkpt lat="58.215739941224456" lon="14.624421950429678"><ele>139.5335113015122</ele></trkpt><trkpt lat="58.21452992968261" lon="14.622734924778342"><ele>140.21238885624908</ele></trkpt><trkpt lat="58.21424997411668" lon="14.622368970885873"><ele>140.3640414954472</ele></trkpt><trkpt lat="58.213865999132395" lon="14.621917940676212"><ele>140.565499770706</ele></trkpt><trkpt lat="58.21359694004059" lon="14.621647959575057"><ele>140.7012821575429</ele></trkpt><trkpt lat="58.21340893395245" lon="14.621487949043512"><ele>140.79320820522426</ele></trkpt><trkpt lat="58.21133793331683" lon="14.619879964739084"><ele>141.79151800856525</ele></trkpt><trkpt lat="58.21022599004209" lon="14.619049988687038"><ele>142.3909588898683</ele></trkpt><trkpt lat="58.20849194191396" lon="14.61770293302834"><ele>144.9929964062821</ele></trkpt><trkpt lat="58.20458999834955" lon="14.614721992984414"><ele>149.9790621819669</ele></trkpt><trkpt lat="58.203619960695505" lon="14.614015985280275"><ele>149.9612067900019</ele></trkpt><trkpt lat="58.203059965744615" lon="14.613695964217186"><ele>149.95115557639946</ele></trkpt><trkpt lat="58.202461916953325" lon="14.613444926217198"><ele>149.9406287892172</ele></trkpt><trkpt lat="58.20214591920376" lon="14.613335961475968"><ele>149.93510896687465</ele></trkpt><trkpt lat="58.20115693844855" lon="14.613117948174477"><ele>149.91799754142224</ele></trkpt><trkpt lat="58.20023199543357" lon="14.612971935421228"><ele>149.9020460820692</ele></trkpt><trkpt lat="58.199878949671984" lon="14.612884931266308"><ele>149.89592750386998</ele></trkpt><trkpt lat="58.19965096190572" lon="14.612800944596529"><ele>149.94780947998518</ele></trkpt><trkpt lat="58.199319960549474" lon="14.612621990963817"><ele>150.083386502591</ele></trkpt><trkpt lat="58.19910999387503" lon="14.612473966553807"><ele>150.1716202282931</ele></trkpt><trkpt lat="58.19850197061896" lon="14.61194297298789"><ele>150.4352804337197</ele></trkpt><trkpt lat="58.19830792956054" lon="14.611735939979553"><ele>150.52297132350864</ele></trkpt><trkpt lat="58.198033925145864" lon="14.611388929188251"><ele>150.65273809999326</ele></trkpt><trkpt lat="58.19778498262167" lon="14.611021969467402"><ele>150.77691362833534</ele></trkpt><trkpt lat="58.197562946006656" lon="14.610626930370927"><ele>150.89681078271494</ele></trkpt><trkpt lat="58.19727494381368" lon="14.610025947913527"><ele>151.06544105348468</ele></trkpt><trkpt lat="58.19627498276532" lon="14.607770964503288"><ele>151.67724834202497</ele></trkpt><trkpt lat="58.19589796476066" lon="14.606997985392809"><ele>151.8958991344391</ele></trkpt><trkpt lat="58.19564692676067" lon="14.606578974053264"><ele>152.02760364657388</ele></trkpt><trkpt lat="58.195366971194744" lon="14.60620597936213"><ele>151.9730406625701</ele></trkpt><trkpt lat="58.19506195373833" lon="14.605858968570828"><ele>151.80119883668996</ele></trkpt><trkpt lat="58.194745955988765" lon="14.60554196499288"><ele>151.62848627150552</ele></trkpt><trkpt lat="58.193910950794816" lon="14.604763956740499"><ele>151.1790020012171</ele></trkpt><trkpt lat="58.19364096969366" lon="14.60446598008275"><ele>151.0280855965928</ele></trkpt><trkpt lat="58.19331499747932" lon="14.604031965136528"><ele>150.83566850626417</ele></trkpt><trkpt lat="58.19288995116949" lon="14.603340961039066"><ele>150.56521153085632</ele></trkpt><trkpt lat="58.19264796562493" lon="14.602869981899858"><ele>150.3977069828707</ele></trkpt><trkpt lat="58.190812999382615" lon="14.598955968394876"><ele>149.096648912545</ele></trkpt><trkpt lat="58.18921398371458" lon="14.595630951225758"><ele>148.06295256047676</ele></trkpt><trkpt lat="58.18871098570526" lon="14.59454096853733"><ele>147.73023803953944</ele></trkpt><trkpt lat="58.188473945483565" lon="14.594099996611476"><ele>147.5855861427551</ele></trkpt><trkpt lat="58.188235983252525" lon="14.593730941414833"><ele>147.45166627287634</ele></trkpt><trkpt lat="58.18799098022282" lon="14.593397928401828"><ele>147.32034464944894</ele></trkpt><trkpt lat="58.18772996775806" lon="14.593098945915699"><ele>147.18749577984553</ele></trkpt><trkpt lat="58.18734196946025" lon="14.592715976759791"><ele>146.9969281661945</ele></trkpt><trkpt lat="58.186924969777465" lon="14.592394949868321"><ele>147.15543293296685</ele></trkpt><trkpt lat="58.18669798783958" lon="14.592258995398879"><ele>147.25146545391743</ele></trkpt><trkpt lat="58.1843379791826" lon="14.591252999380231"><ele>148.2273577297952</ele></trkpt><trkpt lat="58.18370992317796" lon="14.59101495333016"><ele>148.4857565787938</ele></trkpt><trkpt lat="58.1825249735266" lon="14.590514972805977"><ele>148.97551137216536</ele></trkpt><trkpt lat="58.18212498910725" lon="14.590320931747556"><ele>149.14208008550744</ele></trkpt><trkpt lat="58.18191393278539" lon="14.590196963399649"><ele>149.19399156602435</ele></trkpt><trkpt lat="58.18150296807289" lon="14.589869985356927"><ele>148.7298647073818</ele></trkpt><trkpt lat="58.18109795451164" lon="14.589456925168633"><ele>148.25095562228373</ele></trkpt><trkpt lat="58.180805929005146" lon="14.589094994589686"><ele>147.88765411071103</ele></trkpt><trkpt lat="58.18044994957745" lon="14.588558971881866"><ele>147.4142934944044</ele></trkpt><trkpt lat="58.1795599590987" lon="14.587025921791792"><ele>146.1622049628238</ele></trkpt><trkpt lat="58.179383939132094" lon="14.586767926812172"><ele>145.9305283642451</ele></trkpt><trkpt lat="58.17909996025264" lon="14.586410941556096"><ele>145.57571465987238</ele></trkpt><trkpt lat="58.17522098310292" lon="14.582327948883176"><ele>142.5101138093741</ele></trkpt><trkpt lat="58.173797987401485" lon="14.580787941813469"><ele>141.86751074467</ele></trkpt><trkpt lat="58.172232918441296" lon="14.579009972512722"><ele>141.13849042334027</ele></trkpt><trkpt lat="58.17200291901827" lon="14.578766981139779"><ele>141.02399756708462</ele></trkpt><trkpt lat="58.17164098843932" lon="14.578436985611916"><ele>140.8493605240694</ele></trkpt><trkpt lat="58.17000794224441" lon="14.577174922451377"><ele>140.08250097083624</ele></trkpt><trkpt lat="58.1688429415226" lon="14.576246961951256"><ele>139.5330051770614</ele></trkpt><trkpt lat="58.166853999719024" lon="14.57483796402812"><ele>139.48904326656208</ele></trkpt><trkpt lat="58.16650397144258" lon="14.574636965990067"><ele>139.8760526295812</ele></trkpt><trkpt lat="58.16627397201955" lon="14.574525989592075"><ele>140.12719169716885</ele></trkpt><trkpt lat="58.165568970143795" lon="14.574292972683907"><ele>140.8844626011039</ele></trkpt><trkpt lat="58.16450899466872" lon="14.573906986042857"><ele>142.02661094715987</ele></trkpt><trkpt lat="58.16403499804437" lon="14.573678998276591"><ele>142.54407644397432</ele></trkpt><trkpt lat="58.16368295811117" lon="14.573468947783113"><ele>142.93461327768318</ele></trkpt><trkpt lat="58.163098990917206" lon="14.573044991120696"><ele>143.59631935397653</ele></trkpt><trkpt lat="58.16216398961842" lon="14.572230940684676"><ele>144.68507735914037</ele></trkpt><trkpt lat="58.161592930555344" lon="14.571823999285698"><ele>144.3056407289391</ele></trkpt><trkpt lat="58.16124399192631" lon="14.571618977934122"><ele>144.0324150328981</ele></trkpt><trkpt lat="58.1607819814235" lon="14.57137992605567"><ele>143.67422859781536</ele></trkpt><trkpt lat="58.16005594097078" lon="14.571086978539824"><ele>143.11904564198534</ele></trkpt><trkpt lat="58.15898297354579" lon="14.570745918899775"><ele>142.30535040524416</ele></trkpt><trkpt lat="58.155921986326575" lon="14.56968192011118"><ele>140.53468074700373</ele></trkpt><trkpt lat="58.154352977871895" lon="14.569174982607365"><ele>140.4355776116227</ele></trkpt><trkpt lat="58.15383195877075" lon="14.569026958197355"><ele>140.40277405876978</ele></trkpt><trkpt lat="58.1528589874506" lon="14.568709954619408"><ele>140.3413036263494</ele></trkpt><trkpt lat="58.152526980265975" lon="14.568618927150965"><ele>140.3204161018736</ele></trkpt><trkpt lat="58.15177193842828" lon="14.568468974903226"><ele>140.2731462337239</ele></trkpt><trkpt lat="58.15153297036886" lon="14.568439973518252"><ele>140.25823648875178</ele></trkpt><trkpt lat="58.15092695876956" lon="14.568457994610071"><ele>140.37228761909972</ele></trkpt><trkpt lat="58.14992096275091" lon="14.56856494769454"><ele>140.79318591044435</ele></trkpt><trkpt lat="58.14804199151695" lon="14.568819925189018"><ele>141.58010370279686</ele></trkpt><trkpt lat="58.14690498635173" lon="14.568957975134254"><ele>142.05604200759282</ele></trkpt><trkpt lat="58.146555963903666" lon="14.568988988175988"><ele>142.20200033306332</ele></trkpt><trkpt lat="58.1457959767431" lon="14.568996950984001"><ele>142.51947671123088</ele></trkpt><trkpt lat="58.145202957093716" lon="14.568916987627745"><ele>142.3979056862454</ele></trkpt><trkpt lat="58.144730972126126" lon="14.568808944895864"><ele>142.250979828678</ele></trkpt><trkpt lat="58.14450994133949" lon="14.568777931854129"><ele>142.18248404215822</ele></trkpt><trkpt lat="58.144298968836665" lon="14.568710960447788"><ele>142.11637503783507</ele></trkpt><trkpt lat="58.144190926104784" lon="14.568655975162983"><ele>142.08180132238473</ele></trkpt><trkpt lat="58.14374693669379" lon="14.56856595352292"><ele>141.94380462169812</ele></trkpt><trkpt lat="58.14302198588848" lon="14.568379959091544"><ele>141.7177165181981</ele></trkpt><trkpt lat="58.14265695400536" lon="14.568312987685204"><ele>141.60437708605994</ele></trkpt><trkpt lat="58.14242091961205" lon="14.5682009216398"><ele>141.52917596801902</ele></trkpt><trkpt lat="58.142301980406046" lon="14.568170998245478"><ele>141.49209558762973</ele></trkpt><trkpt lat="58.14158298075199" lon="14.568044934421778"><ele>141.26894192955342</ele></trkpt><trkpt lat="58.14134895801544" lon="14.567964971065521"><ele>141.19545124361898</ele></trkpt><trkpt lat="58.14104092307389" lon="14.567889953032136"><ele>141.09947088927615</ele></trkpt><trkpt lat="58.14062895253301" lon="14.567845948040485"><ele>140.97195072045847</ele></trkpt><trkpt lat="58.14031396061182" lon="14.567779982462525"><ele>140.8740106946336</ele></trkpt><trkpt lat="58.139204951003194" lon="14.567448981106281"><ele>140.2953845979398</ele></trkpt><trkpt lat="58.1389129254967" lon="14.567267931997776"><ele>140.13069157320913</ele></trkpt><trkpt lat="58.137484984472394" lon="14.566098991781473"><ele>139.29691843325892</ele></trkpt><trkpt lat="58.13663497567177" lon="14.565273961052299"><ele>138.78499461873898</ele></trkpt><trkpt lat="58.135959981009364" lon="14.564662920311093"><ele>138.38401117705388</ele></trkpt><trkpt lat="58.13565094023943" lon="14.564299983903766"><ele>138.18911541899013</ele></trkpt><trkpt lat="58.13395896926522" lon="14.561875937506557"><ele>134.42133549048899</ele></trkpt><trkpt lat="58.13362796790898" lon="14.561374951153994"><ele>133.46571590868984</ele></trkpt><trkpt lat="58.133402997627854" lon="14.560970943421125"><ele>132.7665077929832</ele></trkpt><trkpt lat="58.13320795074105" lon="14.560496946796775"><ele>132.05090376438048</ele></trkpt><trkpt lat="58.13277292996645" lon="14.559187944978476"><ele>130.2090936203216</ele></trkpt><trkpt lat="58.13232198357582" lon="14.557915991172194"><ele>128.38467105264812</ele></trkpt><trkpt lat="58.1321279425174" lon="14.55747895874083"><ele>127.70469558623898</ele></trkpt><trkpt lat="58.132011936977506" lon="14.557273937389255"><ele>127.3468392399661</ele></trkpt><trkpt lat="58.131774980574846" lon="14.556950982660055"><ele>126.68841207148982</ele></trkpt><trkpt lat="58.131645983085036" lon="14.556816956028342"><ele>126.35656536838674</ele></trkpt><trkpt lat="58.13096394762397" lon="14.556185966357589"><ele>124.61463283639266</ele></trkpt><trkpt lat="58.12981294468045" lon="14.5551579259336"><ele>121.62643479017413</ele></trkpt><trkpt lat="58.12948898412287" lon="14.554890962317586"><ele>120.79683491758902</ele></trkpt><trkpt lat="58.1292649358511" lon="14.55474897287786"><ele>120.24206085331474</ele></trkpt><trkpt lat="58.12903996556997" lon="14.554644953459501"><ele>119.6982793397586</ele></trkpt><trkpt lat="58.12893292866647" lon="14.55462098121643"><ele>119.44518809967111</ele></trkpt><trkpt lat="58.128442922607064" lon="14.554584939032793"><ele>118.2937071401334</ele></trkpt><trkpt lat="58.128144945949316" lon="14.554511932656169"><ele>117.58817890149493</ele></trkpt><trkpt lat="58.1275999546051" lon="14.55423298291862"><ele>116.26253674726453</ele></trkpt><trkpt lat="58.12672999687493" lon="14.553742976859212"><ele>114.13129923667492</ele></trkpt><trkpt lat="58.12510692514479" lon="14.552967986091971"><ele>112.11156001768052</ele></trkpt><trkpt lat="58.12458791770041" lon="14.552788948640227"><ele>111.96926677953226</ele></trkpt><trkpt lat="58.123349994421005" lon="14.55251595005393"><ele>111.63311075120906</ele></trkpt><trkpt lat="58.12313198111951" lon="14.55244897864759"><ele>111.57353827440008</ele></trkpt><trkpt lat="58.12282394617796" lon="14.55232098698616"><ele>111.48847667862695</ele></trkpt><trkpt lat="58.12218197621405" lon="14.551941957324743"><ele>111.30709911639907</ele></trkpt><trkpt lat="58.121028961613774" lon="14.551214994862676"><ele>110.97931457311167</ele></trkpt><trkpt lat="58.119932943955064" lon="14.550482919439673"><ele>112.15679309540066</ele></trkpt><trkpt lat="58.11956497840583" lon="14.55021696165204"><ele>112.84685750775618</ele></trkpt><trkpt lat="58.11885695904493" lon="14.549646992236376"><ele>114.1948007029519</ele></trkpt><trkpt lat="58.118024971336126" lon="14.548893962055445"><ele>115.81046769425983</ele></trkpt><trkpt lat="58.115979954600334" lon="14.547101994976401"><ele>119.75855835862794</ele></trkpt><trkpt lat="58.114971946924925" lon="14.546266989782453"><ele>121.31890183129751</ele></trkpt><trkpt lat="58.11453893780708" lon="14.545967923477292"><ele>121.85965599948088</ele></trkpt><trkpt lat="58.11356294900179" lon="14.545378927141428"><ele>123.06145004931678</ele></trkpt><trkpt lat="58.112654937431216" lon="14.544891938567162"><ele>124.16864893618839</ele></trkpt><trkpt lat="58.11164894141257" lon="14.544456917792559"><ele>125.37927735593686</ele></trkpt><trkpt lat="58.111427994444966" lon="14.544338984414935"><ele>125.64859818694849</ele></trkpt><trkpt lat="58.11132296919823" lon="14.54426396638155"><ele>125.78029297680452</ele></trkpt><trkpt lat="58.11111291870475" lon="14.544083923101425"><ele>126.0508085003654</ele></trkpt><trkpt lat="58.110825922340155" lon="14.543774966150522"><ele>126.43815010288156</ele></trkpt><trkpt lat="58.109555980190635" lon="14.542193971574306"><ele>125.99954697221037</ele></trkpt><trkpt lat="58.10922891832888" lon="14.541825922206044"><ele>125.58004251636866</ele></trkpt><trkpt lat="58.10886296443641" lon="14.541517971083522"><ele>125.13849494630527</ele></trkpt><trkpt lat="58.10778899118304" lon="14.54073996283114"><ele>123.87065733470455</ele></trkpt><trkpt lat="58.10731499455869" lon="14.54037794843316"><ele>123.3071248026057</ele></trkpt><trkpt lat="58.106165919452906" lon="14.539673952385783"><ele>121.97552581366746</ele></trkpt><trkpt lat="58.105496959760785" lon="14.539305986836553"><ele>121.20746654345834</ele></trkpt><trkpt lat="58.10468399897218" lon="14.538789996877313"><ele>121.4568004501485</ele></trkpt><trkpt lat="58.1042149476707" lon="14.538532923907042"><ele>121.83228048737932</ele></trkpt><trkpt lat="58.103647995740175" lon="14.538293955847621"><ele>122.27890043903116</ele></trkpt><trkpt lat="58.10204495675862" lon="14.537703953683376"><ele>123.5345990547776</ele></trkpt><trkpt lat="58.101780926808715" lon="14.53762692399323"><ele>123.74001469345924</ele></trkpt><trkpt lat="58.10153097845614" lon="14.53760395757854"><ele>123.93243087323356</ele></trkpt><trkpt lat="58.100251983851194" lon="14.53769096173346"><ele>124.91650796900868</ele></trkpt><trkpt lat="58.099912935867906" lon="14.537687944248319"><ele>125.17721093743226</ele></trkpt><trkpt lat="58.09957497753203" lon="14.53764595091343"><ele>125.45381416829436</ele></trkpt><trkpt lat="58.09941094368696" lon="14.537601945921779"><ele>125.59099832607419</ele></trkpt><trkpt lat="58.09908195398748" lon="14.537491975352168"><ele>125.86763137541628</ele></trkpt><trkpt lat="58.09882597066462" lon="14.53736993484199"><ele>126.08621865884788</ele></trkpt><trkpt lat="58.09770497493446" lon="14.536640960723162"><ele>127.0677266352877</ele></trkpt><trkpt lat="58.09691892005503" lon="14.536150954663754"><ele>127.75301973619106</ele></trkpt><trkpt lat="58.09592298232019" lon="14.535599928349257"><ele>128.612223957059</ele></trkpt><trkpt lat="58.09541596099734" lon="14.535290971398354"><ele>129.05329058981027</ele></trkpt><trkpt lat="58.09502092190087" lon="14.535007998347282"><ele>129.40305385372062</ele></trkpt><trkpt lat="58.0938639678061" lon="14.534011976793408"><ele>130.3914537453333</ele></trkpt><trkpt lat="58.093572948127985" lon="14.533777954056859"><ele>130.62704385263305</ele></trkpt><trkpt lat="58.093271953985095" lon="14.533591959625483"><ele>130.8629518504</ele></trkpt><trkpt lat="58.09264197014272" lon="14.533280991017818"><ele>131.34802206527203</ele></trkpt><trkpt lat="58.0923289898783" lon="14.533096924424171"><ele>131.5922087405503</ele></trkpt><trkpt lat="58.090586978942156" lon="14.531981963664293"><ele>132.9623239906073</ele></trkpt><trkpt lat="58.08996696956456" lon="14.531512996181846"><ele>133.4598036256315</ele></trkpt><trkpt lat="58.08932793326676" lon="14.530992982909083"><ele>133.87214986236037</ele></trkpt><trkpt lat="58.08873298577964" lon="14.530479926615953"><ele>132.80343344781383</ele></trkpt><trkpt lat="58.088351944461465" lon="14.53010592609644"><ele>132.10177761378034</ele></trkpt><trkpt lat="58.08797492645681" lon="14.529685992747545"><ele>131.38665565702323</ele></trkpt><trkpt lat="58.087791949510574" lon="14.529467979446054"><ele>131.03319995967976</ele></trkpt><trkpt lat="58.087426917627454" lon="14.528976967558265"><ele>130.3010933055448</ele></trkpt><trkpt lat="58.08642293326557" lon="14.527386920526624"><ele>128.1608771632267</ele></trkpt><trkpt lat="58.085215939208865" lon="14.525561928749084"><ele>125.63523622184454</ele></trkpt><trkpt lat="58.08460498228669" lon="14.52460496686399"><ele>125.11375854227825</ele></trkpt><trkpt lat="58.08406594209373" lon="14.523699972778559"><ele>125.60193241491052</ele></trkpt><trkpt lat="58.08370392769575" lon="14.523124974220991"><ele>125.92211409325223</ele></trkpt><trkpt lat="58.083082996308804" lon="14.522230960428715"><ele>126.45066370632553</ele></trkpt><trkpt lat="58.082465920597315" lon="14.521399978548288"><ele>126.96372885629147</ele></trkpt><trkpt lat="58.0812699906528" lon="14.519866928458214"><ele>127.94226465729481</ele></trkpt><trkpt lat="58.08082792907953" lon="14.519327972084284"><ele>128.2984974876017</ele></trkpt><trkpt lat="58.08052299544215" lon="14.518870990723372"><ele>128.56201149620745</ele></trkpt><trkpt lat="58.080075988546014" lon="14.518348965793848"><ele>127.87032262973858</ele></trkpt><trkpt lat="58.078747959807515" lon="14.516656994819641"><ele>124.86164127608158</ele></trkpt><trkpt lat="58.0780079215765" lon="14.51579692773521"><ele>123.22957385106285</ele></trkpt><trkpt lat="58.077740957960486" lon="14.515456957742572"><ele>122.62483874177062</ele></trkpt><trkpt lat="58.076534969732165" lon="14.514031950384378"><ele>119.95289319639234</ele></trkpt><trkpt lat="58.075973968952894" lon="14.513333989307284"><ele>118.69113689947376</ele></trkpt><trkpt lat="58.07552092708647" lon="14.51270492747426"><ele>118.23577167706999</ele></trkpt><trkpt lat="58.07508992962539" lon="14.512060945853591"><ele>118.25042319653154</ele></trkpt><trkpt lat="58.074084939435124" lon="14.510436952114105"><ele>118.28568367320796</ele></trkpt><trkpt lat="58.07300392538309" lon="14.508757973089814"><ele>118.32299715064315</ele></trkpt><trkpt lat="58.072473937645555" lon="14.507970996201038"><ele>118.34097140665195</ele></trkpt><trkpt lat="58.0716909840703" lon="14.50675394386053"><ele>118.36800615865236</ele></trkpt><trkpt lat="58.07033194229007" lon="14.504719991236925"><ele>121.01739728415036</ele></trkpt><trkpt lat="58.0701039545238" lon="14.504398964345455"><ele>121.53037327955762</ele></trkpt><trkpt lat="58.06979591958225" lon="14.504032926633954"><ele>122.18691275089216</ele></trkpt><trkpt lat="58.06900198571384" lon="14.503301940858364"><ele>123.78047477168711</ele></trkpt><trkpt lat="58.06874893605709" lon="14.503128938376904"><ele>124.26606088207295</ele></trkpt><trkpt lat="58.06831098161638" lon="14.502875972539186"><ele>125.09244483146853</ele></trkpt><trkpt lat="58.06537396274507" lon="14.501533946022391"><ele>133.2190147701429</ele></trkpt><trkpt lat="58.064334942027926" lon="14.501029942184687"><ele>137.5408502536641</ele></trkpt><trkpt lat="58.06227492168546" lon="14.50007096864283"><ele>146.08864604376149</ele></trkpt><trkpt lat="58.0615199636668" lon="14.499698979780078"><ele>149.23201393792982</ele></trkpt><trkpt lat="58.06063994765282" lon="14.499305952340364"><ele>149.94723072240535</ele></trkpt><trkpt lat="58.05940495803952" lon="14.498817957937717"><ele>148.1748491457408</ele></trkpt><trkpt lat="58.05922893807292" lon="14.498769929632545"><ele>147.9250179235206</ele></trkpt><trkpt lat="58.058956945315" lon="14.498729947954416"><ele>147.54177595403752</ele></trkpt><trkpt lat="58.05812898091972" lon="14.498662976548076"><ele>146.377608681309</ele></trkpt><trkpt lat="58.05720395408571" lon="14.49861092492938"><ele>145.07757939660613</ele></trkpt><trkpt lat="58.05647891946137" lon="14.498546971008182"><ele>144.0579611243365</ele></trkpt><trkpt lat="58.056233916431665" lon="14.498504977673292"><ele>143.71237496271976</ele></trkpt><trkpt lat="58.055993942543864" lon="14.498420991003513"><ele>143.36953512416662</ele></trkpt><trkpt lat="58.05550594814122" lon="14.498216975480318"><ele>142.77609883662632</ele></trkpt><trkpt lat="58.05476398207247" lon="14.497998962178826"><ele>142.17666121371323</ele></trkpt><trkpt lat="58.05374993942678" lon="14.497764939442277"><ele>141.3611234091996</ele></trkpt><trkpt lat="58.05151993408799" lon="14.497324973344803"><ele>139.5712035241517</ele></trkpt><trkpt lat="58.05116797797382" lon="14.497195975854993"><ele>139.28499636818643</ele></trkpt><trkpt lat="58.05037194862962" lon="14.496842930093408"><ele>138.6322483117038</ele></trkpt><trkpt lat="58.04913394153118" lon="14.496493991464376"><ele>138.46879996652663</ele></trkpt><trkpt lat="58.04890997707844" lon="14.496381925418973"><ele>138.46318253824342</ele></trkpt><trkpt lat="58.04869892075658" lon="14.49622593820095"><ele>138.45768775022705</ele></trkpt><trkpt lat="58.048492977395654" lon="14.496023934334517"><ele>138.45206178618204</ele></trkpt><trkpt lat="58.04692396894097" lon="14.494306985288858"><ele>138.4081006238799</ele></trkpt><trkpt lat="58.045468954369426" lon="14.492753986269236"><ele>138.3675827579884</ele></trkpt><trkpt lat="58.04475196637213" lon="14.491963991895318"><ele>137.7408734185834</ele></trkpt><trkpt lat="58.04336694069207" lon="14.490504954010248"><ele>135.92917533551687</ele></trkpt><trkpt lat="58.04219297133386" lon="14.489212967455387"><ele>134.37698425178527</ele></trkpt><trkpt lat="58.04059797897935" lon="14.487505992874503"><ele>132.28267453441794</ele></trkpt><trkpt lat="58.03815297782421" lon="14.484797967597842"><ele>126.32892987429662</ele></trkpt><trkpt lat="58.03670793771744" lon="14.483233988285065"><ele>122.69490473034487</ele></trkpt><trkpt lat="58.03507195785642" lon="14.4814189709723"><ele>119.41631674321349</ele></trkpt><trkpt lat="58.032576916739345" lon="14.478699965402484"><ele>117.04991292639583</ele></trkpt><trkpt lat="58.02979395724833" lon="14.475617939606309"><ele>115.86116079952369</ele></trkpt><trkpt lat="58.0287869554013" lon="14.47452594526112"><ele>116.3240219128994</ele></trkpt><trkpt lat="58.02818194963038" lon="14.473832929506898"><ele>116.60607404433388</ele></trkpt><trkpt lat="58.027530927211046" lon="14.473135974258184"><ele>116.90437190669071</ele></trkpt><trkpt lat="58.02729497663677" lon="14.472860964015126"><ele>117.01489405643272</ele></trkpt><trkpt lat="58.02526295185089" lon="14.47031294927001"><ele>118.22966519348618</ele></trkpt><trkpt lat="58.02388496696949" lon="14.468646962195635"><ele>119.28281844011956</ele></trkpt><trkpt lat="58.02149495109916" lon="14.46586693637073"><ele>121.08961072218243</ele></trkpt><trkpt lat="58.02061996422708" lon="14.464781982824206"><ele>123.59254532977006</ele></trkpt><trkpt lat="58.020225930958986" lon="14.464352997019887"><ele>124.77247633493957</ele></trkpt><trkpt lat="58.01999199204147" lon="14.464071951806545"><ele>125.49177843153187</ele></trkpt><trkpt lat="58.019683957099915" lon="14.463760983198881"><ele>126.39791754161672</ele></trkpt><trkpt lat="58.01905699074268" lon="14.462995966896415"><ele>128.334443472198</ele></trkpt><trkpt lat="58.01859699189663" lon="14.462517946958542"><ele>129.69655673344337</ele></trkpt><trkpt lat="58.01836498081684" lon="14.462313931435347"><ele>130.36050472940707</ele></trkpt><trkpt lat="58.01717692986131" lon="14.461381947621703"><ele>133.69794122129676</ele></trkpt><trkpt lat="58.01464199088514" lon="14.459446985274553"><ele>138.25001174276088</ele></trkpt><trkpt lat="58.014336973428726" lon="14.459230983629823"><ele>138.6864468840552</ele></trkpt><trkpt lat="58.01395392045379" lon="14.458899982273579"><ele>139.25082692404172</ele></trkpt><trkpt lat="58.01241097971797" lon="14.457728946581483"><ele>141.47870503116837</ele></trkpt><trkpt lat="58.01103693433106" lon="14.456609962508082"><ele>144.02522521819614</ele></trkpt><trkpt lat="58.01034098491073" lon="14.45613194257021"><ele>146.04534899842088</ele></trkpt><trkpt lat="58.008876917883754" lon="14.455071967095137"><ele>150.32259509882755</ele></trkpt><trkpt lat="58.007461968809366" lon="14.454079968854785"><ele>154.43982072564603</ele></trkpt><trkpt lat="58.006492936983705" lon="14.453190984204412"><ele>157.37875701594825</ele></trkpt><trkpt lat="58.006171993911266" lon="14.452944975346327"><ele>158.17274631680277</ele></trkpt><trkpt lat="58.00583998672664" lon="14.452751940116286"><ele>158.53990442294818</ele></trkpt><trkpt lat="58.005505967885256" lon="14.452618919312954"><ele>158.90068976536026</ele></trkpt><trkpt lat="58.004559986293316" lon="14.452340975403786"><ele>159.91250581074559</ele></trkpt><trkpt lat="58.00392991863191" lon="14.452123967930675"><ele>160.5893990823768</ele></trkpt><trkpt lat="58.00341493450105" lon="14.452014919370413"><ele>161.1370822922882</ele></trkpt><trkpt lat="58.003227934241295" lon="14.452042998746037"><ele>161.335340662858</ele></trkpt><trkpt lat="58.0031309556216" lon="14.452037969604135"><ele>161.43787254434</ele></trkpt><trkpt lat="58.0030239187181" lon="14.451980972662568"><ele>161.55541276549923</ele></trkpt><trkpt lat="58.00291294232011" lon="14.451874941587448"><ele>161.68687370497264</ele></trkpt><trkpt lat="58.002749998122454" lon="14.45166396908462"><ele>161.89571522571796</ele></trkpt><trkpt lat="58.002392929047346" lon="14.45108494721353"><ele>162.39326402051736</ele></trkpt><trkpt lat="58.00091897137463" lon="14.448509942740202"><ele>165.35592697270565</ele></trkpt><trkpt lat="57.9988619685173" lon="14.445135975256562"><ele>172.39476466472598</ele></trkpt><trkpt lat="57.9971369728446" lon="14.442234998568892"><ele>178.33535673039594</ele></trkpt><trkpt lat="57.99667093902826" lon="14.441516920924187"><ele>179.52541156058922</ele></trkpt><trkpt lat="57.99640892073512" lon="14.441181980073452"><ele>180.151390848691</ele></trkpt><trkpt lat="57.99612293019891" lon="14.440902946516871"><ele>180.7882017886746</ele></trkpt><trkpt lat="57.99427195452154" lon="14.439359921962023"><ele>184.7906659410165</ele></trkpt><trkpt lat="57.99400499090552" lon="14.439197983592749"><ele>185.34531377485837</ele></trkpt><trkpt lat="57.993820924311876" lon="14.439127994701266"><ele>185.71670036399408</ele></trkpt><trkpt lat="57.99363895319402" lon="14.439080972224474"><ele>186.07998272752104</ele></trkpt><trkpt lat="57.99338196404278" lon="14.439071919769049"><ele>186.58837259223267</ele></trkpt><trkpt lat="57.99267495051026" lon="14.439193960279226"><ele>187.9926217347472</ele></trkpt><trkpt lat="57.99240396358073" lon="14.439203934744"><ele>188.52871135073065</ele></trkpt><trkpt lat="57.9922239203006" lon="14.439167976379395"><ele>188.88681039359156</ele></trkpt><trkpt lat="57.9920529294759" lon="14.43911299109459"><ele>189.21401329449327</ele></trkpt><trkpt lat="57.99188596196473" lon="14.439042918384075"><ele>189.3035587503485</ele></trkpt><trkpt lat="57.99172695726156" lon="14.438949963077903"><ele>189.39070377741106</ele></trkpt><trkpt lat="57.99137692898512" lon="14.438658943399787"><ele>189.5909511501104</ele></trkpt><trkpt lat="57.98958999104798" lon="14.436884997412562"><ele>190.64803830609992</ele></trkpt><trkpt lat="57.98841694369912" lon="14.43584899418056"><ele>191.3261034073462</ele></trkpt><trkpt lat="57.98691096715629" lon="14.434639988467097"><ele>192.14600892672038</ele></trkpt><trkpt lat="57.98509192653" lon="14.433214981108904"><ele>192.65867668718062</ele></trkpt><trkpt lat="57.98476092517376" lon="14.432990932837129"><ele>192.75020917785574</ele></trkpt><trkpt lat="57.98444299958646" lon="14.432823965325952"><ele>192.8361067699725</ele></trkpt><trkpt lat="57.984126918017864" lon="14.43271491676569"><ele>192.91974171443374</ele></trkpt><trkpt lat="57.98373498022556" lon="14.432618943974376"><ele>193.02261184728954</ele></trkpt><trkpt lat="57.98346692696214" lon="14.432575944811106"><ele>193.0926329764334</ele></trkpt><trkpt lat="57.98246193677187" lon="14.432473937049508"><ele>193.354591697196</ele></trkpt><trkpt lat="57.982061952352524" lon="14.432387938722968"><ele>193.4593744097633</ele></trkpt><trkpt lat="57.981589967384934" lon="14.43226296454668"><ele>193.14368151676987</ele></trkpt><trkpt lat="57.97954495064914" lon="14.43163599818945"><ele>186.14793275789054</ele></trkpt><trkpt lat="57.97872997820377" lon="14.431452937424183"><ele>183.37668324839896</ele></trkpt><trkpt lat="57.97732198610902" lon="14.43125395104289"><ele>178.60918731069265</ele></trkpt><trkpt lat="57.973962938413024" lon="14.430838963016868"><ele>170.85197430186446</ele></trkpt><trkpt lat="57.97358399257064" lon="14.430775931105018"><ele>170.1777287605395</ele></trkpt><trkpt lat="57.97332298010588" lon="14.43071499466896"><ele>169.71158228581558</ele></trkpt><trkpt lat="57.97306699678302" lon="14.430612986907363"><ele>169.24786111153418</ele></trkpt><trkpt lat="57.972934981808066" lon="14.430537968873978"><ele>169.0034861456902</ele></trkpt><trkpt lat="57.97280095517635" lon="14.430452976375818"><ele>168.75286611481462</ele></trkpt><trkpt lat="57.972545977681875" lon="14.43024292588234"><ele>168.2597025589573</ele></trkpt><trkpt lat="57.97041295096278" lon="14.428089950233698"><ele>165.9576274995771</ele></trkpt><trkpt lat="57.966443952172995" lon="14.424245925620198"><ele>173.07006639611717</ele></trkpt><trkpt lat="57.96578798443079" lon="14.423652989789844"><ele>173.6224299555689</ele></trkpt><trkpt lat="57.96549294143915" lon="14.423443945124745"><ele>173.3193439218723</ele></trkpt><trkpt lat="57.96514199115336" lon="14.423272954300046"><ele>172.97078423568703</ele></trkpt><trkpt lat="57.96417497098446" lon="14.422908928245306"><ele>172.0225459189001</ele></trkpt><trkpt lat="57.96230396255851" lon="14.422235945239663"><ele>170.19093767498208</ele></trkpt><trkpt lat="57.96163399703801" lon="14.421896981075406"><ele>169.5239021908067</ele></trkpt><trkpt lat="57.961291931569576" lon="14.421684918925166"><ele>169.1776422880384</ele></trkpt><trkpt lat="57.96084794215858" lon="14.421356935054064"><ele>168.71909125532747</ele></trkpt><trkpt lat="57.96022198162973" lon="14.420814961194992"><ele>168.99061388816878</ele></trkpt><trkpt lat="57.95865791849792" lon="14.419247964397073"><ele>170.70690134700632</ele></trkpt><trkpt lat="57.95800496824086" lon="14.41861697472632"><ele>171.41788946819563</ele></trkpt><trkpt lat="57.95755494385958" lon="14.418140966445208"><ele>171.9179141150009</ele></trkpt><trkpt lat="57.95710399746895" lon="14.417731929570436"><ele>172.40282797900903</ele></trkpt><trkpt lat="57.95694197528064" lon="14.417606955394149"><ele>172.57245859730585</ele></trkpt><trkpt lat="57.95647895894945" lon="14.417296992614865"><ele>173.04856128590828</ele></trkpt><trkpt lat="57.95508597046137" lon="14.416485959663987"><ele>173.56199559932435</ele></trkpt><trkpt lat="57.95468498021364" lon="14.416210949420929"><ele>173.3226154145904</ele></trkpt><trkpt lat="57.953550992533565" lon="14.415243929252028"><ele>172.6243752718889</ele></trkpt><trkpt lat="57.953271958976984" lon="14.41507394425571"><ele>172.45986700595276</ele></trkpt><trkpt lat="57.95296492986381" lon="14.414970930665731"><ele>172.28492005456764</ele></trkpt><trkpt lat="57.95250493101776" lon="14.414888955652714"><ele>172.02571647825926</ele></trkpt><trkpt lat="57.95098395086825" lon="14.414671948179603"><ele>171.17002762687883</ele></trkpt><trkpt lat="57.95001894235611" lon="14.414465920999646"><ele>171.1538423742163</ele></trkpt><trkpt lat="57.94969799928367" lon="14.41436399705708"><ele>171.58364400644103</ele></trkpt><trkpt lat="57.949496917426586" lon="14.41427892073989"><ele>171.85579571010368</ele></trkpt><trkpt lat="57.949317963793874" lon="14.41416995599866"><ele>172.10414576870974</ele></trkpt><trkpt lat="57.949023926630616" lon="14.413940962404013"><ele>172.52429429159636</ele></trkpt><trkpt lat="57.94883592054248" lon="14.413761924952269"><ele>172.80247038852573</ele></trkpt><trkpt lat="57.94861991889775" lon="14.413521951064467"><ele>173.13359839051785</ele></trkpt><trkpt lat="57.948334934189916" lon="14.413169994950294"><ele>173.58356296393185</ele></trkpt><trkpt lat="57.947534965351224" lon="14.412104990333319"><ele>174.87703078980314</ele></trkpt><trkpt lat="57.947024926543236" lon="14.411363946273923"><ele>175.72754062585406</ele></trkpt><trkpt lat="57.94653894379735" lon="14.410706972703338"><ele>176.5173905052694</ele></trkpt><trkpt lat="57.9462599940598" lon="14.410385945811868"><ele>176.9490343728535</ele></trkpt><trkpt lat="57.945947935804725" lon="14.410119988024235"><ele>177.401320997934</ele></trkpt><trkpt lat="57.94571592472494" lon="14.409979926422238"><ele>177.7230469756315</ele></trkpt><trkpt lat="57.945361956954" lon="14.409828968346119"><ele>178.18814758950492</ele></trkpt><trkpt lat="57.94385497458279" lon="14.409280959516764"><ele>179.93110360718717</ele></trkpt><trkpt lat="57.94334292411804" lon="14.409137964248657"><ele>180.51895587175707</ele></trkpt><trkpt lat="57.94257799163461" lon="14.408977953717113"><ele>181.39297335864467</ele></trkpt><trkpt lat="57.942081950604916" lon="14.408787935972214"><ele>181.96781802328255</ele></trkpt><trkpt lat="57.94168598949909" lon="14.408581992611289"><ele>182.43430325709116</ele></trkpt><trkpt lat="57.9413989931345" lon="14.40834897570312"><ele>182.78920167257502</ele></trkpt><trkpt lat="57.94073497876525" lon="14.407761991024017"><ele>183.62215985813592</ele></trkpt><trkpt lat="57.94034496881068" lon="14.407498966902494"><ele>184.09258952221015</ele></trkpt><trkpt lat="57.94004296883941" lon="14.40735999494791"><ele>184.38488365640134</ele></trkpt><trkpt lat="57.93742798268795" lon="14.406338995322585"><ele>183.80043519036568</ele></trkpt><trkpt lat="57.93713293969631" lon="14.406185941770673"><ele>183.73346190179794</ele></trkpt><trkpt lat="57.9369349591434" lon="14.406055938452482"><ele>183.68757719799382</ele></trkpt><trkpt lat="57.93674594722688" lon="14.405897939577699"><ele>183.642322373556</ele></trkpt><trkpt lat="57.93645299971104" lon="14.405616978183389"><ele>183.57038001019365</ele></trkpt><trkpt lat="57.93379199691117" lon="14.40271994099021"><ele>183.54963824188712</ele></trkpt><trkpt lat="57.932734955102205" lon="14.401627946645021"><ele>183.89116105853952</ele></trkpt><trkpt lat="57.93212793767452" lon="14.401039956137538"><ele>184.0845260775924</ele></trkpt><trkpt lat="57.931702975183725" lon="14.40065598115325"><ele>184.21804619445393</ele></trkpt><trkpt lat="57.930304957553744" lon="14.399452926591039"><ele>184.6534601137287</ele></trkpt><trkpt lat="57.9297979362309" lon="14.399053948000073"><ele>184.7700651273416</ele></trkpt><trkpt lat="57.92943499982357" lon="14.398813974112272"><ele>184.80480437130566</ele></trkpt><trkpt lat="57.92761193588376" lon="14.39775894396007"><ele>184.97704905774685</ele></trkpt><trkpt lat="57.92704699561" lon="14.397360971197486"><ele>185.03152329941472</ele></trkpt><trkpt lat="57.926697973161936" lon="14.39713591709733"><ele>185.06484115431354</ele></trkpt><trkpt lat="57.925754925236106" lon="14.396406942978501"><ele>185.1569066395388</ele></trkpt><trkpt lat="57.92505193501711" lon="14.395792968571186"><ele>185.22689174182133</ele></trkpt><trkpt lat="57.92492092587054" lon="14.395655924454331"><ele>185.2404265316658</ele></trkpt><trkpt lat="57.92476896196604" lon="14.395397929474711"><ele>185.34817010303678</ele></trkpt><trkpt lat="57.92471397668123" lon="14.395356941968203"><ele>185.42556861254775</ele></trkpt><trkpt lat="57.92453192174435" lon="14.39534897916019"><ele>185.663908338346</ele></trkpt><trkpt lat="57.924390938133" lon="14.395289970561862"><ele>185.8529320957404</ele></trkpt><trkpt lat="57.9240629542619" lon="14.39496299251914"><ele>186.3386468475183</ele></trkpt><trkpt lat="57.92318796738982" lon="14.394207950681448"><ele>187.5983556046609</ele></trkpt><trkpt lat="57.92262998409569" lon="14.393750969320536"><ele>188.39473345301474</ele></trkpt><trkpt lat="57.92129198089242" lon="14.392737932503223"><ele>190.28218821672223</ele></trkpt><trkpt lat="57.91872292757034" lon="14.390676990151405"><ele>195.63646900672154</ele></trkpt><trkpt lat="57.91815899312496" lon="14.39025898464024"><ele>197.37135407264753</ele></trkpt><trkpt lat="57.91774794459343" lon="14.390013981610537"><ele>198.60555647139148</ele></trkpt><trkpt lat="57.91732197627425" lon="14.389846930280328"><ele>199.8510835338726</ele></trkpt><trkpt lat="57.91697496548295" lon="14.389762943610549"><ele>200.8525935014473</ele></trkpt><trkpt lat="57.9166389349848" lon="14.389712987467647"><ele>201.81749185937187</ele></trkpt><trkpt lat="57.916468949988484" lon="14.389703935012221"><ele>202.30427706217165</ele></trkpt><trkpt lat="57.91582094505429" lon="14.389753974974155"><ele>204.1607834072793</ele></trkpt><trkpt lat="57.91495995596051" lon="14.389890935271978"><ele>206.63419021624753</ele></trkpt><trkpt lat="57.914318991824985" lon="14.389968970790505"><ele>208.26456289372814</ele></trkpt><trkpt lat="57.914067953825" lon="14.389981962740421"><ele>207.53579603001106</ele></trkpt><trkpt lat="57.91337996721268" lon="14.390068966895342"><ele>205.53481581362908</ele></trkpt><trkpt lat="57.91246198117733" lon="14.390141973271966"><ele>202.8685196276127</ele></trkpt><trkpt lat="57.91168397292495" lon="14.390255967155099"><ele>200.60397510042466</ele></trkpt><trkpt lat="57.911138981580734" lon="14.390317993238568"><ele>199.01956710658203</ele></trkpt><trkpt lat="57.9108989238739" lon="14.390309946611524"><ele>198.32282893601894</ele></trkpt><trkpt lat="57.91065794415772" lon="14.390254961326718"><ele>197.618406886486</ele></trkpt><trkpt lat="57.910535987466574" lon="14.390209950506687"><ele>197.25776024967126</ele></trkpt><trkpt lat="57.91027396917343" lon="14.39008598215878"><ele>196.4737546377331</ele></trkpt><trkpt lat="57.909552957862616" lon="14.389673927798867"><ele>194.287131973472</ele></trkpt><trkpt lat="57.908005993813276" lon="14.388651922345161"><ele>193.64353312183763</ele></trkpt><trkpt lat="57.90771195665002" lon="14.388493923470378"><ele>194.07988553911684</ele></trkpt><trkpt lat="57.9074399638921" lon="14.388310946524143"><ele>194.492063109657</ele></trkpt><trkpt lat="57.90687292814255" lon="14.387966953217983"><ele>195.34221025243446</ele></trkpt><trkpt lat="57.90567993186414" lon="14.387174947187304"><ele>197.14740539957802</ele></trkpt><trkpt lat="57.9049569927156" lon="14.38664797693491"><ele>198.25370310949978</ele></trkpt><trkpt lat="57.90469095110893" lon="14.386391993612051"><ele>198.68007844464017</ele></trkpt><trkpt lat="57.90438995696604" lon="14.38596099615097"><ele>199.21977568575502</ele></trkpt><trkpt lat="57.903792997822165" lon="14.384877970442176"><ele>200.0551508152641</ele></trkpt><trkpt lat="57.903597950935364" lon="14.384549986571074"><ele>199.80245492260474</ele></trkpt><trkpt lat="57.90345495566726" lon="14.38434898853302"><ele>199.63002763877918</ele></trkpt><trkpt lat="57.90311791934073" lon="14.383971970528364"><ele>199.2512384159119</ele></trkpt><trkpt lat="57.90286595933139" lon="14.38374993391335"><ele>198.98245362101517</ele></trkpt><trkpt lat="57.90255297906697" lon="14.383575925603509"><ele>198.66716254457583</ele></trkpt><trkpt lat="57.901858957484365" lon="14.383398983627558"><ele>197.9905384151784</ele></trkpt><trkpt lat="57.900895960628986" lon="14.383116932585835"><ele>197.04897988516677</ele></trkpt><trkpt lat="57.90068197064102" lon="14.383020959794521"><ele>196.83645256896818</ele></trkpt><trkpt lat="57.90047694928944" lon="14.382904954254627"><ele>196.62962038882165</ele></trkpt><trkpt lat="57.90028491988778" lon="14.382764976471663"><ele>196.43066759490304</ele></trkpt><trkpt lat="57.90008098818362" lon="14.38258996233344"><ele>196.21412703317452</ele></trkpt><trkpt lat="57.89976599626243" lon="14.382238928228617"><ele>195.8604514363888</ele></trkpt><trkpt lat="57.89901095442474" lon="14.381166966632009"><ele>194.94668160085442</ele></trkpt><trkpt lat="57.898010993376374" lon="14.379661995917559"><ele>190.2711794085022</ele></trkpt><trkpt lat="57.894147941842675" lon="14.373736996203661"><ele>172.78521623854</ele></trkpt><trkpt lat="57.89348895661533" lon="14.372802916914225"><ele>172.19609164334295</ele></trkpt><trkpt lat="57.89168894290924" lon="14.369834968820214"><ele>170.4870935143969</ele></trkpt><trkpt lat="57.89108796045184" lon="14.368875995278358"><ele>169.9244102935826</ele></trkpt><trkpt lat="57.89019092917442" lon="14.36754897236824"><ele>168.86313729247908</ele></trkpt><trkpt lat="57.88957896642387" lon="14.366698963567615"><ele>167.46546505421506</ele></trkpt><trkpt lat="57.889485927298665" lon="14.36655797995627"><ele>167.24595802120834</ele></trkpt><trkpt lat="57.88924293592572" lon="14.366115918383002"><ele>166.6248755629326</ele></trkpt><trkpt lat="57.88895795121789" lon="14.365827916190028"><ele>166.0304783772317</ele></trkpt><trkpt lat="57.88771499879658" lon="14.364072997123003"><ele>163.17502858460313</ele></trkpt><trkpt lat="57.88022794760764" lon="14.353276938199997"><ele>152.91477031585262</ele></trkpt><trkpt lat="57.879495956003666" lon="14.35223096050322"><ele>152.80239179479898</ele></trkpt><trkpt lat="57.879082979634404" lon="14.351672977209091"><ele>152.74023098344216</ele></trkpt><trkpt lat="57.87886396050453" lon="14.3514359369874"><ele>152.7093405700062</ele></trkpt><trkpt lat="57.87874896079302" lon="14.351347927004099"><ele>152.69416319867292</ele></trkpt><trkpt lat="57.878632955253124" lon="14.351296965032816"><ele>152.6796004794081</ele></trkpt><trkpt lat="57.87759091705084" lon="14.351066965609789"><ele>152.55134324572083</ele></trkpt><trkpt lat="57.876123916357756" lon="14.350802935659885"><ele>152.69812000087836</ele></trkpt><trkpt lat="57.87445893511176" lon="14.350439999252558"><ele>153.45435261635856</ele></trkpt><trkpt lat="57.87424092181027" lon="14.350370932370424"><ele>153.5541014737663</ele></trkpt><trkpt lat="57.87402492016554" lon="14.35027395375073"><ele>153.6542958050719</ele></trkpt><trkpt lat="57.87381696514785" lon="14.350139927119017"><ele>153.7534781773967</ele></trkpt><trkpt lat="57.87361496128142" lon="14.349981928244233"><ele>153.8521874283462</ele></trkpt><trkpt lat="57.87334196269512" lon="14.349685963243246"><ele>153.9943623767965</ele></trkpt><trkpt lat="57.87308497354388" lon="14.349306933581829"><ele>154.14172031540443</ele></trkpt><trkpt lat="57.872620951384306" lon="14.348434964194894"><ele>154.4376966416267</ele></trkpt><trkpt lat="57.87158293649554" lon="14.346367986872792"><ele>154.73399849772812</ele></trkpt><trkpt lat="57.87141999229789" lon="14.34608199633658"><ele>154.617278966598</ele></trkpt><trkpt lat="57.871243972331285" lon="14.345814948901534"><ele>154.49884604039474</ele></trkpt><trkpt lat="57.87105898372829" lon="14.345580926164985"><ele>154.38209476771164</ele></trkpt><trkpt lat="57.87085899151862" lon="14.345365930348635"><ele>154.261462536674</ele></trkpt><trkpt lat="57.869523921981454" lon="14.344055922701955"><ele>153.47289246595298</ele></trkpt><trkpt lat="57.869008937850595" lon="14.343523923307657"><ele>153.16520248250563</ele></trkpt><trkpt lat="57.86871397867799" lon="14.34314095415175"><ele>152.97750067064254</ele></trkpt><trkpt lat="57.86844299174845" lon="14.342705933377147"><ele>152.79091389882217</ele></trkpt><trkpt lat="57.86828398704529" lon="14.342382978647947"><ele>152.66834658030376</ele></trkpt><trkpt lat="57.86814199760556" lon="14.342035967856646"><ele>152.54640961564633</ele></trkpt><trkpt lat="57.86797192879021" lon="14.341457951813936"><ele>152.3624350501382</ele></trkpt><trkpt lat="57.86571795120835" lon="14.33295794762671"><ele>149.0999892157426</ele></trkpt><trkpt lat="57.86454892717302" lon="14.328236924484372"><ele>148.84164128793074</ele></trkpt><trkpt lat="57.8640319313854" lon="14.326234990730882"><ele>149.18016434810755</ele></trkpt><trkpt lat="57.863852977752686" lon="14.325661920011044"><ele>149.28125120959368</ele></trkpt><trkpt lat="57.86371794529259" lon="14.325312981382012"><ele>149.34689227832953</ele></trkpt><trkpt lat="57.86340898834169" lon="14.324647961184382"><ele>149.48120740376584</ele></trkpt><trkpt lat="57.86297899670899" lon="14.323872970417142"><ele>149.65155957897684</ele></trkpt><trkpt lat="57.862392934039235" lon="14.322764966636896"><ele>149.8892578079369</ele></trkpt><trkpt lat="57.86207794211805" lon="14.322065999731421"><ele>149.91401642365884</ele></trkpt><trkpt lat="57.861875938251615" lon="14.321485972031951"><ele>149.86381565891875</ele></trkpt><trkpt lat="57.86066399887204" lon="14.31688598357141"><ele>149.4921054912686</ele></trkpt><trkpt lat="57.86035797558725" lon="14.315783930942416"><ele>149.40208372634694</ele></trkpt><trkpt lat="57.8597439173609" lon="14.313392993062735"><ele>149.20982361900346</ele></trkpt><trkpt lat="57.85923697985709" lon="14.311499940231442"><ele>153.4398266434925</ele></trkpt><trkpt lat="57.85849794745445" lon="14.308580942451954"><ele>160.52196013168214</ele></trkpt><trkpt lat="57.85835998132825" lon="14.30807895027101"><ele>161.7598143216319</ele></trkpt><trkpt lat="57.858198964968324" lon="14.307654993608594"><ele>162.90101837016076</ele></trkpt><trkpt lat="57.8581069316715" lon="14.307457935065031"><ele>163.47549029069307</ele></trkpt><trkpt lat="57.857834938913584" lon="14.307101955637336"><ele>164.84032301004856</ele></trkpt><trkpt lat="57.85759295336902" lon="14.306862987577915"><ele>165.9659748082011</ele></trkpt><trkpt lat="57.857361948117614" lon="14.306741952896118"><ele>166.95351575674144</ele></trkpt><trkpt lat="57.85713597200811" lon="14.306685961782932"><ele>167.89212989123016</ele></trkpt><trkpt lat="57.856270959600806" lon="14.306648997589946"><ele>171.4551482322864</ele></trkpt><trkpt lat="57.85596493631601" lon="14.306591916829348"><ele>172.88318852095236</ele></trkpt><trkpt lat="57.85450899973512" lon="14.306144993752241"><ele>180.35371099794037</ele></trkpt><trkpt lat="57.85391497425735" lon="14.305943995714188"><ele>183.41020724977247</ele></trkpt><trkpt lat="57.85280395299196" lon="14.305621962994337"><ele>189.10291681251402</ele></trkpt><trkpt lat="57.85178194753826" lon="14.305309988558292"><ele>194.3461598952179</ele></trkpt><trkpt lat="57.85152998752892" lon="14.30521896108985"><ele>195.64544338008253</ele></trkpt><trkpt lat="57.851323960348964" lon="14.305095998570323"><ele>196.74011083540975</ele></trkpt><trkpt lat="57.85103294067085" lon="14.304819982498884"><ele>198.39087807171256</ele></trkpt><trkpt lat="57.85079598426819" lon="14.304500967264175"><ele>199.86696841594008</ele></trkpt><trkpt lat="57.85060093738139" lon="14.30416896007955"><ele>199.8996884186327</ele></trkpt><trkpt lat="57.85025794990361" lon="14.303442919626832"><ele>199.47362859114855</ele></trkpt><trkpt lat="57.849024971947074" lon="14.300424931570888"><ele>197.80386259094368</ele></trkpt><trkpt lat="57.84869698807597" lon="14.299693945795298"><ele>197.38424743766825</ele></trkpt><trkpt lat="57.847973965108395" lon="14.298286959528923"><ele>196.52586227696509</ele></trkpt><trkpt lat="57.84658097662032" lon="14.295678930357099"><ele>193.37402644049007</ele></trkpt><trkpt lat="57.84386892803013" lon="14.290489945560694"><ele>182.1383639070988</ele></trkpt><trkpt lat="57.84366298466921" lon="14.290087949484587"><ele>181.276329084946</ele></trkpt><trkpt lat="57.84347891807556" lon="14.289676984772086"><ele>180.446499316206</ele></trkpt><trkpt lat="57.84325897693634" lon="14.289049934595823"><ele>179.25015821761505</ele></trkpt><trkpt lat="57.843073988333344" lon="14.28835297934711"><ele>177.7325669478136</ele></trkpt><trkpt lat="57.84110398963094" lon="14.279387947171926"><ele>158.7849143449662</ele></trkpt><trkpt lat="57.84092294052243" lon="14.278593929484487"><ele>156.8365442194595</ele></trkpt><trkpt lat="57.840777933597565" lon="14.27806394174695"><ele>155.4924335767486</ele></trkpt><trkpt lat="57.8405169211328" lon="14.277284927666187"><ele>153.4161605306077</ele></trkpt><trkpt lat="57.839336916804314" lon="14.274564916267991"><ele>145.5012052217723</ele></trkpt><trkpt lat="57.83898395486176" lon="14.273888999596238"><ele>143.36538318458292</ele></trkpt><trkpt lat="57.83885395154357" lon="14.273692946881056"><ele>142.65893575799913</ele></trkpt><trkpt lat="57.83857299014926" lon="14.273352976888418"><ele>141.24272890330374</ele></trkpt><trkpt lat="57.83842798322439" lon="14.273214926943183"><ele>140.55384383408187</ele></trkpt><trkpt lat="57.83812497742474" lon="14.273002948611975"><ele>139.18367519031617</ele></trkpt><trkpt lat="57.837810991331935" lon="14.27284394390881"><ele>137.8056243565143</ele></trkpt><trkpt lat="57.83764695748687" lon="14.272782923653722"><ele>137.09701314271575</ele></trkpt><trkpt lat="57.836112985387444" lon="14.272352932021022"><ele>130.4898605075748</ele></trkpt><trkpt lat="57.8342779353261" lon="14.271866949275136"><ele>122.58341439689029</ele></trkpt><trkpt lat="57.832421930506825" lon="14.271419942378998"><ele>114.60016645328255</ele></trkpt><trkpt lat="57.83123195171356" lon="14.27120796404779"><ele>114.31325616850987</ele></trkpt><trkpt lat="57.830809922888875" lon="14.271152978762984"><ele>115.97395403188692</ele></trkpt><trkpt lat="57.82871293835342" lon="14.270792976021767"><ele>124.24019636437116</ele></trkpt><trkpt lat="57.828123942017555" lon="14.27067194133997"><ele>126.56616016231217</ele></trkpt><trkpt lat="57.82714694738388" lon="14.270534981042147"><ele>130.41212088777056</ele></trkpt><trkpt lat="57.82633197493851" lon="14.270463986322284"><ele>133.61481738616772</ele></trkpt><trkpt lat="57.82490395009518" lon="14.27047898992896"><ele>132.6995376199331</ele></trkpt><trkpt lat="57.82437295652926" lon="14.270510924980044"><ele>132.2935676531324</ele></trkpt><trkpt lat="57.82387398183346" lon="14.270571945235133"><ele>131.9114654687877</ele></trkpt><trkpt lat="57.82344499602914" lon="14.270658949390054"><ele>131.5817469991718</ele></trkpt><trkpt lat="57.82298591919243" lon="14.270784929394722"><ele>131.2272144988493</ele></trkpt><trkpt lat="57.82237999141216" lon="14.271001936867833"><ele>130.75584491047138</ele></trkpt><trkpt lat="57.819783948361874" lon="14.272117987275124"><ele>127.99250121583697</ele></trkpt><trkpt lat="57.81919193454087" lon="14.27228394895792"><ele>127.12209778962809</ele></trkpt><trkpt lat="57.81899495981634" lon="14.272322924807668"><ele>126.83408598457909</ele></trkpt><trkpt lat="57.81803397461772" lon="14.272418981418014"><ele>125.4347156058428</ele></trkpt><trkpt lat="57.817292930558324" lon="14.272532975301147"><ele>124.353535030353</ele></trkpt><trkpt lat="57.81679093837738" lon="14.272684939205647"><ele>123.61414857748875</ele></trkpt><trkpt lat="57.81554597429931" lon="14.273247951641679"><ele>121.75203831809492</ele></trkpt><trkpt lat="57.8151579760015" lon="14.27340293303132"><ele>121.27052972260469</ele></trkpt><trkpt lat="57.81502294354141" lon="14.273437969386578"><ele>121.13668379956904</ele></trkpt><trkpt lat="57.81488195993006" lon="14.27344492636621"><ele>120.9982070049495</ele></trkpt><trkpt lat="57.81474692746997" lon="14.273425983265042"><ele>120.86525169277283</ele></trkpt><trkpt lat="57.81435892917216" lon="14.27331693470478"><ele>120.48003844619342</ele></trkpt><trkpt lat="57.81391695141792" lon="14.273151978850365"><ele>120.0375766185395</ele></trkpt><trkpt lat="57.813814943656325" lon="14.273148961365223"><ele>119.93740480722595</ele></trkpt><trkpt lat="57.81341495923698" lon="14.273278964683414"><ele>119.53882558932229</ele></trkpt><trkpt lat="57.8127989731729" lon="14.273516926914454"><ele>118.92132806297404</ele></trkpt><trkpt lat="57.81259596347809" lon="14.273575935512781"><ele>118.71962165887449</ele></trkpt><trkpt lat="57.81240493990481" lon="14.273663945496082"><ele>118.52649321951698</ele></trkpt><trkpt lat="57.81169599853456" lon="14.273896962404251"><ele>117.81980864661162</ele></trkpt><trkpt lat="57.810739958658814" lon="14.274266939610243"><ele>116.86135244735745</ele></trkpt><trkpt lat="57.81032396480441" lon="14.274408929049969"><ele>116.44619900478676</ele></trkpt><trkpt lat="57.809817949309945" lon="14.274548990651965"><ele>115.86529919631099</ele></trkpt><trkpt lat="57.80942592769861" lon="14.274608921259642"><ele>115.11427361711382</ele></trkpt><trkpt lat="57.80901596881449" lon="14.274724926799536"><ele>114.32263138351236</ele></trkpt><trkpt lat="57.808569967746735" lon="14.274782929569483"><ele>113.46897135174719</ele></trkpt><trkpt lat="57.80823594890535" lon="14.27479793317616"><ele>112.83099518060345</ele></trkpt><trkpt lat="57.80802296474576" lon="14.274829952046275"><ele>112.42300946295376</ele></trkpt><trkpt lat="57.807709984481335" lon="14.274820983409882"><ele>111.82531843993101</ele></trkpt><trkpt lat="57.80713699758053" lon="14.274838920682669"><ele>110.73107421557803</ele></trkpt><trkpt lat="57.80679392628372" lon="14.274802962318063"><ele>110.07497482567138</ele></trkpt><trkpt lat="57.80624398961663" lon="14.274693997576833"><ele>109.01906127073713</ele></trkpt><trkpt lat="57.8060279879719" lon="14.27471092902124"><ele>108.60625656721038</ele></trkpt><trkpt lat="57.80591499991715" lon="14.274699948728085"><ele>108.39022208974325</ele></trkpt><trkpt lat="57.805691957473755" lon="14.274635994806886"><ele>107.95939168978248</ele></trkpt><trkpt lat="57.80525894835591" lon="14.274547984823585"><ele>107.12774682668149</ele></trkpt><trkpt lat="57.80455092899501" lon="14.27434396930039"><ele>105.75997638736501</ele></trkpt><trkpt lat="57.804336939007044" lon="14.27432494238019"><ele>105.36510920244669</ele></trkpt><trkpt lat="57.80421799980104" lon="14.2742829490453"><ele>105.16875867800886</ele></trkpt><trkpt lat="57.80339699238539" lon="14.27391892299056"><ele>103.800097711621</ele></trkpt><trkpt lat="57.80292894691229" lon="14.273681966587901"><ele>103.01360220970244</ele></trkpt><trkpt lat="57.80102298595011" lon="14.272650992497802"><ele>99.7955080419692</ele></trkpt><trkpt lat="57.80004993081093" lon="14.272105917334557"><ele>98.14800311320649</ele></trkpt><trkpt lat="57.79972395859659" lon="14.271907936781645"><ele>97.59214073008351</ele></trkpt><trkpt lat="57.79941491782665" lon="14.271654970943928"><ele>97.04513394374463</ele></trkpt><trkpt lat="57.79838293790817" lon="14.27071695216"><ele>96.18412988096077</ele></trkpt><trkpt lat="57.79775395989418" lon="14.270167937502265"><ele>95.94464022460123</ele></trkpt><trkpt lat="57.79622795060277" lon="14.268714934587479"><ele>95.35385955985353</ele></trkpt><trkpt lat="57.79594992287457" lon="14.26850195042789"><ele>95.25018284974034</ele></trkpt><trkpt lat="57.79550199396908" lon="14.268203973770142"><ele>95.08610986392623</ele></trkpt><trkpt lat="57.79543896205723" lon="14.268203973770142"><ele>95.06434885638417</ele></trkpt><trkpt lat="57.795377941802144" lon="14.268247978761792"><ele>95.04178001751195</ele></trkpt><trkpt lat="57.79526495374739" lon="14.268417963758111"><ele>94.99178205263364</ele></trkpt><trkpt lat="57.79512598179281" lon="14.26856598816812"><ele>94.93661230576257</ele></trkpt><trkpt lat="57.79373693279922" lon="14.2694909311831"><ele>94.44536328571745</ele></trkpt><trkpt lat="57.79298993758857" lon="14.27002896554768"><ele>94.21206883412121</ele></trkpt><trkpt lat="57.792927995324135" lon="14.270065929740667"><ele>94.1931171416543</ele></trkpt><trkpt lat="57.792862951755524" lon="14.270064923912287"><ele>94.17415205896664</ele></trkpt><trkpt lat="57.79280494898558" lon="14.270018991082907"><ele>94.15579581686163</ele></trkpt><trkpt lat="57.792760943993926" lon="14.26991798914969"><ele>94.13552342785273</ele></trkpt><trkpt lat="57.792606968432665" lon="14.268837980926037"><ele>93.96178987071056</ele></trkpt><trkpt lat="57.792545948177576" lon="14.26826499402523"><ele>93.87098759786959</ele></trkpt><trkpt lat="57.79249196872115" lon="14.268080927431583"><ele>93.83833961068305</ele></trkpt><trkpt lat="57.79245492070913" lon="14.267021957784891"><ele>93.673420993968</ele></trkpt><trkpt lat="57.79246799647808" lon="14.266305975615978"><ele>93.56209162570615</ele></trkpt><trkpt lat="57.792436983436346" lon="14.265333926305175"><ele>93.410764128897</ele></trkpt><trkpt lat="57.79238794930279" lon="14.26465691998601"><ele>93.30458984262071</ele></trkpt><trkpt lat="57.792310919612646" lon="14.263964993879199"><ele>93.19474325885439</ele></trkpt><trkpt lat="57.791771963238716" lon="14.26074793562293"><ele>93.43164676654206</ele></trkpt><trkpt lat="57.79173793271184" lon="14.260585997253656"><ele>93.48547758875014</ele></trkpt><trkpt lat="57.791622933000326" lon="14.260234963148832"><ele>93.61290019837409</ele></trkpt><trkpt lat="57.79149795882404" lon="14.259245982393622"><ele>93.92721956947314</ele></trkpt><trkpt lat="57.791338954120874" lon="14.258496975526214"><ele>94.17654606745523</ele></trkpt><trkpt lat="57.791146924719214" lon="14.257168946787715"><ele>94.60208580531594</ele></trkpt><trkpt lat="57.7910649497062" lon="14.256787989288568"><ele>94.72913649455208</ele></trkpt><trkpt lat="57.79101197607815" lon="14.256391944363713"><ele>94.85541236434732</ele></trkpt><trkpt lat="57.79095799662173" lon="14.255560962483287"><ele>95.11429818599758</ele></trkpt><trkpt lat="57.790971994400024" lon="14.254568964242935"><ele>95.42118518659846</ele></trkpt><trkpt lat="57.791016921401024" lon="14.254014920443296"><ele>95.59449685103313</ele></trkpt><trkpt lat="57.7912219427526" lon="14.25232496112585"><ele>96.13048803648617</ele></trkpt><trkpt lat="57.79126192443073" lon="14.251727918162942"><ele>96.63672237540027</ele></trkpt><trkpt lat="57.79126594774425" lon="14.251331957057118"><ele>96.98201051423186</ele></trkpt><trkpt lat="57.791212974116206" lon="14.250534921884537"><ele>97.6823013485566</ele></trkpt><trkpt lat="57.79111398383975" lon="14.249733947217464"><ele>98.39917341353092</ele></trkpt><trkpt lat="57.791099986061454" lon="14.249352989718318"><ele>98.73210740611951</ele></trkpt><trkpt lat="57.791040977463126" lon="14.248764999210835"><ele>99.25376741438315</ele></trkpt><trkpt lat="57.790758926421404" lon="14.246598947793245"><ele>101.19783441525621</ele></trkpt><trkpt lat="57.7906899433583" lon="14.245955972000957"><ele>101.76967581381945</ele></trkpt><trkpt lat="57.790543930605054" lon="14.244906976819038"><ele>102.71494802476843</ele></trkpt><trkpt lat="57.79042499139905" lon="14.244382940232754"><ele>103.21154600350495</ele></trkpt><trkpt lat="57.790269926190376" lon="14.243898969143629"><ele>103.7038830199515</ele></trkpt><trkpt lat="57.789107942953706" lon="14.24129898659885"><ele>106.3594269373257</ele></trkpt><trkpt lat="57.788804937154055" lon="14.240573951974511"><ele>106.99573409119682</ele></trkpt><trkpt lat="57.788658924400806" lon="14.240163993090391"><ele>107.33626536371457</ele></trkpt><trkpt lat="57.78857393190265" lon="14.239865932613611"><ele>107.56972912773904</ele></trkpt><trkpt lat="57.788505954667926" lon="14.239547923207283"><ele>107.80636880405737</ele></trkpt><trkpt lat="57.7882429305464" lon="14.237850923091173"><ele>109.02697219495339</ele></trkpt><trkpt lat="57.788050984963775" lon="14.236771920695901"><ele>109.81261182294307</ele></trkpt><trkpt lat="57.78774496167898" lon="14.235666934400797"><ele>110.67265678178356</ele></trkpt><trkpt lat="57.78757497668266" lon="14.235196961089969"><ele>111.0649264462233</ele></trkpt><trkpt lat="57.787323938682675" lon="14.234628919512033"><ele>111.57456187922577</ele></trkpt><trkpt lat="57.787279933691025" lon="14.234501933678985"><ele>111.67917328362857</ele></trkpt><trkpt lat="57.78717993758619" lon="14.234077977016568"><ele>111.99937900942285</ele></trkpt><trkpt lat="57.78711992315948" lon="14.23395593650639"><ele>112.11406048895905</ele></trkpt><trkpt lat="57.787049934268" lon="14.233859963715076"><ele>112.22638886429813</ele></trkpt><trkpt lat="57.78647099621594" lon="14.233311954885721"><ele>112.97332346469491</ele></trkpt><trkpt lat="57.78623596765101" lon="14.233005931600928"><ele>113.29318986048828</ele></trkpt><trkpt lat="57.78615893796086" lon="14.232887998223305"><ele>113.4043541539387</ele></trkpt><trkpt lat="57.785965986549854" lon="14.232487929984927"><ele>113.72590201003642</ele></trkpt><trkpt lat="57.78581092134118" lon="14.232050981372595"><ele>114.03875636450655</ele></trkpt><trkpt lat="57.78570195659995" lon="14.231571955606341"><ele>114.3491665097196</ele></trkpt><trkpt lat="57.7852329891175" lon="14.229095941409469"><ele>115.9152857176607</ele></trkpt><trkpt lat="57.78500399552286" lon="14.227726925164461"><ele>116.77047140309065</ele></trkpt><trkpt lat="57.78466997668147" lon="14.226080970838666"><ele>117.82017763616825</ele></trkpt><trkpt lat="57.78421198949218" lon="14.2242659535259"><ele>117.98763012884076</ele></trkpt><trkpt lat="57.78368795290589" lon="14.222037959843874"><ele>116.00218747391337</ele></trkpt><trkpt lat="57.78361997567117" lon="14.22166295349598"><ele>115.67924757810039</ele></trkpt><trkpt lat="57.7832299657166" lon="14.219049979001284"><ele>113.46691114345022</ele></trkpt><trkpt lat="57.78288094326854" lon="14.216626938432455"><ele>111.420493509528</ele></trkpt><trkpt lat="57.7826049271971" lon="14.214043971151114"><ele>108.2842107025297</ele></trkpt><trkpt lat="57.782273925840855" lon="14.211215917021036"><ele>103.12668985082301</ele></trkpt><trkpt lat="57.7819539885968" lon="14.20731296762824"><ele>96.09268460935857</ele></trkpt><trkpt lat="57.78189598582685" lon="14.20645298436284"><ele>94.54858261527191</ele></trkpt><trkpt lat="57.78183395974338" lon="14.205745970830321"><ele>93.27223708396633</ele></trkpt><trkpt lat="57.78175198473036" lon="14.205053960904479"><ele>92.00949071115267</ele></trkpt><trkpt lat="57.78168895281851" lon="14.20393799431622"><ele>91.55901192286767</ele></trkpt><trkpt lat="57.781521985307336" lon="14.201877973973751"><ele>91.48435684471771</ele></trkpt><trkpt lat="57.7813979331404" lon="14.200041918084025"><ele>91.41804766479456</ele></trkpt><trkpt lat="57.78137597255409" lon="14.199247984215617"><ele>91.38956392246762</ele></trkpt><trkpt lat="57.78137697838247" lon="14.19759993441403"><ele>91.33051666075481</ele></trkpt><trkpt lat="57.78141092509031" lon="14.193353997543454"><ele>91.17986044195118</ele></trkpt><trkpt lat="57.78145995922387" lon="14.190843952819705"><ele>91.09321320939016</ele></trkpt><trkpt lat="57.78148393146694" lon="14.190661981701851"><ele>91.08674695694378</ele></trkpt><trkpt lat="57.78152693063021" lon="14.190499959513545"><ele>91.08050349816224</ele></trkpt><trkpt lat="57.78169993311167" lon="14.190051946789026"><ele>91.06142043269259</ele></trkpt><trkpt lat="57.781735975295305" lon="14.189881961792707"><ele>91.0551097816598</ele></trkpt><trkpt lat="57.78175592422485" lon="14.189532939344645"><ele>91.04300064990856</ele></trkpt><trkpt lat="57.78172097168863" lon="14.189016949385405"><ele>91.0250575734962</ele></trkpt><trkpt lat="57.78172994032502" lon="14.188679996877909"><ele>91.01341932426155</ele></trkpt><trkpt lat="57.78192792087793" lon="14.187666960060596"><ele>90.97619902219266</ele></trkpt><trkpt lat="57.78204694390297" lon="14.186742939054966"><ele>90.9434063747668</ele></trkpt><trkpt lat="57.78210997581482" lon="14.185947999358177"><ele>90.91568216906309</ele></trkpt><trkpt lat="57.78221793472767" lon="14.182888939976692"><ele>91.0208538358716</ele></trkpt><trkpt lat="57.78228792361915" lon="14.181909933686256"><ele>91.13090014752808</ele></trkpt><trkpt lat="57.78238498605788" lon="14.18094995431602"><ele>91.2397565621009</ele></trkpt><trkpt lat="57.78351394459605" lon="14.171934965997934"><ele>92.06558886478022</ele></trkpt><trkpt lat="57.78381393291056" lon="14.169684927910566"><ele>92.11421842320641</ele></trkpt><trkpt lat="57.78382399119437" lon="14.169379994273186"><ele>92.12062417693504</ele></trkpt><trkpt lat="57.78381099924445" lon="14.169141948223114"><ele>92.1256413627526</ele></trkpt><trkpt lat="57.78366792015731" lon="14.167857924476266"><ele>92.15314528067906</ele></trkpt><trkpt lat="57.7836739551276" lon="14.167406978085637"><ele>92.16260326737263</ele></trkpt><trkpt lat="57.78400897979736" lon="14.164201989769936"><ele>92.23108164959623</ele></trkpt><trkpt lat="57.784227998927236" lon="14.162302985787392"><ele>92.09704019234374</ele></trkpt><trkpt lat="57.78425892814994" lon="14.162110956385732"><ele>92.08082305018989</ele></trkpt><trkpt lat="57.784356996417046" lon="14.161745924502611"><ele>92.04777768625543</ele></trkpt><trkpt lat="57.78481892310083" lon="14.160378919914365"><ele>91.91693675416386</ele></trkpt><trkpt lat="57.78494398109615" lon="14.159798976033926"><ele>91.86636331945185</ele></trkpt><trkpt lat="57.78508194722235" lon="14.159002946689725"><ele>91.79869629111727</ele></trkpt><trkpt lat="57.785172974690795" lon="14.158616960048676"><ele>91.7645761067658</ele></trkpt><trkpt lat="57.78595693409443" lon="14.155966937541962"><ele>91.51957454997059</ele></trkpt><trkpt lat="57.786076962947845" lon="14.155396968126297"><ele>91.47003429282948</ele></trkpt><trkpt lat="57.786077968776226" lon="14.155108965933323"><ele>91.44675221375137</ele></trkpt><trkpt lat="57.786056930199265" lon="14.15480394847691"><ele>91.42188960227286</ele></trkpt><trkpt lat="57.78608098626137" lon="14.154493985697627"><ele>91.39656860990904</ele></trkpt><trkpt lat="57.7861759532243" lon="14.154215957969427"><ele>91.48215155646474</ele></trkpt><trkpt lat="57.78645699843764" lon="14.153593936935067"><ele>91.70573336560467</ele></trkpt><trkpt lat="57.786548947915435" lon="14.153314987197518"><ele>91.79566331940156</ele></trkpt><trkpt lat="57.786610973998904" lon="14.153011981397867"><ele>91.88466268268547</ele></trkpt><trkpt lat="57.78671398758888" lon="14.152236990630627"><ele>92.10367127042527</ele></trkpt><trkpt lat="57.78678992763162" lon="14.151811944320798"><ele>92.22659011806633</ele></trkpt><trkpt lat="57.78691892512143" lon="14.151437943801284"><ele>92.34873452991714</ele></trkpt><trkpt lat="57.787237940356135" lon="14.150690948590636"><ele>92.61118295422789</ele></trkpt><trkpt lat="57.78737599030137" lon="14.150449968874454"><ele>92.70817923010952</ele></trkpt><trkpt lat="57.78745796531439" lon="14.150348966941237"><ele>92.75862645341137</ele></trkpt><trkpt lat="57.78754999861121" lon="14.15026699192822"><ele>92.81103113730994</ele></trkpt><trkpt lat="57.78765192255378" lon="14.150198930874467"><ele>92.86668059854601</ele></trkpt><trkpt lat="57.78786792419851" lon="14.15009499527514"><ele>92.98138298342971</ele></trkpt><trkpt lat="57.78864492662251" lon="14.14979693479836"><ele>93.38932320621865</ele></trkpt><trkpt lat="57.789409942924976" lon="14.149458976462483"><ele>93.79359089924125</ele></trkpt><trkpt lat="57.79033698141575" lon="14.14900291711092"><ele>94.37033661375486</ele></trkpt><trkpt lat="57.790520964190364" lon="14.148931922391057"><ele>94.66669441897427</ele></trkpt><trkpt lat="57.79113292694092" lon="14.14874391630292"><ele>95.64508658941277</ele></trkpt><trkpt lat="57.79138899408281" lon="14.148675939068198"><ele>96.05312438411644</ele></trkpt><trkpt lat="57.79151497408748" lon="14.14865791797638"><ele>96.25246798828633</ele></trkpt><trkpt lat="57.79321298003197" lon="14.1484409943223"><ele>98.93772373484187</ele></trkpt><trkpt lat="57.79394991695881" lon="14.148381985723972"><ele>100.10149454457274</ele></trkpt><trkpt lat="57.794371945783496" lon="14.148425990715623"><ele>100.76838377030374</ele></trkpt><trkpt lat="57.79491693712771" lon="14.148513916879892"><ele>101.63142421668489</ele></trkpt><trkpt lat="57.79637798666954" lon="14.148968970403075"><ele>103.47238692033599</ele></trkpt><trkpt lat="57.79699699021876" lon="14.149131998419762"><ele>103.95885825503476</ele></trkpt><trkpt lat="57.79810097068548" lon="14.149389993399382"><ele>104.82468570719142</ele></trkpt><trkpt lat="57.7989549189806" lon="14.149550925940275"><ele>105.49262744660884</ele></trkpt><trkpt lat="57.79987692832947" lon="14.149751923978329"><ele>106.21502129390556</ele></trkpt><trkpt lat="57.80061696656048" lon="14.14992299862206"><ele>106.79532097849672</ele></trkpt><trkpt lat="57.80177693814039" lon="14.150219969451427"><ele>108.80635065507205</ele></trkpt><trkpt lat="57.802084973081946" lon="14.150264980271459"><ele>109.7020766400733</ele></trkpt><trkpt lat="57.80248696915805" lon="14.15028995834291"><ele>110.86814082151531</ele></trkpt><trkpt lat="57.803219966590405" lon="14.150293981656432"><ele>112.99318055717235</ele></trkpt><trkpt lat="57.80424297787249" lon="14.150327928364277"><ele>115.95945301115188</ele></trkpt><trkpt lat="57.80445193871856" lon="14.15031393058598"><ele>116.5656365114178</ele></trkpt><trkpt lat="57.80455796979368" lon="14.15029096417129"><ele>116.87507116945491</ele></trkpt><trkpt lat="57.80475393868983" lon="14.150196919217706"><ele>117.46148192791064</ele></trkpt><trkpt lat="57.805001959204674" lon="14.150107987225056"><ele>118.1935217528325</ele></trkpt><trkpt lat="57.80508393421769" lon="14.150060964748263"><ele>118.44202677016757</ele></trkpt><trkpt lat="57.8056569211185" lon="14.149611946195364"><ele>120.24214824514009</ele></trkpt><trkpt lat="57.806225968524814" lon="14.149201987311244"><ele>122.00922539723022</ele></trkpt><trkpt lat="57.806828962638974" lon="14.14869898930192"><ele>123.43728328039526</ele></trkpt><trkpt lat="57.80735199339688" lon="14.148316942155361"><ele>123.63752977328409</ele></trkpt><trkpt lat="57.807776955887675" lon="14.148097923025489"><ele>123.79476503479955</ele></trkpt><trkpt lat="57.80836695805192" lon="14.147909916937351"><ele>124.0082852390865</ele></trkpt><trkpt lat="57.80844599939883" lon="14.147911928594112"><ele>124.03648918722149</ele></trkpt><trkpt lat="57.80852193944156" lon="14.147959956899285"><ele>124.06508068997782</ele></trkpt><trkpt lat="57.80866292305291" lon="14.148136982694268"><ele>124.12559970167135</ele></trkpt><trkpt lat="57.808741964399815" lon="14.148190962150693"><ele>124.15560958350933</ele></trkpt><trkpt lat="57.80883491970599" lon="14.148179981857538"><ele>124.18884094222439</ele></trkpt><trkpt lat="57.808936927467585" lon="14.148121979087591"><ele>124.22686978901855</ele></trkpt><trkpt lat="57.80911797657609" lon="14.147955933585763"><ele>124.29876490676803</ele></trkpt><trkpt lat="57.80930799432099" lon="14.147828947752714"><ele>124.37073033155234</ele></trkpt><trkpt lat="57.80950195156038" lon="14.147740937769413"><ele>124.44192605222187</ele></trkpt><trkpt lat="57.80969196930528" lon="14.147676983848214"><ele>124.51080413014472</ele></trkpt><trkpt lat="57.81081598252058" lon="14.147417983040214"><ele>124.91485376174082</ele></trkpt><trkpt lat="57.811214961111546" lon="14.147358974441886"><ele>125.0576474567259</ele></trkpt><trkpt lat="57.81165693886578" lon="14.14721597917378"><ele>125.2176667471271</ele></trkpt><trkpt lat="57.812761925160885" lon="14.14695999585092"><ele>125.94886036376471</ele></trkpt><trkpt lat="57.81311991624534" lon="14.146847929805517"><ele>126.23947778409098</ele></trkpt><trkpt lat="57.81380295753479" lon="14.14672396145761"><ele>126.7889691903413</ele></trkpt><trkpt lat="57.81455498188734" lon="14.146479964256287"><ele>127.40007529177812</ele></trkpt><trkpt lat="57.814843989908695" lon="14.146410981193185"><ele>127.63335968863248</ele></trkpt><trkpt lat="57.81502998434007" lon="14.146386925131083"><ele>127.78264665460641</ele></trkpt><trkpt lat="57.815315974876285" lon="14.146374939009547"><ele>128.01170895867745</ele></trkpt><trkpt lat="57.81558997929096" lon="14.1463359631598"><ele>128.23174525300684</ele></trkpt><trkpt lat="57.815875969827175" lon="14.146367982029915"><ele>128.46115733038954</ele></trkpt><trkpt lat="57.81665498390794" lon="14.146373933181167"><ele>129.0849534596704</ele></trkpt><trkpt lat="57.81715395860374" lon="14.146438976749778"><ele>129.4854663985559</ele></trkpt><trkpt lat="57.818516939878464" lon="14.146727984771132"><ele>127.72708899352142</ele></trkpt><trkpt lat="57.81921096146107" lon="14.146744916215539"><ele>126.29741681213561</ele></trkpt><trkpt lat="57.81951396726072" lon="14.146698983386159"><ele>125.67125208230854</ele></trkpt><trkpt lat="57.82029398716986" lon="14.146472923457623"><ele>124.04553447059008</ele></trkpt><trkpt lat="57.8214249573648" lon="14.146234961226583"><ele>121.70137259435441</ele></trkpt><trkpt lat="57.82194698229432" lon="14.146060952916741"><ele>120.60929020780195</ele></trkpt><trkpt lat="57.82250798307359" lon="14.145904965698719"><ele>119.44113615452511</ele></trkpt><trkpt lat="57.82384095713496" lon="14.145567929372191"><ele>119.31138135089407</ele></trkpt><trkpt lat="57.82408897764981" lon="14.145490983501077"><ele>119.5987247409626</ele></trkpt><trkpt lat="57.82433398067951" lon="14.145447984337807"><ele>119.87999648732252</ele></trkpt><trkpt lat="57.825178960338235" lon="14.145195940509439"><ele>120.85796094950598</ele></trkpt><trkpt lat="57.82622493803501" lon="14.144949931651354"><ele>122.062908570633</ele></trkpt><trkpt lat="57.827133955433965" lon="14.144676933065057"><ele>123.1151653349486</ele></trkpt><trkpt lat="57.82752497121692" lon="14.144589928910136"><ele>123.5652429865523</ele></trkpt><trkpt lat="57.82901192083955" lon="14.14418499916792"><ele>127.45159898810039</ele></trkpt><trkpt lat="57.83138098195195" lon="14.143583932891488"><ele>140.41880995362615</ele></trkpt><trkpt lat="57.832373986020684" lon="14.143274975940585"><ele>145.87855924262257</ele></trkpt><trkpt lat="57.8330069873482" lon="14.143108930438757"><ele>149.3454684506387</ele></trkpt><trkpt lat="57.83373394981027" lon="14.14296199567616"><ele>153.31149314750724</ele></trkpt><trkpt lat="57.83455294556916" lon="14.142728978767991"><ele>156.45116795489037</ele></trkpt><trkpt lat="57.83620996400714" lon="14.14231893606484"><ele>161.481123595824</ele></trkpt><trkpt lat="57.83706299029291" lon="14.14214895106852"><ele>164.0627479192617</ele></trkpt><trkpt lat="57.837766986340284" lon="14.142066976055503"><ele>166.18552144316965</ele></trkpt><trkpt lat="57.838282976299524" lon="14.141988940536976"><ele>167.74344003277125</ele></trkpt><trkpt lat="57.838722942397" lon="14.141854997724295"><ele>169.0848114159044</ele></trkpt><trkpt lat="57.83914991654456" lon="14.14167394861579"><ele>170.40213470729265</ele></trkpt><trkpt lat="57.83973497338593" lon="14.14135292172432"><ele>172.72134065050358</ele></trkpt><trkpt lat="57.84036193974316" lon="14.140829974785447"><ele>176.0471240593206</ele></trkpt><trkpt lat="57.841035928577185" lon="14.140163948759437"><ele>179.73921879560365</ele></trkpt><trkpt lat="57.841915944591165" lon="14.139003977179527"><ele>184.95105175418354</ele></trkpt><trkpt lat="57.84215994179249" lon="14.138604998588562"><ele>186.51928937634875</ele></trkpt><trkpt lat="57.84244392067194" lon="14.138205936178565"><ele>188.23858562347135</ele></trkpt><trkpt lat="57.84267894923687" lon="14.13782992400229"><ele>189.73519441660068</ele></trkpt><trkpt lat="57.843787958845496" lon="14.136271979659796"><ele>196.44865442085162</ele></trkpt><trkpt lat="57.84398895688355" lon="14.135997975245118"><ele>197.65260893982557</ele></trkpt><trkpt lat="57.84454492852092" lon="14.13533597253263"><ele>196.4857155604678</ele></trkpt><trkpt lat="57.84493594430387" lon="14.134979993104935"><ele>194.9676590005519</ele></trkpt><trkpt lat="57.845115987583995" lon="14.134850995615125"><ele>194.29443818476346</ele></trkpt><trkpt lat="57.845201985910535" lon="14.134815959259868"><ele>193.9869932116445</ele></trkpt><trkpt lat="57.84547196701169" lon="14.13482098840177"><ele>193.04367990266095</ele></trkpt><trkpt lat="57.84555897116661" lon="14.134785952046514"><ele>192.732799787614</ele></trkpt><trkpt lat="57.84563994035125" lon="14.134695930406451"><ele>192.4040949459326</ele></trkpt><trkpt lat="57.84577497281134" lon="14.134446987882257"><ele>191.74315490845757</ele></trkpt><trkpt lat="57.84585795365274" lon="14.134340956807137"><ele>191.3925493725662</ele></trkpt><trkpt lat="57.8460449539125" lon="14.13419695571065"><ele>190.686465147276</ele></trkpt><trkpt lat="57.846663957461715" lon="14.133874922990799"><ele>188.44241271258804</ele></trkpt><trkpt lat="57.84716796129942" lon="14.133683983236551"><ele>186.64607831369852</ele></trkpt><trkpt lat="57.84747096709907" lon="14.133535958826542"><ele>185.55223709126335</ele></trkpt><trkpt lat="57.84757792018354" lon="14.133469993248582"><ele>185.15894749482248</ele></trkpt><trkpt lat="57.84801294095814" lon="14.133092975243926"><ele>183.48519491773988</ele></trkpt><trkpt lat="57.84837294369936" lon="14.132730960845947"><ele>182.05863351379378</ele></trkpt><trkpt lat="57.84886999055743" lon="14.132150933146477"><ele>180.01443031987571</ele></trkpt><trkpt lat="57.84964498132467" lon="14.131131945177913"><ele>175.4944965026189</ele></trkpt><trkpt lat="57.85057897679508" lon="14.129980942234397"><ele>169.47403950369062</ele></trkpt><trkpt lat="57.850851975381374" lon="14.129675924777985"><ele>167.7620691838844</ele></trkpt><trkpt lat="57.85128892399371" lon="14.12925397977233"><ele>165.11404611768532</ele></trkpt><trkpt lat="57.851904993876815" lon="14.128774954006076"><ele>161.5202496448248</ele></trkpt><trkpt lat="57.85237396135926" lon="14.128470942378044"><ele>158.84622472047528</ele></trkpt><trkpt lat="57.852677972987294" lon="14.128318978473544"><ele>157.15054592619896</ele></trkpt><trkpt lat="57.8531679790467" lon="14.128169948235154"><ele>154.4749173665478</ele></trkpt><trkpt lat="57.85382495261729" lon="14.128059977665544"><ele>150.91963332271223</ele></trkpt><trkpt lat="57.85479499027133" lon="14.127865936607122"><ele>145.3068944003921</ele></trkpt><trkpt lat="57.8551109880209" lon="14.127770969644189"><ele>143.40292021699557</ele></trkpt><trkpt lat="57.855428997427225" lon="14.127637948840857"><ele>141.4645693388946</ele></trkpt><trkpt lat="57.85573795437813" lon="14.12747592665255"><ele>139.55615735160464</ele></trkpt><trkpt lat="57.8561969473958" lon="14.127199994400144"><ele>136.68899894243756</ele></trkpt><trkpt lat="57.85649995319545" lon="14.126986926421523"><ele>134.76417049351826</ele></trkpt><trkpt lat="57.85704595036805" lon="14.126545954495668"><ele>131.22844691876875</ele></trkpt><trkpt lat="57.857166985049844" lon="14.126426931470633"><ele>130.415723336638</ele></trkpt><trkpt lat="57.85844396799803" lon="14.124946938827634"><ele>121.48985768597484</ele></trkpt><trkpt lat="57.85878796130419" lon="14.124570926651359"><ele>119.12229504035906</ele></trkpt><trkpt lat="57.859127931296825" lon="14.124139929190278"><ele>116.6825221255676</ele></trkpt><trkpt lat="57.85947594791651" lon="14.123748997226357"><ele>115.77713092079206</ele></trkpt><trkpt lat="57.85958097316325" lon="14.12364698946476"><ele>115.65171365303019</ele></trkpt><trkpt lat="57.85967895761132" lon="14.123585969209671"><ele>115.54220491979672</ele></trkpt><trkpt lat="57.85986294038594" lon="14.123524948954582"><ele>115.34400152407315</ele></trkpt><trkpt lat="57.85993695259094" lon="14.123415984213352"><ele>115.24426436256934</ele></trkpt><trkpt lat="57.860069973394275" lon="14.123103925958276"><ele>115.01857687611597</ele></trkpt><trkpt lat="57.860155971720815" lon="14.122976940125227"><ele>114.90255731007265</ele></trkpt><trkpt lat="57.860629968345165" lon="14.122456926852465"><ele>114.320312539902</ele></trkpt><trkpt lat="57.86102299578488" lon="14.121989971026778"><ele>113.82704483374964</ele></trkpt><trkpt lat="57.861444940790534" lon="14.121546987444162"><ele>113.31431804118357</ele></trkpt><trkpt lat="57.8621079493314" lon="14.120948938652873"><ele>112.53414211748995</ele></trkpt><trkpt lat="57.86245294846594" lon="14.120698990300298"><ele>112.14188925678218</ele></trkpt><trkpt lat="57.86293691955507" lon="14.12025399506092"><ele>111.5703158847698</ele></trkpt><trkpt lat="57.86402095109224" lon="14.119346989318728"><ele>110.31149727525741</ele></trkpt><trkpt lat="57.86439897492528" lon="14.119061920791864"><ele>110.15185393480836</ele></trkpt><trkpt lat="57.86484899930656" lon="14.118680963292718"><ele>110.041376948769</ele></trkpt><trkpt lat="57.86510196514428" lon="14.118437971919775"><ele>109.97778868026117</ele></trkpt><trkpt lat="57.86581995896995" lon="14.117885939776897"><ele>109.80414891896378</ele></trkpt><trkpt lat="57.86635195836425" lon="14.117449996992946"><ele>109.67424361835845</ele></trkpt><trkpt lat="57.86684598773718" lon="14.116992931813002"><ele>109.55099333181867</ele></trkpt><trkpt lat="57.867115968838334" lon="14.116762932389975"><ele>109.48464487578559</ele></trkpt><trkpt lat="57.86736893467605" lon="14.116577943786979"><ele>109.4238873256185</ele></trkpt><trkpt lat="57.867717957124114" lon="14.116198997944593"><ele>109.33366921528625</ele></trkpt><trkpt lat="57.867781994864345" lon="14.116162955760956"><ele>109.31870620765928</ele></trkpt><trkpt lat="57.867846954613924" lon="14.11617192439735"><ele>109.30412615978219</ele></trkpt><trkpt lat="57.86796798929572" lon="14.116249959915876"><ele>109.2754844826477</ele></trkpt><trkpt lat="57.86802993156016" lon="14.116244930773973"><ele>109.26160611330825</ele></trkpt><trkpt lat="57.86809396930039" lon="14.11619195714593"><ele>109.24594550961022</ele></trkpt><trkpt lat="57.86844198592007" lon="14.115516962483525"><ele>109.13402267133202</ele></trkpt><trkpt lat="57.86914195865393" lon="14.114587996155024"><ele>108.58983906712913</ele></trkpt><trkpt lat="57.869719974696636" lon="14.113857932388783"><ele>107.12502092234948</ele></trkpt><trkpt lat="57.87019497714937" lon="14.113194923847914"><ele>105.8805499396718</ele></trkpt><trkpt lat="57.870705937966704" lon="14.112549936398864"><ele>104.58591405355821</ele></trkpt><trkpt lat="57.87133592180908" lon="14.111712919548154"><ele>102.96319276312394</ele></trkpt><trkpt lat="57.87181293591857" lon="14.111141944304109"><ele>101.77365905262056</ele></trkpt><trkpt lat="57.87300894968212" lon="14.109580982476473"><ele>98.71102298779033</ele></trkpt><trkpt lat="57.873863987624645" lon="14.10852494649589"><ele>98.01205285214577</ele></trkpt><trkpt lat="57.87424595095217" lon="14.108022954314947"><ele>98.88872613579917</ele></trkpt><trkpt lat="57.87479798309505" lon="14.107370926067233"><ele>100.11510546646547</ele></trkpt><trkpt lat="57.8759559430182" lon="14.1058599203825"><ele>102.76660246985983</ele></trkpt><trkpt lat="57.876180997118354" lon="14.105587927624583"><ele>103.26988138553413</ele></trkpt><trkpt lat="57.876272946596146" lon="14.105542916804552"><ele>103.44862670505331</ele></trkpt><trkpt lat="57.87645097821951" lon="14.10532096400857"><ele>103.85046306046146</ele></trkpt><trkpt lat="57.876525996252894" lon="14.105252986773849"><ele>104.00712018277143</ele></trkpt><trkpt lat="57.876851968467236" lon="14.105027932673693"><ele>104.66037889536324</ele></trkpt><trkpt lat="57.877108957618475" lon="14.104901952669024"><ele>105.15999791848753</ele></trkpt><trkpt lat="57.8774599917233" lon="14.104788964614272"><ele>105.82998746797644</ele></trkpt><trkpt lat="57.877606926485896" lon="14.104770943522453"><ele>106.10699746725328</ele></trkpt><trkpt lat="57.87767498753965" lon="14.104779995977879"><ele>106.23535796214836</ele></trkpt><trkpt lat="57.877858970314264" lon="14.104852918535471"><ele>106.58908105076428</ele></trkpt><trkpt lat="57.87793097086251" lon="14.104923997074366"><ele>106.74206000057443</ele></trkpt><trkpt lat="57.878006994724274" lon="14.10495693795383"><ele>106.88882761835379</ele></trkpt><trkpt lat="57.87808695808053" lon="14.104946963489056"><ele>107.03959017737407</ele></trkpt><trkpt lat="57.87832399830222" lon="14.104842944070697"><ele>107.49750339015364</ele></trkpt><trkpt lat="57.878443943336606" lon="14.104844955727458"><ele>107.72316041631413</ele></trkpt><trkpt lat="57.879899963736534" lon="14.10523496568203"><ele>109.59409521399952</ele></trkpt><trkpt lat="57.880071960389614" lon="14.105259943753481"><ele>109.81244933986149</ele></trkpt><trkpt lat="57.880157958716154" lon="14.10525399260223"><ele>109.92137604232433</ele></trkpt><trkpt lat="57.880759947001934" lon="14.105102950707078"><ele>110.69009763376026</ele></trkpt><trkpt lat="57.88130393251777" lon="14.10499893128872"><ele>111.38220081017045</ele></trkpt><trkpt lat="57.8816459979862" lon="14.104911927133799"><ele>111.8191138320819</ele></trkpt><trkpt lat="57.88178597576916" lon="14.104853924363852"><ele>112.00054058183733</ele></trkpt><trkpt lat="57.882354939356446" lon="14.104558965191245"><ele>112.74756478411724</ele></trkpt><trkpt lat="57.882437920197845" lon="14.104500962421298"><ele>112.8596167536448</ele></trkpt><trkpt lat="57.88258393295109" lon="14.104351932182908"><ele>113.0698910426463</ele></trkpt><trkpt lat="57.8827649820596" lon="14.10409594886005"><ele>113.35658044117034</ele></trkpt><trkpt lat="57.88315398618579" lon="14.10360393114388"><ele>113.94993476955044</ele></trkpt><trkpt lat="57.8832689858973" lon="14.103504940867424"><ele>114.11001497234801</ele></trkpt><trkpt lat="57.88339597173035" lon="14.103441992774606"><ele>114.27623637447707</ele></trkpt><trkpt lat="57.88399594835937" lon="14.103267984464765"><ele>115.26691622158343</ele></trkpt><trkpt lat="57.88524191826582" lon="14.103003954514861"><ele>118.1221115062265</ele></trkpt><trkpt lat="57.88547795265913" lon="14.102987945079803"><ele>118.65994416797479</ele></trkpt><trkpt lat="57.885786993429065" lon="14.102990962564945"><ele>119.36368276066084</ele></trkpt><trkpt lat="57.88629393093288" lon="14.103027926757932"><ele>120.51891737790172</ele></trkpt><trkpt lat="57.88647296838462" lon="14.103068998083472"><ele>120.92963107894883</ele></trkpt><trkpt lat="57.886562990024686" lon="14.103127922862768"><ele>121.14667856388766</ele></trkpt><trkpt lat="57.886647982522845" lon="14.103222973644733"><ele>121.37183776273328</ele></trkpt><trkpt lat="57.88671797141433" lon="14.10334593616426"><ele>121.5899112307677</ele></trkpt><trkpt lat="57.88688996806741" lon="14.10377592779696"><ele>122.24131676113497</ele></trkpt><trkpt lat="57.88696297444403" lon="14.1038619261235"><ele>122.43746676298143</ele></trkpt><trkpt lat="57.88704293780029" lon="14.103869972750545"><ele>122.6198148635753</ele></trkpt><trkpt lat="57.887207977473736" lon="14.103787997737527"><ele>123.0085130606413</ele></trkpt><trkpt lat="57.887291964143515" lon="14.10377299413085"><ele>123.20062289592354</ele></trkpt><trkpt lat="57.88760595023632" lon="14.103833930566907"><ele>123.91940806720433</ele></trkpt><trkpt lat="57.88796695880592" lon="14.103801995515823"><ele>124.74238352957808</ele></trkpt><trkpt lat="57.88810299709439" lon="14.103820938616991"><ele>125.05300925838374</ele></trkpt><trkpt lat="57.8882319945842" lon="14.103894950821996"><ele>125.36011279660605</ele></trkpt><trkpt lat="57.88852393627167" lon="14.104156969115138"><ele>126.0966864463191</ele></trkpt><trkpt lat="57.888649916276336" lon="14.104238944128156"><ele>126.40023666975436</ele></trkpt><trkpt lat="57.88879198953509" lon="14.104281943291426"><ele>126.72791741567912</ele></trkpt><trkpt lat="57.889181999489665" lon="14.104314967989922"><ele>127.62055297470106</ele></trkpt><trkpt lat="57.8893509786576" lon="14.10435394383967"><ele>128.01431724232287</ele></trkpt><trkpt lat="57.88951593451202" lon="14.104411946609616"><ele>128.40245637770886</ele></trkpt><trkpt lat="57.889761943370104" lon="14.10452795214951"><ele>128.98906070898062</ele></trkpt><trkpt lat="57.89024993777275" lon="14.104858953505754"><ele>130.18887898812437</ele></trkpt><trkpt lat="57.89075796492398" lon="14.105290956795216"><ele>131.4783680262205</ele></trkpt><trkpt lat="57.89091797545552" lon="14.105370920151472"><ele>131.86129583148855</ele></trkpt><trkpt lat="57.89100296795368" lon="14.105369998142123"><ele>132.057881123691</ele></trkpt><trkpt lat="57.89107999764383" lon="14.105325993150473"><ele>132.24407827487332</ele></trkpt><trkpt lat="57.891268925741315" lon="14.105112925171852"><ele>132.75355308354824</ele></trkpt><trkpt lat="57.89140094071627" lon="14.104920979589224"><ele>133.13945201146663</ele></trkpt><trkpt lat="57.89148794487119" lon="14.104842944070697"><ele>133.36238492433273</ele></trkpt><trkpt lat="57.891657929867506" lon="14.104749988764524"><ele>133.77182020322036</ele></trkpt><trkpt lat="57.8917879331857" lon="14.1047409363091"><ele>134.07271515081723</ele></trkpt><trkpt lat="57.893181927502155" lon="14.10514896735549"><ele>137.33571790813903</ele></trkpt><trkpt lat="57.894167974591255" lon="14.105339990928769"><ele>139.62843705900093</ele></trkpt><trkpt lat="57.89540296420455" lon="14.105519950389862"><ele>142.39492778385318</ele></trkpt><trkpt lat="57.89547295309603" lon="14.105541994795203"><ele>142.55199739615247</ele></trkpt><trkpt lat="57.89559197612107" lon="14.105676943436265"><ele>142.85957626755854</ele></trkpt><trkpt lat="57.89565693587065" lon="14.10572798922658"><ele>143.0153939223703</ele></trkpt><trkpt lat="57.89572793059051" lon="14.105744920670986"><ele>143.17379158869613</ele></trkpt><trkpt lat="57.89617292582989" lon="14.105734946206212"><ele>144.15881864647943</ele></trkpt><trkpt lat="57.896380964666605" lon="14.105747938156128"><ele>144.6195475505375</ele></trkpt><trkpt lat="57.89716995321214" lon="14.105828991159797"><ele>146.36850387761453</ele></trkpt><trkpt lat="57.897393917664886" lon="14.105883976444602"><ele>146.86843077814387</ele></trkpt><trkpt lat="57.8975469712168" lon="14.105966957286"><ele>147.22098277157522</ele></trkpt><trkpt lat="57.89761796593666" lon="14.106039963662624"><ele>147.40005770645513</ele></trkpt><trkpt lat="57.89768393151462" lon="14.106141971424222"><ele>147.58904482197997</ele></trkpt><trkpt lat="57.89773799479008" lon="14.106273986399174"><ele>147.78508913197243</ele></trkpt><trkpt lat="57.89782399311662" lon="14.106620997190475"><ele>148.23547144175086</ele></trkpt><trkpt lat="57.897883923724294" lon="14.106788970530033"><ele>148.473452903089</ele></trkpt><trkpt lat="57.89796497672796" lon="14.106928948312998"><ele>148.7169603325894</ele></trkpt><trkpt lat="57.898054998368025" lon="14.107043948024511"><ele>148.95779349052987</ele></trkpt><trkpt lat="57.89834694005549" lon="14.107230948284268"><ele>149.6403917553025</ele></trkpt><trkpt lat="57.89865095168352" lon="14.107358939945698"><ele>150.32993022477206</ele></trkpt><trkpt lat="57.8988229483366" lon="14.107417948544025"><ele>150.7169049480749</ele></trkpt><trkpt lat="57.899067951366305" lon="14.10744996741414"><ele>151.2605034668605</ele></trkpt><trkpt lat="57.89913592860103" lon="14.107444938272238"><ele>151.41108123657855</ele></trkpt><trkpt lat="57.8992029838264" lon="14.107416942715645"><ele>151.56311100876422</ele></trkpt><trkpt lat="57.89926199242473" lon="14.10736195743084"><ele>151.7088571138726</ele></trkpt><trkpt lat="57.89930993691087" lon="14.10727797076106"><ele>151.85384184715858</ele></trkpt><trkpt lat="57.89932795800269" lon="14.107165988534689"><ele>151.9914654509668</ele></trkpt><trkpt lat="57.89931094273925" lon="14.107054928317666"><ele>152.12741798500156</ele></trkpt><trkpt lat="57.89927599020302" lon="14.106962978839874"><ele>152.2603931515813</ele></trkpt><trkpt lat="57.89906099438667" lon="14.106584955006838"><ele>152.98508806314692</ele></trkpt><trkpt lat="57.89903098717332" lon="14.106390997767448"><ele>153.26223382798702</ele></trkpt><trkpt lat="57.89907197467983" lon="14.106192933395505"><ele>153.55384323650964</ele></trkpt><trkpt lat="57.899152943864465" lon="14.106026971712708"><ele>153.86293728346882</ele></trkpt><trkpt lat="57.89924698881805" lon="14.105906942859292"><ele>154.15630778404812</ele></trkpt><trkpt lat="57.89947799406946" lon="14.105734946206212"><ele>154.79767702217865</ele></trkpt><trkpt lat="57.89965694770217" lon="14.105634950101376"><ele>155.27961775028837</ele></trkpt><trkpt lat="57.899966994300485" lon="14.105541994795203"><ele>156.0901570843865</ele></trkpt><trkpt lat="57.90029497817159" lon="14.10551492124796"><ele>156.93772401202807</ele></trkpt><trkpt lat="57.90135394781828" lon="14.105368992313743"><ele>159.6789754903159</ele></trkpt><trkpt lat="57.9028329346329" lon="14.105108985677361"><ele>163.5138846694072</ele></trkpt><trkpt lat="57.90393599309027" lon="14.104844955727458"><ele>166.38457985279555</ele></trkpt><trkpt lat="57.90477099828422" lon="14.104601964354515"><ele>164.68672353764975</ele></trkpt><trkpt lat="57.90539997629821" lon="14.10437892191112"><ele>162.75436339152822</ele></trkpt><trkpt lat="57.90620799176395" lon="14.104129979386926"><ele>160.2824156600782</ele></trkpt><trkpt lat="57.90682992897928" lon="14.103968963027"><ele>158.38704420085486</ele></trkpt><trkpt lat="57.90783894248307" lon="14.103679955005646"><ele>155.30565991852615</ele></trkpt><trkpt lat="57.90986593812704" lon="14.103083917871118"><ele>150.37191406127943</ele></trkpt><trkpt lat="57.91009996086359" lon="14.102995991706848"><ele>150.6228771409647</ele></trkpt><trkpt lat="57.91032996028662" lon="14.102945951744914"><ele>150.86636478620815</ele></trkpt><trkpt lat="57.91099699214101" lon="14.102731961756945"><ele>151.57795890524278</ele></trkpt><trkpt lat="57.9111959785223" lon="14.102688962593675"><ele>151.7885959350421</ele></trkpt><trkpt lat="57.9119869787246" lon="14.102385956794024"><ele>152.63749501543182</ele></trkpt><trkpt lat="57.912514954805374" lon="14.102225946262479"><ele>153.1998871497299</ele></trkpt><trkpt lat="57.91304695419967" lon="14.10201396793127"><ele>153.77175613857307</ele></trkpt><trkpt lat="57.913892939686775" lon="14.101627981290221"><ele>154.68718813569689</ele></trkpt><trkpt lat="57.91455393657088" lon="14.101276947185397"><ele>155.4094506557409</ele></trkpt><trkpt lat="57.915134970098734" lon="14.100923985242844"><ele>155.87777938010655</ele></trkpt><trkpt lat="57.915975926443934" lon="14.100365918129683"><ele>155.89556656627934</ele></trkpt><trkpt lat="57.9172039590776" lon="14.099446926265955"><ele>155.92192781075596</ele></trkpt><trkpt lat="57.917565973475575" lon="14.099099999293685"><ele>155.93003100611705</ele></trkpt><trkpt lat="57.91801096871495" lon="14.098744941875339"><ele>155.93967206458987</ele></trkpt><trkpt lat="57.918322943151" lon="14.098392985761166"><ele>155.9469270659547</ele></trkpt><trkpt lat="57.91896692477167" lon="14.097874984145164"><ele>155.96089653785984</ele></trkpt><trkpt lat="57.91957394219935" lon="14.097320940345526"><ele>155.97435317775563</ele></trkpt><trkpt lat="57.92036795988679" lon="14.096694979816675"><ele>155.92088907900248</ele></trkpt><trkpt lat="57.92108293622732" lon="14.096202962100506"><ele>155.7724309381254</ele></trkpt><trkpt lat="57.921882988885045" lon="14.095807923004031"><ele>155.61112615890764</ele></trkpt><trkpt lat="57.92209295555949" lon="14.095724942162633"><ele>155.56928544832664</ele></trkpt><trkpt lat="57.92229596525431" lon="14.095670962706208"><ele>155.52930093964045</ele></trkpt><trkpt lat="57.92280592024326" lon="14.095404921099544"><ele>155.42610115063542</ele></trkpt><trkpt lat="57.923127952963114" lon="14.095339961349964"><ele>155.36293777271206</ele></trkpt><trkpt lat="57.9234619718045" lon="14.095312971621752"><ele>155.29773619758538</ele></trkpt><trkpt lat="57.923796996474266" lon="14.095170982182026"><ele>155.23076398619204</ele></trkpt><trkpt lat="57.92413495481014" lon="14.095096969977021"><ele>155.16440983859982</ele></trkpt><trkpt lat="57.924672989174724" lon="14.095087917521596"><ele>155.05947613570962</ele></trkpt><trkpt lat="57.92478094808757" lon="14.095109961926937"><ele>155.03829816161453</ele></trkpt><trkpt lat="57.925235917791724" lon="14.095024969428778"><ele>154.949132714061</ele></trkpt><trkpt lat="57.92546398937702" lon="14.095013989135623"><ele>154.9046387897177</ele></trkpt><trkpt lat="57.925685942173004" lon="14.09503192640841"><ele>154.33320231485575</ele></trkpt><trkpt lat="57.92641198262572" lon="14.095236947759986"><ele>152.42589678332394</ele></trkpt><trkpt lat="57.92689796537161" lon="14.095281958580017"><ele>151.1618112119602</ele></trkpt><trkpt lat="57.92750892229378" lon="14.095429982990026"><ele>149.56149337260302</ele></trkpt><trkpt lat="57.92835691943765" lon="14.095851927995682"><ele>147.2828424715218</ele></trkpt><trkpt lat="57.92872798629105" lon="14.095928957685828"><ele>146.31299027185446</ele></trkpt><trkpt lat="57.929597944021225" lon="14.09621293656528"><ele>144.01918577577123</ele></trkpt><trkpt lat="57.92996792122722" lon="14.096349980682135"><ele>143.03958982320242</ele></trkpt><trkpt lat="57.93035198003054" lon="14.096465986222029"><ele>142.029073800698</ele></trkpt><trkpt lat="57.93091499246657" lon="14.096669917926192"><ele>140.53959130984117</ele></trkpt><trkpt lat="57.93163097463548" lon="14.096863958984613"><ele>139.29003971723182</ele></trkpt><trkpt lat="57.93192392215133" lon="14.096918944269419"><ele>138.7860528758215</ele></trkpt><trkpt lat="57.93386693112552" lon="14.09720292314887"><ele>135.4497775043225</ele></trkpt><trkpt lat="57.93444092385471" lon="14.09724298864603"><ele>134.4664731959833</ele></trkpt><trkpt lat="57.93568798340857" lon="14.097423953935504"><ele>132.32528085537052</ele></trkpt><trkpt lat="57.93594991788268" lon="14.097494948655367"><ele>131.87225185832537</ele></trkpt><trkpt lat="57.936472948640585" lon="14.097688989713788"><ele>131.06052345293358</ele></trkpt><trkpt lat="57.93701592832804" lon="14.09786693751812"><ele>131.70859332439127</ele></trkpt><trkpt lat="57.93764096684754" lon="14.097986966371536"><ele>132.4473731982583</ele></trkpt><trkpt lat="57.938408916816115" lon="14.098110934719443"><ele>133.35370029990074</ele></trkpt><trkpt lat="57.939026998355985" lon="14.09840195439756"><ele>134.1028472947675</ele></trkpt><trkpt lat="57.939373925328255" lon="14.098526928573847"><ele>134.51818324932296</ele></trkpt><trkpt lat="57.939736945554614" lon="14.098603958263993"><ele>134.9477509857727</ele></trkpt><trkpt lat="57.94008697383106" lon="14.098645951598883"><ele>135.36017628771464</ele></trkpt><trkpt lat="57.9402089305222" lon="14.09870395436883"><ele>135.50808203124026</ele></trkpt><trkpt lat="57.94062894769013" lon="14.09896094352007"><ele>136.02736644084106</ele></trkpt><trkpt lat="57.94093698263168" lon="14.099066974595189"><ele>136.39557502247632</ele></trkpt><trkpt lat="57.94123596511781" lon="14.099101927131414"><ele>136.74781902036617</ele></trkpt><trkpt lat="57.94171993620694" lon="14.099379954859614"><ele>137.34277967695982</ele></trkpt><trkpt lat="57.942101983353496" lon="14.099494954571128"><ele>137.6123188242381</ele></trkpt><trkpt lat="57.942191921174526" lon="14.099552957341075"><ele>137.64490680710168</ele></trkpt><trkpt lat="57.942571956664324" lon="14.09973593428731"><ele>137.77937393071633</ele></trkpt><trkpt lat="57.942876974120736" lon="14.099820926785469"><ele>137.88507462263723</ele></trkpt><trkpt lat="57.943155923858285" lon="14.09999392926693"><ele>137.98574927963304</ele></trkpt><trkpt lat="57.94324695132673" lon="14.100034916773438"><ele>138.01783325990098</ele></trkpt><trkpt lat="57.94352497905493" lon="14.100107923150063"><ele>138.114065385026</ele></trkpt><trkpt lat="57.94389897957444" lon="14.100320991128683"><ele>138.24800965842724</ele></trkpt><trkpt lat="57.944183964282274" lon="14.100417969748378"><ele>138.34728614220015</ele></trkpt><trkpt lat="57.94448093511164" lon="14.10059792920947"><ele>138.45422678560604</ele></trkpt><trkpt lat="57.94477597810328" lon="14.100709995254874"><ele>138.55740543213497</ele></trkpt><trkpt lat="57.945195995271206" lon="14.100954998284578"><ele>138.70813408431218</ele></trkpt><trkpt lat="57.94540193863213" lon="14.101039990782738"><ele>138.78040735611197</ele></trkpt><trkpt lat="57.945604948326945" lon="14.101193966343999"><ele>138.85542804245608</ele></trkpt><trkpt lat="57.9457179363817" lon="14.101252974942327"><ele>138.8956218943252</ele></trkpt><trkpt lat="57.946052961051464" lon="14.101382978260517"><ele>139.01288219231228</ele></trkpt><trkpt lat="57.94627298600972" lon="14.101522956043482"><ele>139.09249240320705</ele></trkpt><trkpt lat="57.946595940738916" lon="14.101646924391389"><ele>139.20547875825017</ele></trkpt><trkpt lat="57.946916967630386" lon="14.101831996813416"><ele>139.32056587221587</ele></trkpt><trkpt lat="57.947128945961595" lon="14.101900979876518"><ele>139.39431011177663</ele></trkpt><trkpt lat="57.94744494371116" lon="14.102081945165992"><ele>139.184278106357</ele></trkpt><trkpt lat="57.94764996506274" lon="14.102151934057474"><ele>138.9336515373107</ele></trkpt><trkpt lat="57.947858925908804" lon="14.1022939234972"><ele>138.66645747110505</ele></trkpt><trkpt lat="57.948377933353186" lon="14.102577986195683"><ele>138.0163627006957</ele></trkpt><trkpt lat="57.948591923341155" lon="14.102662978693843"><ele>137.75330688790442</ele></trkpt><trkpt lat="57.94892493635416" lon="14.102845955640078"><ele>137.33605722443804</ele></trkpt><trkpt lat="57.94914395548403" lon="14.102942934259772"><ele>137.06543238771934</ele></trkpt><trkpt lat="57.94934595935047" lon="14.103061957284808"><ele>136.81084887983036</ele></trkpt><trkpt lat="57.949553998187184" lon="14.10313094034791"><ele>136.55676247644794</ele></trkpt><trkpt lat="57.94975298456848" lon="14.103249963372946"><ele>136.3056411150286</ele></trkpt><trkpt lat="57.949963957071304" lon="14.103339985013008"><ele>136.04544618821643</ele></trkpt><trkpt lat="57.95018792152405" lon="14.103476945310831"><ele>135.76221816617553</ele></trkpt><trkpt lat="57.950416998937726" lon="14.103566966950893"><ele>135.48074229764856</ele></trkpt><trkpt lat="57.950653955340385" lon="14.103705938905478"><ele>135.18223210359244</ele></trkpt><trkpt lat="57.95089895837009" lon="14.10381792113185"><ele>134.8789832173842</ele></trkpt><trkpt lat="57.951147984713316" lon="14.103955971077085"><ele>134.5667475441832</ele></trkpt><trkpt lat="57.95139893889427" lon="14.104059990495443"><ele>134.2576691008778</ele></trkpt><trkpt lat="57.95214098878205" lon="14.104471961036325"><ele>133.327159583141</ele></trkpt><trkpt lat="57.95272093266249" lon="14.104732973501086"><ele>132.81137075226655</ele></trkpt><trkpt lat="57.95330297201872" lon="14.105058945715427"><ele>133.00163046981174</ele></trkpt><trkpt lat="57.95391292311251" lon="14.105356922373176"><ele>133.19907008991683</ele></trkpt><trkpt lat="57.95416496694088" lon="14.105503940954804"><ele>133.28174199892237</ele></trkpt><trkpt lat="57.95488899573684" lon="14.10583896562457"><ele>133.5153479138487</ele></trkpt><trkpt lat="57.95513793826103" lon="14.105928987264633"><ele>133.59477476934686</ele></trkpt><trkpt lat="57.955379923805594" lon="14.106055973097682"><ele>133.67348312987318</ele></trkpt><trkpt lat="57.95561998151243" lon="14.106150940060616"><ele>133.75034229813434</ele></trkpt><trkpt lat="57.95586297288537" lon="14.10620491951704"><ele>133.82700863422983</ele></trkpt><trkpt lat="57.95648097060621" lon="14.106403989717364"><ele>134.02346074654608</ele></trkpt><trkpt lat="57.95696494169533" lon="14.10652494058013"><ele>134.176436265428</ele></trkpt><trkpt lat="57.95794797129929" lon="14.106694925576448"><ele>134.4857538320643</ele></trkpt><trkpt lat="57.95831099152565" lon="14.106731973588467"><ele>134.69306255898223</ele></trkpt><trkpt lat="57.95925999060273" lon="14.10676097497344"><ele>135.2877474160661</ele></trkpt><trkpt lat="57.95983297750354" lon="14.106731973588467"><ele>135.6468886107109</ele></trkpt><trkpt lat="57.9601579438895" lon="14.106678999960423"><ele>135.85126015001507</ele></trkpt><trkpt lat="57.96058399602771" lon="14.10663298331201"><ele>136.11864605885737</ele></trkpt><trkpt lat="57.96120693907142" lon="14.106510942801833"><ele>136.5110607598173</ele></trkpt><trkpt lat="57.96161999925971" lon="14.106469955295324"><ele>136.77022688293147</ele></trkpt><trkpt lat="57.962017972022295" lon="14.106360990554094"><ele>137.02219799952866</ele></trkpt><trkpt lat="57.962425919249654" lon="14.106271974742413"><ele>137.27950889024768</ele></trkpt><trkpt lat="57.96411897987127" lon="14.105939967557788"><ele>139.62753781917536</ele></trkpt><trkpt lat="57.964384937658906" lon="14.105867967009544"><ele>140.38296281623377</ele></trkpt><trkpt lat="57.964963959529996" lon="14.105781968683004"><ele>142.01595741734295</ele></trkpt><trkpt lat="57.965500988066196" lon="14.10564492456615"><ele>143.539610969498</ele></trkpt><trkpt lat="57.966468930244446" lon="14.105475945398211"><ele>146.27267357830362</ele></trkpt><trkpt lat="57.96677294187248" lon="14.10540796816349"><ele>147.1334086527326</ele></trkpt><trkpt lat="57.96756595373154" lon="14.105292968451977"><ele>149.36958868434655</ele></trkpt><trkpt lat="57.96897595748305" lon="14.105156930163503"><ele>153.33907501393782</ele></trkpt><trkpt lat="57.96971993520856" lon="14.105136981233954"><ele>155.75754929642216</ele></trkpt><trkpt lat="57.970246989279985" lon="14.105143938213587"><ele>157.49801523593084</ele></trkpt><trkpt lat="57.97049794346094" lon="14.105183919891715"><ele>158.32966214073</ele></trkpt><trkpt lat="57.97103396616876" lon="14.10519297234714"><ele>160.0997724107117</ele></trkpt><trkpt lat="57.97158993780613" lon="14.105176962912083"><ele>161.9359005555093</ele></trkpt><trkpt lat="57.9726049862802" lon="14.105204958468676"><ele>165.2881239240435</ele></trkpt><trkpt lat="57.973039923235774" lon="14.105197917670012"><ele>166.72441356303523</ele></trkpt><trkpt lat="57.974889976903796" lon="14.105285927653313"><ele>171.48530006549151</ele></trkpt><trkpt lat="57.975446954369545" lon="14.105328926816583"><ele>170.77831505639804</ele></trkpt><trkpt lat="57.975772926583886" lon="14.105302942916751"><ele>170.36452774215851</ele></trkpt><trkpt lat="57.97662092372775" lon="14.105283999815583"><ele>169.28896980523814</ele></trkpt><trkpt lat="57.97672393731773" lon="14.105303948745131"><ele>169.1576345735094</ele></trkpt><trkpt lat="57.977144960314035" lon="14.105286933481693"><ele>168.62354454320214</ele></trkpt><trkpt lat="57.97812296077609" lon="14.105392964556813"><ele>167.38113589570779</ele></trkpt><trkpt lat="57.97878697514534" lon="14.105504946783185"><ele>166.53563147323834</ele></trkpt><trkpt lat="57.979868995025754" lon="14.105738969519734"><ele>165.15435272228342</ele></trkpt><trkpt lat="57.98063795082271" lon="14.105972992256284"><ele>165.98994576697345</ele></trkpt><trkpt lat="57.98121093772352" lon="14.106195950880647"><ele>167.28267966132125</ele></trkpt><trkpt lat="57.98203295096755" lon="14.106579925864935"><ele>169.1538714682247</ele></trkpt><trkpt lat="57.98233193345368" lon="14.106686962768435"><ele>169.82629727656794</ele></trkpt><trkpt lat="57.982685985043645" lon="14.106910927221179"><ele>170.6514330695405</ele></trkpt><trkpt lat="57.98287399113178" lon="14.106985945254564"><ele>171.07604469788197</ele></trkpt><trkpt lat="57.98338294029236" lon="14.107258943840861"><ele>172.2452068038185</ele></trkpt><trkpt lat="57.9840889479965" lon="14.10768499597907"><ele>173.88309334376302</ele></trkpt><trkpt lat="57.98448398709297" lon="14.107935950160027"><ele>174.8041443712093</ele></trkpt><trkpt lat="57.98518798314035" lon="14.108453951776028"><ele>176.47385142948468</ele></trkpt><trkpt lat="57.98596498556435" lon="14.109065998345613"><ele>177.88053311154445</ele></trkpt><trkpt lat="57.98656496219337" lon="14.109562961384654"><ele>178.8059067997935</ele></trkpt><trkpt lat="57.9873819462955" lon="14.110291935503483"><ele>180.08221079709904</ele></trkpt><trkpt lat="57.9880759678781" lon="14.110945975407958"><ele>181.17780309134974</ele></trkpt><trkpt lat="57.988785998895764" lon="14.11157394759357"><ele>182.285238681592</ele></trkpt><trkpt lat="57.98920995555818" lon="14.112008968368173"><ele>182.9667841997642</ele></trkpt><trkpt lat="57.98948999494314" lon="14.112230921164155"><ele>183.39574070564285</ele></trkpt><trkpt lat="57.99004194326699" lon="14.112739954143763"><ele>184.26335689587373</ele></trkpt><trkpt lat="57.990511916577816" lon="14.113140944391489"><ele>184.94080267513007</ele></trkpt><trkpt lat="57.9920529294759" lon="14.114549942314625"><ele>185.97106923485123</ele></trkpt><trkpt lat="57.99245995469391" lon="14.11488396115601"><ele>186.23811102179943</ele></trkpt><trkpt lat="57.99285298213363" lon="14.115264918655157"><ele>186.50394940217376</ele></trkpt><trkpt lat="57.99344692379236" lon="14.115797923877835"><ele>186.89964604399074</ele></trkpt><trkpt lat="57.99374498426914" lon="14.116034964099526"><ele>187.09424813899736</ele></trkpt><trkpt lat="57.994118984788656" lon="14.116372922435403"><ele>187.3437341735226</ele></trkpt><trkpt lat="57.99507393501699" lon="14.117082953453064"><ele>187.96126390737908</ele></trkpt><trkpt lat="57.995364954695106" lon="14.117242963984609"><ele>188.1436333050155</ele></trkpt><trkpt lat="57.99581095576286" lon="14.117534989491105"><ele>188.35998302644643</ele></trkpt><trkpt lat="57.99624899402261" lon="14.117796923965216"><ele>188.53823789449422</ele></trkpt><trkpt lat="57.996605979278684" lon="14.117968920618296"><ele>188.6811645799547</ele></trkpt><trkpt lat="57.996890963986516" lon="14.118138989433646"><ele>188.79711442690382</ele></trkpt><trkpt lat="57.99724996089935" lon="14.11831995472312"><ele>188.9412620370936</ele></trkpt><trkpt lat="57.99799796193838" lon="14.11877199076116"><ele>189.24594820659675</ele></trkpt><trkpt lat="57.99865996465087" lon="14.11924296990037"><ele>189.52040164456037</ele></trkpt><trkpt lat="57.99922398291528" lon="14.11974093876779"><ele>189.7619623524657</ele></trkpt><trkpt lat="57.99950494430959" lon="14.120033970102668"><ele>189.88649343214533</ele></trkpt><trkpt lat="57.99975992180407" lon="14.120335970073938"><ele>190.0032745419136</ele></trkpt><trkpt lat="58.000348918139935" lon="14.121080953627825"><ele>190.27833711117702</ele></trkpt><trkpt lat="58.00069693475962" lon="14.121490996330976"><ele>190.45047435978844</ele></trkpt><trkpt lat="58.00095895305276" lon="14.12186399102211"><ele>190.6104981712137</ele></trkpt><trkpt lat="58.00132599659264" lon="14.122324995696545"><ele>190.82546991697976</ele></trkpt><trkpt lat="58.00167392939329" lon="14.122836962342262"><ele>191.0405842508909</ele></trkpt><trkpt lat="58.002174999564886" lon="14.123429981991649"><ele>191.32895796925604</ele></trkpt><trkpt lat="58.00320999696851" lon="14.124784916639328"><ele>191.94311607054448</ele></trkpt><trkpt lat="58.00369497388601" lon="14.125371985137463"><ele>192.22403652037863</ele></trkpt><trkpt lat="58.0040739197284" lon="14.125896943733096"><ele>192.45323056049241</ele></trkpt><trkpt lat="58.004451943561435" lon="14.126381920650601"><ele>192.6760953196694</ele></trkpt><trkpt lat="58.00461899489164" lon="14.126652991399169"><ele>192.78351000826459</ele></trkpt><trkpt lat="58.00536297261715" lon="14.127703998237848"><ele>192.3851104306655</ele></trkpt><trkpt lat="58.005909975618124" lon="14.128598934039474"><ele>190.70195191716843</ele></trkpt><trkpt lat="58.00617794506252" lon="14.129066979512572"><ele>189.8530438079825</ele></trkpt><trkpt lat="58.006531996652484" lon="14.129737950861454"><ele>188.68648237731801</ele></trkpt><trkpt lat="58.006965927779675" lon="14.13063196465373"><ele>187.1928865850402</ele></trkpt><trkpt lat="58.00738795660436" lon="14.131587920710444"><ele>185.66004162469466</ele></trkpt><trkpt lat="58.00918998196721" lon="14.135974925011396"><ele>180.6207751832766</ele></trkpt><trkpt lat="58.009647969156504" lon="14.137155935168266"><ele>181.16500482230842</ele></trkpt><trkpt lat="58.010209975764155" lon="14.13832194171846"><ele>181.75116205692132</ele></trkpt><trkpt lat="58.01081892102957" lon="14.139364985749125"><ele>182.32830648108438</ele></trkpt><trkpt lat="58.01163297146559" lon="14.140487993136048"><ele>183.03599258629725</ele></trkpt><trkpt lat="58.01190194673836" lon="14.140823939815164"><ele>183.2623644421617</ele></trkpt><trkpt lat="58.01265397109091" lon="14.141578981652856"><ele>183.86021056840116</ele></trkpt><trkpt lat="58.0131399538368" lon="14.141989946365356"><ele>183.7274831530049</ele></trkpt><trkpt lat="58.0137269385159" lon="14.14238297380507"><ele>182.58926245886607</ele></trkpt><trkpt lat="58.01411493681371" lon="14.142608949914575"><ele>181.84719832868177</ele></trkpt><trkpt lat="58.01432297565043" lon="14.142708946019411"><ele>181.45486732867866</ele></trkpt><trkpt lat="58.015129985287786" lon="14.14315796457231"><ele>179.91729743343456</ele></trkpt><trkpt lat="58.01553592085838" lon="14.143397938460112"><ele>179.1399098880469</ele></trkpt><trkpt lat="58.016094993799925" lon="14.143883921205997"><ele>178.01507445942198</ele></trkpt><trkpt lat="58.016677955165505" lon="14.144463948905468"><ele>176.8107875569907</ele></trkpt><trkpt lat="58.016780968755484" lon="14.144578948616982"><ele>176.5920759238385</ele></trkpt><trkpt lat="58.017707923427224" lon="14.145812932401896"><ele>174.51925149324174</ele></trkpt><trkpt lat="58.01911599934101" lon="14.147772956639528"><ele>170.70102188558633</ele></trkpt><trkpt lat="58.020264990627766" lon="14.149274993687868"><ele>167.54684320414918</ele></trkpt><trkpt lat="58.02064695395529" lon="14.149799952283502"><ele>166.48055779190008</ele></trkpt><trkpt lat="58.02109194919467" lon="14.150454998016357"><ele>165.2070550450901</ele></trkpt><trkpt lat="58.02141892723739" lon="14.150895969942212"><ele>164.30015713917024</ele></trkpt><trkpt lat="58.02214094437659" lon="14.151978995651007"><ele>162.21895440783018</ele></trkpt><trkpt lat="58.022543946281075" lon="14.152648961171508"><ele>161.31613726424433</ele></trkpt><trkpt lat="58.024887945502996" lon="14.156358959153295"><ele>159.15033507885934</ele></trkpt><trkpt lat="58.02569294348359" lon="14.15774599649012"><ele>158.3786675841593</ele></trkpt><trkpt lat="58.02631597034633" lon="14.158915942534804"><ele>157.75649137580342</ele></trkpt><trkpt lat="58.02683397196233" lon="14.159965943545103"><ele>155.45243006557135</ele></trkpt><trkpt lat="58.02736999467015" lon="14.161115940660238"><ele>151.65433383066096</ele></trkpt><trkpt lat="58.0293049570173" lon="14.16550395078957"><ele>137.49830328399446</ele></trkpt><trkpt lat="58.03121292963624" lon="14.169763969257474"><ele>127.78412902421425</ele></trkpt><trkpt lat="58.031844925135374" lon="14.171041958034039"><ele>125.7026443333938</ele></trkpt><trkpt lat="58.0326999630779" lon="14.17257098481059"><ele>123.0555604644916</ele></trkpt><trkpt lat="58.03292795084417" lon="14.172945991158485"><ele>122.37591152164265</ele></trkpt><trkpt lat="58.03363496437669" lon="14.174023987725377"><ele>120.33322866317098</ele></trkpt><trkpt lat="58.034232929348946" lon="14.174853963777423"><ele>119.03475089413875</ele></trkpt><trkpt lat="58.03482796065509" lon="14.175616968423128"><ele>118.70726649525945</ele></trkpt><trkpt lat="58.03543598391116" lon="14.176302943378687"><ele>118.38477677339675</ele></trkpt><trkpt lat="58.0364179238677" lon="14.177302988246083"><ele>117.87680108367786</ele></trkpt><trkpt lat="58.036904996261" lon="14.177755946293473"><ele>117.62959135281426</ele></trkpt><trkpt lat="58.03763095289469" lon="14.178363969549537"><ele>117.26799032428569</ele></trkpt><trkpt lat="58.03855698555708" lon="14.179047932848334"><ele>116.81523447066006</ele></trkpt><trkpt lat="58.03935594856739" lon="14.179537938907743"><ele>116.22548315408835</ele></trkpt><trkpt lat="58.040869971737266" lon="14.180332962423563"><ele>114.64985778079124</ele></trkpt><trkpt lat="58.041317984461784" lon="14.18060495518148"><ele>114.17802177781348</ele></trkpt><trkpt lat="58.04188996553421" lon="14.180891951546073"><ele>113.58462854685605</ele></trkpt><trkpt lat="58.04410899057984" lon="14.182125935330987"><ele>111.2652918422768</ele></trkpt><trkpt lat="58.04433396086097" lon="14.182229954749346"><ele>111.04787242465609</ele></trkpt><trkpt lat="58.044648952782154" lon="14.18240999802947"><ele>111.03524041210768</ele></trkpt><trkpt lat="58.04518396966159" lon="14.182684924453497"><ele>111.01395800392912</ele></trkpt><trkpt lat="58.04561999626458" lon="14.182938979938626"><ele>110.99644354706113</ele></trkpt><trkpt lat="58.04607697762549" lon="14.183168979361653"><ele>110.97829083051204</ele></trkpt><trkpt lat="58.04641795344651" lon="14.183369977399707"><ele>110.96458044080688</ele></trkpt><trkpt lat="58.046754989773035" lon="14.183544991537929"><ele>110.95116376797742</ele></trkpt><trkpt lat="58.04766098968685" lon="14.184075985103846"><ele>110.91475280670137</ele></trkpt><trkpt lat="58.0478929169476" lon="14.184182938188314"><ele>110.90558907363304</ele></trkpt><trkpt lat="58.04999199695885" lon="14.185327989980578"><ele>110.80675687914002</ele></trkpt><trkpt lat="58.050344958901405" lon="14.185502920299768"><ele>110.77778733643244</ele></trkpt><trkpt lat="58.05058795027435" lon="14.185640970245004"><ele>110.75764316201798</ele></trkpt><trkpt lat="58.05082691833377" lon="14.18580399826169"><ele>110.73747292578491</ele></trkpt><trkpt lat="58.051291946321726" lon="14.186078924685717"><ele>110.69878958907539</ele></trkpt><trkpt lat="58.05222292430699" lon="14.186670938506722"><ele>110.62080652194702</ele></trkpt><trkpt lat="58.05256993509829" lon="14.186862967908382"><ele>110.59210033018289</ele></trkpt><trkpt lat="58.05334693752229" lon="14.187364960089326"><ele>110.52690870936138</ele></trkpt><trkpt lat="58.05420398712158" lon="14.187943981960416"><ele>110.45465020987403</ele></trkpt><trkpt lat="58.05471897125244" lon="14.188332986086607"><ele>110.41062072588078</ele></trkpt><trkpt lat="58.05533294565976" lon="14.188738921657205"><ele>110.71268920543284</ele></trkpt><trkpt lat="58.05563393980265" lon="14.188975961878896"><ele>110.93571323618629</ele></trkpt><trkpt lat="58.056314969435334" lon="14.189463956281543"><ele>111.43386108652815</ele></trkpt><trkpt lat="58.056787960231304" lon="14.189857989549637"><ele>111.78739725734386</ele></trkpt><trkpt lat="58.05735792964697" lon="14.190290998667479"><ele>112.20754454270521</ele></trkpt><trkpt lat="58.058293936774135" lon="14.191052997484803"><ele>112.90459057020404</ele></trkpt><trkpt lat="58.058978989720345" lon="14.19158399105072"><ele>113.41100416748168</ele></trkpt><trkpt lat="58.05925793945789" lon="14.191831927746534"><ele>113.62183476659523</ele></trkpt><trkpt lat="58.06034096516669" lon="14.192704986780882"><ele>114.66578643257265</ele></trkpt><trkpt lat="58.0606459826231" lon="14.192925933748484"><ele>115.11048004395688</ele></trkpt><trkpt lat="58.061019983142614" lon="14.19324193149805"><ele>115.66818799139604</ele></trkpt><trkpt lat="58.06159992702305" lon="14.193678963929415"><ele>116.51814290253249</ele></trkpt><trkpt lat="58.061879966408014" lon="14.19386194087565"><ele>116.92151780425564</ele></trkpt><trkpt lat="58.06205992586911" lon="14.194001918658614"><ele>117.18644238191499</ele></trkpt><trkpt lat="58.06261497549713" lon="14.1943549644202"><ele>117.98370981972774</ele></trkpt><trkpt lat="58.06320296600461" lon="14.194671967998147"><ele>118.8161119987536</ele></trkpt><trkpt lat="58.06359096430242" lon="14.194842958822846"><ele>119.35849247372215</ele></trkpt><trkpt lat="58.06378098204732" lon="14.194945972412825"><ele>119.62760770439951</ele></trkpt><trkpt lat="58.06485495530069" lon="14.195374958217144"><ele>121.1219847063038</ele></trkpt><trkpt lat="58.06529592722654" lon="14.195500938221812"><ele>121.72913561337266</ele></trkpt><trkpt lat="58.06645195931196" lon="14.195763962343335"><ele>124.07971428086505</ele></trkpt><trkpt lat="58.067123936489224" lon="14.195868987590075"><ele>125.44136457806648</ele></trkpt><trkpt lat="58.067746963351965" lon="14.195898994803429"><ele>126.69994152070164</ele></trkpt><trkpt lat="58.06810193695128" lon="14.195899916812778"><ele>127.41679201376981</ele></trkpt><trkpt lat="58.06917197071016" lon="14.195831939578056"><ele>129.5788862511633</ele></trkpt><trkpt lat="58.069830955937505" lon="14.195734960958362"><ele>130.91369584607617</ele></trkpt><trkpt lat="58.071854934096336" lon="14.195341933518648"><ele>134.35834798239884</ele></trkpt><trkpt lat="58.07319997809827" lon="14.195046974346042"><ele>136.2280665436574</ele></trkpt><trkpt lat="58.074662955477834" lon="14.19476198963821"><ele>138.2588727479318</ele></trkpt><trkpt lat="58.075826950371265" lon="14.19450399465859"><ele>139.87714852989387</ele></trkpt><trkpt lat="58.076724987477064" lon="14.19433694332838"><ele>140.36528391823384</ele></trkpt><trkpt lat="58.07720795273781" lon="14.194276928901672"><ele>140.11019230370363</ele></trkpt><trkpt lat="58.0777869746089" lon="14.194254968315363"><ele>139.80496240869178</ele></trkpt><trkpt lat="58.077996941283345" lon="14.194276928901672"><ele>139.6941321643483</ele></trkpt><trkpt lat="58.07849599979818" lon="14.194294949993491"><ele>139.43105969490134</ele></trkpt><trkpt lat="58.079263949766755" lon="14.194363933056593"><ele>139.0258619483867</ele></trkpt><trkpt lat="58.079993929713964" lon="14.194486979395151"><ele>138.6396072642106</ele></trkpt><trkpt lat="58.08066599071026" lon="14.194644978269935"><ele>138.28267733140098</ele></trkpt><trkpt lat="58.08134098537266" lon="14.194882940500975"><ele>137.9208000200403</ele></trkpt><trkpt lat="58.08225494809449" lon="14.195266999304295"><ele>137.23984569304355</ele></trkpt><trkpt lat="58.082485953345895" lon="14.19538895599544"><ele>137.0087949408308</ele></trkpt><trkpt lat="58.08478997088969" lon="14.19667792506516"><ele>134.69411658610272</ele></trkpt><trkpt lat="58.08597198687494" lon="14.197412934154272"><ele>133.4954443460491</ele></trkpt><trkpt lat="58.0873659811914" lon="14.198388922959566"><ele>131.60781028637743</ele></trkpt><trkpt lat="58.0886559560895" lon="14.199369940906763"><ele>127.84169127713002</ele></trkpt><trkpt lat="58.08979799039662" lon="14.20030896551907"><ele>124.46854380716353</ele></trkpt><trkpt lat="58.09033895842731" lon="14.200703920796514"><ele>122.89781649343445</ele></trkpt><trkpt lat="58.091960940510035" lon="14.201977970078588"><ele>118.1404958018948</ele></trkpt><trkpt lat="58.0922079551965" lon="14.202186930924654"><ele>117.40753279228838</ele></trkpt><trkpt lat="58.09261699207127" lon="14.202490942552686"><ele>117.64869831679812</ele></trkpt><trkpt lat="58.093014964833856" lon="14.202824961394072"><ele>118.02416455100357</ele></trkpt><trkpt lat="58.094127997756004" lon="14.203668935224414"><ele>119.05826107559234</ele></trkpt><trkpt lat="58.09459696523845" lon="14.204043941572309"><ele>119.49733495641725</ele></trkpt><trkpt lat="58.09502796269953" lon="14.204344935715199"><ele>119.89353751675225</ele></trkpt><trkpt lat="58.09541093185544" lon="14.204675937071443"><ele>120.25663613030176</ele></trkpt><trkpt lat="58.09638197533786" lon="14.205394936725497"><ele>121.15590026286787</ele></trkpt><trkpt lat="58.09723198413849" lon="14.206083929166198"><ele>121.95337589657521</ele></trkpt><trkpt lat="58.09762895107269" lon="14.206327926367521"><ele>121.70633229973775</ele></trkpt><trkpt lat="58.09812096878886" lon="14.20666697435081"><ele>120.9715009532913</ele></trkpt><trkpt lat="58.098555989563465" lon="14.206909965723753"><ele>120.33497379287894</ele></trkpt><trkpt lat="58.09900098480284" lon="14.207125967368484"><ele>119.69027275140876</ele></trkpt><trkpt lat="58.09944296255708" lon="14.207319924607873"><ele>119.05356430562169</ele></trkpt><trkpt lat="58.09979097917676" lon="14.20742092654109"><ele>118.55946566647775</ele></trkpt><trkpt lat="58.100164979696274" lon="14.207609938457608"><ele>118.0162184863122</ele></trkpt><trkpt lat="58.10030294582248" lon="14.207658972591162"><ele>117.81921901318655</ele></trkpt><trkpt lat="58.10071097686887" lon="14.207748994231224"><ele>117.24273127439797</ele></trkpt><trkpt lat="58.10138697735965" lon="14.207840943709016"><ele>116.29162024803331</ele></trkpt><trkpt lat="58.10264895670116" lon="14.207935994490981"><ele>114.51922244057104</ele></trkpt><trkpt lat="58.10389794409275" lon="14.208006989210844"><ele>115.51400011230498</ele></trkpt><trkpt lat="58.10430899262428" lon="14.208064991980791"><ele>115.96822714159146</ele></trkpt><trkpt lat="58.1046999245882" lon="14.20806298032403"><ele>116.3990302929646</ele></trkpt><trkpt lat="58.1052009947598" lon="14.208134980872273"><ele>116.9527917591267</ele></trkpt><trkpt lat="58.1056949403137" lon="14.208163982257247"><ele>117.49737470625806</ele></trkpt><trkpt lat="58.10652198269963" lon="14.208245957270265"><ele>118.41001274216654</ele></trkpt><trkpt lat="58.10757491737604" lon="14.208298930898309"><ele>119.57074186621614</ele></trkpt><trkpt lat="58.107773987576365" lon="14.208338996395469"><ele>119.79135113207984</ele></trkpt><trkpt lat="58.10799594037235" lon="14.208340924233198"><ele>120.03594258563277</ele></trkpt><trkpt lat="58.108566999435425" lon="14.20838794670999"><ele>120.2808689186939</ele></trkpt><trkpt lat="58.10911098495126" lon="14.208452990278602"><ele>119.9699040227135</ele></trkpt><trkpt lat="58.109769970178604" lon="14.208483919501305"><ele>119.5938342646971</ele></trkpt><trkpt lat="58.11093698255718" lon="14.208626998588443"><ele>118.92665311219683</ele></trkpt><trkpt lat="58.11124593950808" lon="14.208689946681261"><ele>118.74937366865569</ele></trkpt><trkpt lat="58.11173795722425" lon="14.208818944171071"><ele>118.46599573497303</ele></trkpt><trkpt lat="58.11234195716679" lon="14.209021953865886"><ele>118.11602152388113</ele></trkpt><trkpt lat="58.11301996931434" lon="14.209317918866873"><ele>117.71906178924742</ele></trkpt><trkpt lat="58.11376394703984" lon="14.209615979343653"><ele>117.28521831853317</ele></trkpt><trkpt lat="58.11416493728757" lon="14.209839943796396"><ele>117.44915616043286</ele></trkpt><trkpt lat="58.11438496224582" lon="14.209937928244472"><ele>117.57482175964134</ele></trkpt><trkpt lat="58.114993991330266" lon="14.210316957905889"><ele>117.93124861922627</ele></trkpt><trkpt lat="58.115919940173626" lon="14.210995975881815"><ele>118.48331593607693</ele></trkpt><trkpt lat="58.116540955379605" lon="14.211494950577617"><ele>118.85838658300361</ele></trkpt><trkpt lat="58.11683197505772" lon="14.211751939728856"><ele>119.03691832923916</ele></trkpt><trkpt lat="58.11721595004201" lon="14.212112948298454"><ele>119.27526904928774</ele></trkpt><trkpt lat="58.11798993498087" lon="14.21290093101561"><ele>119.76384690555025</ele></trkpt><trkpt lat="58.11826595105231" lon="14.213210977613926"><ele>119.94227791820042</ele></trkpt><trkpt lat="58.11891797930002" lon="14.213883960619569"><ele>120.39082364923743</ele></trkpt><trkpt lat="58.11915795318782" lon="14.214194929227233"><ele>120.79761589070395</ele></trkpt><trkpt lat="58.119591968134046" lon="14.21463891863823"><ele>121.48770570040428</ele></trkpt><trkpt lat="58.119764970615506" lon="14.214842934161425"><ele>121.77281894224326</ele></trkpt><trkpt lat="58.120130924507976" lon="14.215186927467585"><ele>122.34436375719703</ele></trkpt><trkpt lat="58.12084095552564" lon="14.215947920456529"><ele>123.48570347639901</ele></trkpt><trkpt lat="58.12148996628821" lon="14.216458965092897"><ele>124.46897524058316</ele></trkpt><trkpt lat="58.12211492098868" lon="14.216987947002053"><ele>125.42659091644857</ele></trkpt><trkpt lat="58.122405940666795" lon="14.21715198084712"><ele>125.85134967546787</ele></trkpt><trkpt lat="58.12259294092655" lon="14.21730293892324"><ele>126.13572308432816</ele></trkpt><trkpt lat="58.122790921479464" lon="14.217414921149611"><ele>126.42476833364407</ele></trkpt><trkpt lat="58.12307397834957" lon="14.217609968036413"><ele>126.84613704001913</ele></trkpt><trkpt lat="58.12375299632549" lon="14.21798899769783"><ele>127.83642104281829</ele></trkpt><trkpt lat="58.124553970992565" lon="14.21837992966175"><ele>127.59400208000088</ele></trkpt><trkpt lat="58.12507499009371" lon="14.218600960448384"><ele>127.19149000149795</ele></trkpt><trkpt lat="58.125392999500036" lon="14.218668937683105"><ele>126.95023215932997</ele></trkpt><trkpt lat="58.12593396753073" lon="14.218862978741527"><ele>126.53516563155033</ele></trkpt><trkpt lat="58.12643495388329" lon="14.218994993716478"><ele>126.15385208387815</ele></trkpt><trkpt lat="58.12686393968761" lon="14.219073951244354"><ele>125.8289319675795</ele></trkpt><trkpt lat="58.12705295160413" lon="14.219127930700779"><ele>125.68483189622145</ele></trkpt><trkpt lat="58.12737297266722" lon="14.219178976491094"><ele>125.44272579972468</ele></trkpt><trkpt lat="58.128057941794395" lon="14.219250977039337"><ele>124.92555845726476</ele></trkpt><trkpt lat="58.12920793890953" lon="14.219315936788917"><ele>124.05823318038547</ele></trkpt><trkpt lat="58.130140928551555" lon="14.21934594400227"><ele>123.51126200492098</ele></trkpt><trkpt lat="58.13086395151913" lon="14.219419956207275"><ele>123.12028056770609</ele></trkpt><trkpt lat="58.133060932159424" lon="14.219553982838988"><ele>121.93335895657755</ele></trkpt><trkpt lat="58.13394798897207" lon="14.219575943425298"><ele>121.4543328460773</ele></trkpt><trkpt lat="58.13445593230426" lon="14.219562951475382"><ele>121.18003303207135</ele></trkpt><trkpt lat="58.13481794670224" lon="14.219529926776886"><ele>120.98432909396406</ele></trkpt><trkpt lat="58.13554499298334" lon="14.21942993067205"><ele>120.65942103668344</ele></trkpt><trkpt lat="58.13656096346676" lon="14.219180988147855"><ele>120.22387943360357</ele></trkpt><trkpt lat="58.137057926505804" lon="14.219003962352872"><ele>120.00889096001973</ele></trkpt><trkpt lat="58.137421952560544" lon="14.218894997611642"><ele>119.85220394810823</ele></trkpt><trkpt lat="58.13765295781195" lon="14.218788966536522"><ele>119.7511495433007</ele></trkpt><trkpt lat="58.138947961851954" lon="14.218143979087472"><ele>119.18186413576953</ele></trkpt><trkpt lat="58.139396980404854" lon="14.217893946915865"><ele>118.98288670204187</ele></trkpt><trkpt lat="58.140859957784414" lon="14.21719498001039"><ele>118.79182249119243</ele></trkpt><trkpt lat="58.14121593721211" lon="14.217049973085523"><ele>118.95939889472886</ele></trkpt><trkpt lat="58.14187894575298" lon="14.216716960072517"><ele>119.27507616489319</ele></trkpt><trkpt lat="58.14233693294227" lon="14.21657195314765"><ele>119.48877843742903</ele></trkpt><trkpt lat="58.14351894892752" lon="14.216149924322963"><ele>120.04235226845181</ele></trkpt><trkpt lat="58.14418195746839" lon="14.21597097069025"><ele>120.35056905810089</ele></trkpt><trkpt lat="58.1445199996233" lon="14.215850941836834"><ele>120.50885431689626</ele></trkpt><trkpt lat="58.14508091658354" lon="14.215706940740347"><ele>120.76936372769909</ele></trkpt><trkpt lat="58.14543094485998" lon="14.215646926313639"><ele>120.9311152948772</ele></trkpt><trkpt lat="58.146099988371134" lon="14.215489933267236"><ele>121.08910735473842</ele></trkpt><trkpt lat="58.14716692082584" lon="14.21530494466424"><ele>121.01828985350355</ele></trkpt><trkpt lat="58.14764292910695" lon="14.215202936902642"><ele>120.98662574005168</ele></trkpt><trkpt lat="58.14904195256531" lon="14.214948965236545"><ele>120.89372868897226</ele></trkpt><trkpt lat="58.149736979976296" lon="14.214782919734716"><ele>120.84742460816047</ele></trkpt><trkpt lat="58.150660917162895" lon="14.21453095972538"><ele>120.7857244353686</ele></trkpt><trkpt lat="58.15206597559154" lon="14.21403693035245"><ele>121.03292669585109</ele></trkpt><trkpt lat="58.152508959174156" lon="14.213847918435931"><ele>121.20535558445597</ele></trkpt><trkpt lat="58.15351897850633" lon="14.213483976200223"><ele>121.59577024104487</ele></trkpt><trkpt lat="58.15417394042015" lon="14.213211983442307"><ele>121.85038560013844</ele></trkpt><trkpt lat="58.15463092178106" lon="14.213046943768859"><ele>122.02704177949511</ele></trkpt><trkpt lat="58.1548569817096" lon="14.21294191852212"><ele>122.11542706182527</ele></trkpt><trkpt lat="58.15552594140172" lon="14.212699932977557"><ele>122.37404253782265</ele></trkpt><trkpt lat="58.15628098323941" lon="14.212372954934835"><ele>122.66815040315171</ele></trkpt><trkpt lat="58.156934939324856" lon="14.21212694607675"><ele>122.85873447681006</ele></trkpt><trkpt lat="58.15757296979427" lon="14.211913961917162"><ele>122.8992822279718</ele></trkpt><trkpt lat="58.15788494423032" lon="14.211773984134197"><ele>122.9193477556439</ele></trkpt><trkpt lat="58.15840495750308" lon="14.211576925590634"><ele>122.95253851395853</ele></trkpt><trkpt lat="58.158716931939125" lon="14.211428984999657"><ele>122.9726662078828</ele></trkpt><trkpt lat="58.15922093577683" lon="14.211230920627713"><ele>123.00488170299806</ele></trkpt><trkpt lat="58.15982694737613" lon="14.21100896783173"><ele>123.04351239353429</ele></trkpt><trkpt lat="58.16014395095408" lon="14.210924981161952"><ele>123.06354593142942</ele></trkpt><trkpt lat="58.1605779659003" lon="14.21072892844677"><ele>123.09147078477893</ele></trkpt><trkpt lat="58.16102799028158" lon="14.21057897619903"><ele>123.12006883373998</ele></trkpt><trkpt lat="58.16188294440508" lon="14.210200952365994"><ele>123.17501520468423</ele></trkpt><trkpt lat="58.162217969074845" lon="14.210076984018087"><ele>123.1913928749041</ele></trkpt><trkpt lat="58.162864968180656" lon="14.209780935198069"><ele>123.16694067294186</ele></trkpt><trkpt lat="58.16353895701468" lon="14.209506930783391"><ele>123.14161656870247</ele></trkpt><trkpt lat="58.16375395283103" lon="14.20939494855702"><ele>123.13342531372498</ele></trkpt><trkpt lat="58.16463095135987" lon="14.209012985229492"><ele>123.1003666399585</ele></trkpt><trkpt lat="58.164729941636324" lon="14.208953976631165"><ele>123.09655437468798</ele></trkpt><trkpt lat="58.16495499573648" lon="14.208865966647863"><ele>123.0881122241168</ele></trkpt><trkpt lat="58.16517292521894" lon="14.208746943622828"><ele>123.07978028264391</ele></trkpt><trkpt lat="58.16592696122825" lon="14.208431951701641"><ele>123.05141384622324</ele></trkpt><trkpt lat="58.16648092120886" lon="14.208155935630202"><ele>123.03037125995284</ele></trkpt><trkpt lat="58.16693094559014" lon="14.207969941198826"><ele>123.01344989984747</ele></trkpt><trkpt lat="58.167715994641185" lon="14.207580937072635"><ele>123.11164780738329</ele></trkpt><trkpt lat="58.16918592900038" lon="14.206933937966824"><ele>124.23909202536451</ele></trkpt><trkpt lat="58.17073691636324" lon="14.206186942756176"><ele>125.43468758052782</ele></trkpt><trkpt lat="58.17095794714987" lon="14.206115948036313"><ele>125.60217994064128</ele></trkpt><trkpt lat="58.17118694074452" lon="14.206015951931477"><ele>125.77774736893329</ele></trkpt><trkpt lat="58.17187098786235" lon="14.205823922529817"><ele>126.29439330307423</ele></trkpt><trkpt lat="58.17284194752574" lon="14.205616973340511"><ele>127.02439924448231</ele></trkpt><trkpt lat="58.17361492663622" lon="14.20548697002232"><ele>126.50419455952068</ele></trkpt><trkpt lat="58.17408598959446" lon="14.205362917855382"><ele>126.03498143573144</ele></trkpt><trkpt lat="58.17743397317827" lon="14.204685995355248"><ele>122.71312432481376</ele></trkpt><trkpt lat="58.17796999588609" lon="14.20453897677362"><ele>122.17877985024575</ele></trkpt><trkpt lat="58.178850933909416" lon="14.204248962923884"><ele>121.85235333610096</ele></trkpt><trkpt lat="58.17961293272674" lon="14.20397998765111"><ele>122.2490884811346</ele></trkpt><trkpt lat="58.18013998679817" lon="14.20376691967249"><ele>122.52492705864634</ele></trkpt><trkpt lat="58.18068799562752" lon="14.203603975474834"><ele>122.80885733810733</ele></trkpt><trkpt lat="58.182625975459814" lon="14.202895956113935"><ele>123.8190673604723</ele></trkpt><trkpt lat="58.18328395485878" lon="14.202724965289235"><ele>124.1590074720143</ele></trkpt><trkpt lat="58.183856941759586" lon="14.202646929770708"><ele>124.45305199664682</ele></trkpt><trkpt lat="58.18396992981434" lon="14.202618934214115"><ele>124.49564673661048</ele></trkpt><trkpt lat="58.18434393033385" lon="14.202608959749341"><ele>124.43995896126478</ele></trkpt><trkpt lat="58.184970980510116" lon="14.202558919787407"><ele>124.34651934890333</ele></trkpt><trkpt lat="58.185209948569536" lon="14.202588927000761"><ele>124.31086322874157</ele></trkpt><trkpt lat="58.18631292320788" lon="14.202609965577722"><ele>124.1466408939266</ele></trkpt><trkpt lat="58.18652892485261" lon="14.202577946707606"><ele>124.11438391180377</ele></trkpt><trkpt lat="58.18663395009935" lon="14.202580964192748"><ele>124.09874565798098</ele></trkpt><trkpt lat="58.186965957283974" lon="14.202623963356018"><ele>124.04920040683248</ele></trkpt><trkpt lat="58.187293941155076" lon="14.202636955305934"><ele>124.0003585812417</ele></trkpt><trkpt lat="58.187808925285935" lon="14.202729994431138"><ele>123.92333934898646</ele></trkpt><trkpt lat="58.188454918563366" lon="14.202891932800412"><ele>123.8263259466439</ele></trkpt><trkpt lat="58.18912899121642" lon="14.203135930001736"><ele>123.72415756644766</ele></trkpt><trkpt lat="58.18990993313491" lon="14.203470954671502"><ele>123.67393781513827</ele></trkpt><trkpt lat="58.19070395082235" lon="14.20389499515295"><ele>123.67364483174725</ele></trkpt><trkpt lat="58.19149293936789" lon="14.204287938773632"><ele>123.67335510049384</ele></trkpt><trkpt lat="58.19245199672878" lon="14.204814992845058"><ele>123.6730004559149</ele></trkpt><trkpt lat="58.19322698749602" lon="14.205178935080767"><ele>123.6727168848328</ele></trkpt><trkpt lat="58.19380693137646" lon="14.205478923395276"><ele>123.67250337980941</ele></trkpt><trkpt lat="58.19401798769832" lon="14.205603981390595"><ele>123.67242484541623</ele></trkpt><trkpt lat="58.19501392543316" lon="14.206101950258017"><ele>123.79571634737239</ele></trkpt><trkpt lat="58.19523596204817" lon="14.206231953576207"><ele>123.93104057412724</ele></trkpt><trkpt lat="58.195668971166015" lon="14.206449966877699"><ele>124.19193952902454</ele></trkpt><trkpt lat="58.19651998579502" lon="14.206789936870337"><ele>124.69841127727153</ele></trkpt><trkpt lat="58.19726798683405" lon="14.207027982920408"><ele>125.14011000690121</ele></trkpt><trkpt lat="58.19780291989446" lon="14.20714097097516"><ele>125.45356392197671</ele></trkpt><trkpt lat="58.198675978928804" lon="14.207252953201532"><ele>125.96316902536405</ele></trkpt><trkpt lat="58.19952196441591" lon="14.207305926829576"><ele>126.45611524129934</ele></trkpt><trkpt lat="58.20003795437515" lon="14.207320930436254"><ele>126.75664850044956</ele></trkpt><trkpt lat="58.200480937957764" lon="14.207285977900028"><ele>126.84098983900942</ele></trkpt><trkpt lat="58.200808921828866" lon="14.207218922674656"><ele>126.74339589306979</ele></trkpt><trkpt lat="58.20156295783818" lon="14.207121944054961"><ele>126.51980620402246</ele></trkpt><trkpt lat="58.20199999026954" lon="14.207041980698705"><ele>126.38991270769833</ele></trkpt><trkpt lat="58.20232596248388" lon="14.206973919644952"><ele>126.29289348235021</ele></trkpt><trkpt lat="58.202996933832765" lon="14.206798989325762"><ele>126.09252550804365</ele></trkpt><trkpt lat="58.20343396626413" lon="14.206619951874018"><ele>125.96025365919398</ele></trkpt><trkpt lat="58.20397694595158" lon="14.206457929685712"><ele>125.79764236159842</ele></trkpt><trkpt lat="58.2044059317559" lon="14.206286938861012"><ele>125.66796026646445</ele></trkpt><trkpt lat="58.205038933083415" lon="14.206095999106765"><ele>125.4783394327763</ele></trkpt><trkpt lat="58.2064419798553" lon="14.205629965290427"><ele>125.40269336253027</ele></trkpt><trkpt lat="58.20688898675144" lon="14.205500967800617"><ele>125.49666667808339</ele></trkpt><trkpt lat="58.20710498839617" lon="14.205459980294108"><ele>125.54178411290566</ele></trkpt><trkpt lat="58.20731193758547" lon="14.205388985574245"><ele>125.58549317554825</ele></trkpt><trkpt lat="58.20795298554003" lon="14.205213971436024"><ele>125.7200993311687</ele></trkpt><trkpt lat="58.2089389488101" lon="14.204982966184616"><ele>125.92657648326973</ele></trkpt><trkpt lat="58.209401965141296" lon="14.204897973686457"><ele>126.02325843091884</ele></trkpt><trkpt lat="58.21008391678333" lon="14.20482194982469"><ele>126.16523904826803</ele></trkpt><trkpt lat="58.21112293750048" lon="14.204762941226363"><ele>126.38128508337564</ele></trkpt><trkpt lat="58.21147698909044" lon="14.204761935397983"><ele>126.32213768028896</ele></trkpt><trkpt lat="58.21171293966472" lon="14.204738968983293"><ele>126.21976689496731</ele></trkpt><trkpt lat="58.2121579349041" lon="14.204738968983293"><ele>126.02695216621433</ele></trkpt><trkpt lat="58.21318899281323" lon="14.204774927347898"><ele>125.58012334972192</ele></trkpt><trkpt lat="58.21353994309902" lon="14.204803928732872"><ele>125.42791393823416</ele></trkpt><trkpt lat="58.21377296000719" lon="14.204850951209664"><ele>125.32637979139776</ele></trkpt><trkpt lat="58.21423698216677" lon="14.204898979514837"><ele>125.12502216820153</ele></trkpt><trkpt lat="58.21480292826891" lon="14.205005932599306"><ele>124.87858793640595</ele></trkpt><trkpt lat="58.21617596782744" lon="14.205321930348873"><ele>124.27929982246182</ele></trkpt><trkpt lat="58.217172995209694" lon="14.20563792809844"><ele>124.12680769337034</ele></trkpt><trkpt lat="58.21785293519497" lon="14.20583096332848"><ele>124.33137285369006</ele></trkpt><trkpt lat="58.21819592267275" lon="14.205948980525136"><ele>124.43509100821535</ele></trkpt><trkpt lat="58.21830698288977" lon="14.206005977466702"><ele>124.46932284369494</ele></trkpt><trkpt lat="58.21853999979794" lon="14.206084934994578"><ele>124.53975242531928</ele></trkpt><trkpt lat="58.21931993588805" lon="14.206403950229287"><ele>124.77714594739092</ele></trkpt><trkpt lat="58.22061091661453" lon="14.207049943506718"><ele>125.17439193541121</ele></trkpt><trkpt lat="58.22114693932235" lon="14.207356972619891"><ele>125.34098406744205</ele></trkpt><trkpt lat="58.2215519528836" lon="14.207625947892666"><ele>125.4686538369723</ele></trkpt><trkpt lat="58.22204899974167" lon="14.207910932600498"><ele>125.62314491628986</ele></trkpt><trkpt lat="58.22264294140041" lon="14.208288956433535"><ele>125.34847315983689</ele></trkpt><trkpt lat="58.22348892688751" lon="14.208870995789766"><ele>124.79315713565629</ele></trkpt><trkpt lat="58.223604932427406" lon="14.208933943882585"><ele>124.71869811689271</ele></trkpt><trkpt lat="58.22415294125676" lon="14.209346920251846"><ele>124.35483371780812</ele></trkpt><trkpt lat="58.224589973688126" lon="14.209753945469856"><ele>124.05442576004869</ele></trkpt><trkpt lat="58.22572999633849" lon="14.210677966475487"><ele>123.28945085121447</ele></trkpt><trkpt lat="58.22638194076717" lon="14.211297975853086"><ele>122.83946932469689</ele></trkpt><trkpt lat="58.227190962061286" lon="14.21212594024837"><ele>122.27229518755809</ele></trkpt><trkpt lat="58.22844891808927" lon="14.213450951501727"><ele>123.1081932337523</ele></trkpt><trkpt lat="58.22918099351227" lon="14.214328955858946"><ele>123.65129080207099</ele></trkpt><trkpt lat="58.22954099625349" lon="14.214798929169774"><ele>123.92530686882334</ele></trkpt><trkpt lat="58.2298169285059" lon="14.215121967718005"><ele>124.12862803244168</ele></trkpt><trkpt lat="58.23000895790756" lon="14.215319948270917"><ele>124.26568296176829</ele></trkpt><trkpt lat="58.23061094619334" lon="14.216091921553016"><ele>124.7212968393756</ele></trkpt><trkpt lat="58.231228943914175" lon="14.216825924813747"><ele>125.17849470261743</ele></trkpt><trkpt lat="58.23145592585206" lon="14.217154998332262"><ele>125.35760807978143</ele></trkpt><trkpt lat="58.2321859896183" lon="14.218014981597662"><ele>125.86279823973618</ele></trkpt><trkpt lat="58.23351494036615" lon="14.219675939530134"><ele>126.67495813575775</ele></trkpt><trkpt lat="58.233762960880995" lon="14.220015993341804"><ele>126.83111810016558</ele></trkpt><trkpt lat="58.23700097389519" lon="14.22381492331624"><ele>127.71209292906457</ele></trkpt><trkpt lat="58.23779499158263" lon="14.224699968472123"><ele>126.00500112325304</ele></trkpt><trkpt lat="58.238551961258054" lon="14.22548895701766"><ele>124.40395547049485</ele></trkpt><trkpt lat="58.23954597115517" lon="14.226442985236645"><ele>122.33888232136982</ele></trkpt><trkpt lat="58.24011292308569" lon="14.22694698907435"><ele>121.17817586544172</ele></trkpt><trkpt lat="58.240463957190514" lon="14.227246977388859"><ele>120.46442763767077</ele></trkpt><trkpt lat="58.24140692129731" lon="14.227972934022546"><ele>118.57777418379132</ele></trkpt><trkpt lat="58.24256395921111" lon="14.228794947266579"><ele>118.26691301653779</ele></trkpt><trkpt lat="58.242892948910594" lon="14.229002986103296"><ele>118.26640751223789</ele></trkpt><trkpt lat="58.24387991800904" lon="14.229582929983735"><ele>118.26490136213418</ele></trkpt><trkpt lat="58.246524995192885" lon="14.231063928455114"><ele>118.26088114421724</ele></trkpt><trkpt lat="58.247424960136414" lon="14.231541948392987"><ele>118.47639768507845</ele></trkpt><trkpt lat="58.24839994311333" lon="14.232089957222342"><ele>118.84339676823308</ele></trkpt><trkpt lat="58.2490299269557" lon="14.232417941093445"><ele>119.07917348579093</ele></trkpt><trkpt lat="58.24969192966819" lon="14.232787918299437"><ele>119.32824737424313</ele></trkpt><trkpt lat="58.250369941815734" lon="14.233206929638982"><ele>119.58559625574787</ele></trkpt><trkpt lat="58.25092096813023" lon="14.233612949028611"><ele>119.79892025849838</ele></trkpt><trkpt lat="58.25145891867578" lon="14.234076971188188"><ele>120.01216246901066</ele></trkpt><trkpt lat="58.252240950241685" lon="14.234830923378468"><ele>120.44559156288824</ele></trkpt><trkpt lat="58.25270396657288" lon="14.235330987721682"><ele>120.96868245905932</ele></trkpt><trkpt lat="58.253165977075696" lon="14.235879918560386"><ele>121.50386135369789</ele></trkpt><trkpt lat="58.25388698838651" lon="14.236820954829454"><ele>122.36296677305377</ele></trkpt><trkpt lat="58.2546509988606" lon="14.238002970814705"><ele>123.33059190288083</ele></trkpt><trkpt lat="58.25514796189964" lon="14.238865971565247"><ele>123.99178488133775</ele></trkpt><trkpt lat="58.255782974883914" lon="14.240063996985555"><ele>124.87061227701638</ele></trkpt><trkpt lat="58.25608296319842" lon="14.24067897722125"><ele>125.30399704896682</ele></trkpt><trkpt lat="58.260040981695056" lon="14.248335929587483"><ele>129.70653692458671</ele></trkpt><trkpt lat="58.260316997766495" lon="14.24888695590198"><ele>129.82249569802715</ele></trkpt><trkpt lat="58.26043895445764" lon="14.249168923124671"><ele>129.59892088755544</ele></trkpt><trkpt lat="58.26157998293638" lon="14.251322988420725"><ele>127.72666899269295</ele></trkpt><trkpt lat="58.262229999527335" lon="14.252614974975586"><ele>126.63174850017421</ele></trkpt><trkpt lat="58.263372955843806" lon="14.254675917327404"><ele>124.7976552225974</ele></trkpt><trkpt lat="58.264273926615715" lon="14.256129926070571"><ele>123.49544698067938</ele></trkpt><trkpt lat="58.26507498510182" lon="14.257186967879534"><ele>123.68535667397822</ele></trkpt><trkpt lat="58.26607092283666" lon="14.258322967216372"><ele>123.9115544079664</ele></trkpt><trkpt lat="58.26647995971143" lon="14.258743990212679"><ele>124.0021430417928</ele></trkpt><trkpt lat="58.267281940206885" lon="14.259481932967901"><ele>124.17566566729025</ele></trkpt><trkpt lat="58.268093978986144" lon="14.260080987587571"><ele>124.34530416244692</ele></trkpt><trkpt lat="58.26890895143151" lon="14.26059396006167"><ele>124.51249785325709</ele></trkpt><trkpt lat="58.269213968887925" lon="14.260763945057988"><ele>124.63447376790117</ele></trkpt><trkpt lat="58.26951798051596" lon="14.260877938941121"><ele>125.05023760196353</ele></trkpt><trkpt lat="58.27002097852528" lon="14.261120930314064"><ele>125.7465769184753</ele></trkpt><trkpt lat="58.27055993489921" lon="14.261315977200866"><ele>126.48270315202537</ele></trkpt><trkpt lat="58.27097098343074" lon="14.261436928063631"><ele>127.04079236093172</ele></trkpt><trkpt lat="58.27140994369984" lon="14.261537929996848"><ele>127.63406396055669</ele></trkpt><trkpt lat="58.272262969985604" lon="14.261658964678645"><ele>128.78179445979356</ele></trkpt><trkpt lat="58.272970989346504" lon="14.261696934700012"><ele>129.73215763969168</ele></trkpt><trkpt lat="58.273790990933776" lon="14.261682936921716"><ele>130.8324396647795</ele></trkpt><trkpt lat="58.2741039711982" lon="14.261691989377141"><ele>131.25242972097692</ele></trkpt><trkpt lat="58.27519194222987" lon="14.261639937758446"><ele>131.33526064115262</ele></trkpt><trkpt lat="58.276862958446145" lon="14.261610936373472"><ele>129.2439000420754</ele></trkpt><trkpt lat="58.27896296046674" lon="14.261545976623893"><ele>126.615404032983</ele></trkpt><trkpt lat="58.279183991253376" lon="14.261570954695344"><ele>126.33829657808073</ele></trkpt><trkpt lat="58.279420947656035" lon="14.261557962745428"><ele>126.0416229091042</ele></trkpt><trkpt lat="58.27977097593248" lon="14.261562991887331"><ele>125.60355070888328</ele></trkpt><trkpt lat="58.279996952041984" lon="14.261585958302021"><ele>125.32033858563473</ele></trkpt><trkpt lat="58.28081896528602" lon="14.261572966352105"><ele>125.72309067893163</ele></trkpt><trkpt lat="58.281055921688676" lon="14.261590987443924"><ele>125.97606259242144</ele></trkpt><trkpt lat="58.28209494240582" lon="14.261545976623893"><ele>127.08471085141665</ele></trkpt><trkpt lat="58.282322930172086" lon="14.261558968573809"><ele>127.32802273432037</ele></trkpt><trkpt lat="58.28286699950695" lon="14.261555951088667"><ele>127.90840356104697</ele></trkpt><trkpt lat="58.283307971432805" lon="14.261535918340087"><ele>128.3789383374429</ele></trkpt><trkpt lat="58.28388196416199" lon="14.261537929996848"><ele>128.991238099051</ele></trkpt><trkpt lat="58.284104922786355" lon="14.261514963582158"><ele>129.22942456335804</ele></trkpt><trkpt lat="58.28486692160368" lon="14.261507922783494"><ele>130.04228574227784</ele></trkpt><trkpt lat="58.285325998440385" lon="14.26152192056179"><ele>130.53206244885374</ele></trkpt><trkpt lat="58.285887921229005" lon="14.261480933055282"><ele>130.6651009224229</ele></trkpt><trkpt lat="58.28632897697389" lon="14.261487973853946"><ele>129.72629370178237</ele></trkpt><trkpt lat="58.28675092197955" lon="14.261457966640592"><ele>128.8275688299414</ele></trkpt><trkpt lat="58.287193989381194" lon="14.261450925841928"><ele>127.88448000878745</ele></trkpt><trkpt lat="58.28751292079687" lon="14.261460984125733"><ele>127.20555060541734</ele></trkpt><trkpt lat="58.288613967597485" lon="14.261445980519056"><ele>124.8619447898609</ele></trkpt><trkpt lat="58.28869694843888" lon="14.26145394332707"><ele>124.68509797236234</ele></trkpt><trkpt lat="58.28877791762352" lon="14.261494930833578"><ele>124.50676084560877</ele></trkpt><trkpt lat="58.288847990334034" lon="14.26158394664526"><ele>124.3274190993028</ele></trkpt><trkpt lat="58.28889895230532" lon="14.261715961620212"><ele>124.14416824778876</ele></trkpt><trkpt lat="58.288937928155065" lon="14.26188494078815"><ele>123.93771332231886</ele></trkpt><trkpt lat="58.28910397365689" lon="14.262882973998785"><ele>122.76651831704973</ele></trkpt><trkpt lat="58.289301954209805" lon="14.263880923390388"><ele>121.57314405840322</ele></trkpt><trkpt lat="58.28940094448626" lon="14.264471931383014"><ele>120.8791733348831</ele></trkpt><trkpt lat="58.28968492336571" lon="14.265892999246716"><ele>119.1774230886485</ele></trkpt><trkpt lat="58.289882987737656" lon="14.266745941713452"><ele>117.70454535532538</ele></trkpt><trkpt lat="58.289969991892576" lon="14.26719294860959"><ele>116.9516282753275</ele></trkpt><trkpt lat="58.290183981880546" lon="14.26834898069501"><ele>115.01571778057139</ele></trkpt><trkpt lat="58.29038296826184" lon="14.269557986408472"><ele>113.01463640164741</ele></trkpt><trkpt lat="58.29046997241676" lon="14.27024194970727"><ele>111.90311944990363</ele></trkpt><trkpt lat="58.290636939927936" lon="14.271941967308521"><ele>109.17145221635235</ele></trkpt><trkpt lat="58.29070491716266" lon="14.272945951670408"><ele>107.57255325470271</ele></trkpt><trkpt lat="58.29079393297434" lon="14.27479893900454"><ele>104.63356250170835</ele></trkpt><trkpt lat="58.290957966819406" lon="14.277173951268196"><ele>101.7821838202541</ele></trkpt><trkpt lat="58.29101596958935" lon="14.278230993077159"><ele>101.03684360585181</ele></trkpt><trkpt lat="58.29110096208751" lon="14.278999948874116"><ele>100.48577530493895</ele></trkpt><trkpt lat="58.291192995384336" lon="14.279499929398298"><ele>100.11425564131633</ele></trkpt><trkpt lat="58.29139399342239" lon="14.280201997607946"><ele>99.55359092586971</ele></trkpt><trkpt lat="58.29165391623974" lon="14.280849918723106"><ele>98.98197593877238</ele></trkpt><trkpt lat="58.29187092371285" lon="14.281208999454975"><ele>98.5982408157632</ele></trkpt><trkpt lat="58.29223796725273" lon="14.281633961945772"><ele>98.02495025346202</ele></trkpt><trkpt lat="58.292482970282435" lon="14.281839989125729"><ele>97.66754095580875</ele></trkpt><trkpt lat="58.293770933523774" lon="14.282656973227859"><ele>95.85604529194471</ele></trkpt><trkpt lat="58.294674921780825" lon="14.283183943480253"><ele>95.16760086364299</ele></trkpt><trkpt lat="58.295491989701986" lon="14.283724995329976"><ele>95.24361609299616</ele></trkpt><trkpt lat="58.29581997357309" lon="14.283892968669534"><ele>95.27346011647516</ele></trkpt><trkpt lat="58.29636094160378" lon="14.284300999715924"><ele>95.32459055606044</ele></trkpt><trkpt lat="58.297125957906246" lon="14.2848099488765"><ele>95.39579881526087</ele></trkpt><trkpt lat="58.29733491875231" lon="14.284965936094522"><ele>95.41552148543872</ele></trkpt><trkpt lat="58.29764295369387" lon="14.285158971324563"><ele>95.44401700134918</ele></trkpt><trkpt lat="58.29784395173192" lon="14.285317976027727"><ele>95.46314306181803</ele></trkpt><trkpt lat="58.298497991636395" lon="14.285916946828365"><ele>95.5269191845244</ele></trkpt><trkpt lat="58.29889797605574" lon="14.286344926804304"><ele>95.56723856405694</ele></trkpt><trkpt lat="58.2997929956764" lon="14.287381935864687"><ele>95.77839993990149</ele></trkpt><trkpt lat="58.30019096843898" lon="14.28779591806233"><ele>95.93637807873661</ele></trkpt><trkpt lat="58.30035793595016" lon="14.287893986329436"><ele>95.99724269251266</ele></trkpt><trkpt lat="58.30108598805964" lon="14.288173941895366"><ele>96.25596083112791</ele></trkpt><trkpt lat="58.30123099498451" lon="14.288293970748782"><ele>96.31103995789735</ele></trkpt><trkpt lat="58.301357980817556" lon="14.288468984887004"><ele>96.36565182142986</ele></trkpt><trkpt lat="58.301546992734075" lon="14.288947926834226"><ele>96.47527965765005</ele></trkpt><trkpt lat="58.30160994082689" lon="14.289066949859262"><ele>96.5061873599283</ele></trkpt><trkpt lat="58.30195091664791" lon="14.289679918438196"><ele>96.6695631384778</ele></trkpt><trkpt lat="58.302108999341726" lon="14.289932968094945"><ele>96.74151348102382</ele></trkpt><trkpt lat="58.30278793349862" lon="14.290736960247159"><ele>97.02003953135227</ele></trkpt><trkpt lat="58.30329596064985" lon="14.291367949917912"><ele>97.2313421625733</ele></trkpt><trkpt lat="58.30336796119809" lon="14.291443973779678"><ele>97.26002215915643</ele></trkpt><trkpt lat="58.30345194786787" lon="14.291494935750961"><ele>97.29072698378157</ele></trkpt><trkpt lat="58.30353291705251" lon="14.291508933529258"><ele>97.31904608299446</ele></trkpt><trkpt lat="58.30360692925751" lon="14.291473980993032"><ele>97.34560759808481</ele></trkpt><trkpt lat="58.303759982809424" lon="14.29136392660439"><ele>97.40259671486594</ele></trkpt><trkpt lat="58.30383491702378" lon="14.291345989331603"><ele>97.42890324448591</ele></trkpt><trkpt lat="58.30390599556267" lon="14.291380941867828"><ele>97.45447415784878</ele></trkpt><trkpt lat="58.30445995554328" lon="14.292075969278812"><ele>97.7240462291694</ele></trkpt><trkpt lat="58.304792968556285" lon="14.292452987283468"><ele>97.89714923446023</ele></trkpt><trkpt lat="58.306362982839346" lon="14.294460956007242"><ele>98.74218702908672</ele></trkpt><trkpt lat="58.306573955342174" lon="14.294660948216915"><ele>98.84748056938423</ele></trkpt><trkpt lat="58.30686396919191" lon="14.294803943485022"><ele>98.9813200358416</ele></trkpt><trkpt lat="58.30693194642663" lon="14.294851971790195"><ele>99.01371336976447</ele></trkpt><trkpt lat="58.30699296668172" lon="14.29492799565196"><ele>99.0462944744443</ele></trkpt><trkpt lat="58.30703797750175" lon="14.295026985928416"><ele>99.07702158192166</ele></trkpt><trkpt lat="58.3070959802717" lon="14.295439962297678"><ele>99.17735371858294</ele></trkpt><trkpt lat="58.307136967778206" lon="14.295580945909023"><ele>99.21517202471877</ele></trkpt><trkpt lat="58.30719195306301" lon="14.29570097476244"><ele>99.25254913569604</ele></trkpt><trkpt lat="58.308015977963805" lon="14.29660496301949"><ele>99.67744458265912</ele></trkpt><trkpt lat="58.308228962123394" lon="14.296860946342349"><ele>99.78997484865876</ele></trkpt><trkpt lat="58.308660965412855" lon="14.297466957941651"><ele>100.02883183341642</ele></trkpt><trkpt lat="58.30892591737211" lon="14.297916982322931"><ele>100.1558187652826</ele></trkpt><trkpt lat="58.309194976463914" lon="14.298447975888848"><ele>100.2944173859936</ele></trkpt><trkpt lat="58.309716917574406" lon="14.29978497326374"><ele>100.60735366803893</ele></trkpt><trkpt lat="58.310553934425116" lon="14.301644917577505"><ele>101.06744909996527</ele></trkpt><trkpt lat="58.3106979355216" lon="14.30193291977048"><ele>101.14214295200331</ele></trkpt><trkpt lat="58.3111279271543" lon="14.30291997268796"><ele>101.38303376236175</ele></trkpt><trkpt lat="58.31134191714227" lon="14.30330897681415"><ele>101.48884706050556</ele></trkpt><trkpt lat="58.31159798428416" lon="14.303641989827156"><ele>101.59974882140207</ele></trkpt><trkpt lat="58.312052953988314" lon="14.303993945941329"><ele>101.77537295113014</ele></trkpt><trkpt lat="58.31235093064606" lon="14.304154962301254"><ele>101.88614333384943</ele></trkpt><trkpt lat="58.312443969771266" lon="14.304181952029467"><ele>101.91979952910566</ele></trkpt><trkpt lat="58.31253399141133" lon="14.30418698117137"><ele>101.95200641652298</ele></trkpt><trkpt lat="58.312724931165576" lon="14.304165942594409"><ele>102.02907599544686</ele></trkpt><trkpt lat="58.31301595084369" lon="14.30418698117137"><ele>102.20124976125665</ele></trkpt><trkpt lat="58.31329892389476" lon="14.30425495840609"><ele>102.36986898806707</ele></trkpt><trkpt lat="58.31358994357288" lon="14.304243978112936"><ele>102.54195253487572</ele></trkpt><trkpt lat="58.313684994354844" lon="14.304255964234471"><ele>102.59826934469343</ele></trkpt><trkpt lat="58.3138669654727" lon="14.304225957021117"><ele>102.70625280740155</ele></trkpt><trkpt lat="58.31415496766567" lon="14.304250935092568"><ele>102.87669522714081</ele></trkpt><trkpt lat="58.314352948218584" lon="14.304286977276206"><ele>102.99427450116897</ele></trkpt><trkpt lat="58.3144489210099" lon="14.304268956184387"><ele>103.05128856309094</ele></trkpt><trkpt lat="58.31454296596348" lon="14.304271973669529"><ele>103.10689548832468</ele></trkpt><trkpt lat="58.315129950642586" lon="14.304417986422777"><ele>103.45686817206504</ele></trkpt><trkpt lat="58.3156249858439" lon="14.30457598529756"><ele>103.75361505794149</ele></trkpt><trkpt lat="58.3158509619534" lon="14.304663995280862"><ele>103.88997787045155</ele></trkpt><trkpt lat="58.316697953268886" lon="14.305111924186349"><ele>104.40967414465267</ele></trkpt><trkpt lat="58.31709894351661" lon="14.305398920550942"><ele>104.66293442772466</ele></trkpt><trkpt lat="58.31749892793596" lon="14.305786918848753"><ele>104.9283248262023</ele></trkpt><trkpt lat="58.31916097551584" lon="14.307908965274692"><ele>104.96215073255071</ele></trkpt><trkpt lat="58.31949197687209" lon="14.308318924158812"><ele>104.87155598439062</ele></trkpt><trkpt lat="58.319811997935176" lon="14.30867892690003"><ele>104.78627629597035</ele></trkpt><trkpt lat="58.32032396458089" lon="14.309399938210845"><ele>104.64017789219227</ele></trkpt><trkpt lat="58.320890916511416" lon="14.310415992513299"><ele>104.4615501639765</ele></trkpt><trkpt lat="58.32119098864496" lon="14.311009934172034"><ele>104.36224701045423</ele></trkpt><trkpt lat="58.32133096642792" lon="14.311330961063504"><ele>104.31197241142019</ele></trkpt><trkpt lat="58.32190093584359" lon="14.31241993792355"><ele>104.12672656006922</ele></trkpt><trkpt lat="58.32214493304491" lon="14.312908938154578"><ele>104.0454546831958</ele></trkpt><trkpt lat="58.32243695855141" lon="14.313546968623996"><ele>103.83341141890547</ele></trkpt><trkpt lat="58.32251692190766" lon="14.313682923093438"><ele>103.76928975287267</ele></trkpt><trkpt lat="58.32259898073971" lon="14.31379297748208"><ele>103.70925334873857</ele></trkpt><trkpt lat="58.322689924389124" lon="14.313879981637001"><ele>103.6483751490393</ele></trkpt><trkpt lat="58.32278899848461" lon="14.313933961093426"><ele>103.58673482561034</ele></trkpt><trkpt lat="58.32288698293269" lon="14.313953993842006"><ele>103.5277873940505</ele></trkpt><trkpt lat="58.322982955724" lon="14.313948964700103"><ele>103.47035835393423</ele></trkpt><trkpt lat="58.323140954598784" lon="14.313906971365213"><ele>103.3749333086282</ele></trkpt><trkpt lat="58.32328495569527" lon="14.31389993056655"><ele>103.28876888912309</ele></trkpt><trkpt lat="58.32335192710161" lon="14.313935972750187"><ele>103.24714010862064</ele></trkpt><trkpt lat="58.32341093569994" lon="14.31400696747005"><ele>103.20538901125181</ele></trkpt><trkpt lat="58.323461981490254" lon="14.31411299854517"><ele>103.16020549619954</ele></trkpt><trkpt lat="58.32350296899676" lon="14.314249958842993"><ele>103.11068934342055</ele></trkpt><trkpt lat="58.323698937892914" lon="14.315086975693703"><ele>102.82282777185324</ele></trkpt><trkpt lat="58.32396699115634" lon="14.31602692231536"><ele>102.4868562537438</ele></trkpt><trkpt lat="58.32439798861742" lon="14.317390993237495"><ele>101.98681573066104</ele></trkpt><trkpt lat="58.3248099591583" lon="14.31856395676732"><ele>101.5435737755114</ele></trkpt><trkpt lat="58.32528596743941" lon="14.319740943610668"><ele>101.07694902163774</ele></trkpt><trkpt lat="58.32669295370579" lon="14.32354993186891"><ele>101.07236640311135</ele></trkpt><trkpt lat="58.32790992222726" lon="14.326631957665086"><ele>101.49218423922485</ele></trkpt><trkpt lat="58.328233966603875" lon="14.327510967850685"><ele>101.60910780847712</ele></trkpt><trkpt lat="58.32854292355478" lon="14.328235918655992"><ele>101.71075383914096</ele></trkpt><trkpt lat="58.32900493405759" lon="14.329214924946427"><ele>101.86279651359274</ele></trkpt><trkpt lat="58.32966299727559" lon="14.330410938709974"><ele>102.25812152218413</ele></trkpt><trkpt lat="58.32991596311331" lon="14.33085492812097"><ele>102.40762579422315</ele></trkpt><trkpt lat="58.3303689211607" lon="14.331587925553322"><ele>102.66594721942259</ele></trkpt><trkpt lat="58.331114994362" lon="14.33265695348382"><ele>103.07170946432161</ele></trkpt><trkpt lat="58.331991992890835" lon="14.333741990849376"><ele>103.52621479165676</ele></trkpt><trkpt lat="58.332464983686805" lon="14.33424599468708"><ele>103.76176356509066</ele></trkpt><trkpt lat="58.3328349608928" lon="14.334602979943156"><ele>103.94201439543234</ele></trkpt><trkpt lat="58.33340493030846" lon="14.335109917446971"><ele>104.21540463505242</ele></trkpt><trkpt lat="58.333710953593254" lon="14.335357937961817"><ele>104.40214109510659</ele></trkpt><trkpt lat="58.334123929962516" lon="14.335668990388513"><ele>104.67249742967711</ele></trkpt><trkpt lat="58.334550987929106" lon="14.335963949561119"><ele>104.94904819249776</ele></trkpt><trkpt lat="58.33518398925662" lon="14.33633392676711"><ele>105.3521448443542</ele></trkpt><trkpt lat="58.335497975349426" lon="14.336497960612178"><ele>105.55035451785831</ele></trkpt><trkpt lat="58.33615394309163" lon="14.33678193949163"><ele>105.95988360252957</ele></trkpt><trkpt lat="58.337227916345" lon="14.33716599829495"><ele>106.62512800099643</ele></trkpt><trkpt lat="58.3377789426595" lon="14.33731997385621"><ele>106.96417695588505</ele></trkpt><trkpt lat="58.33842099644244" lon="14.337525917217135"><ele>107.36055456822301</ele></trkpt><trkpt lat="58.33873498253524" lon="14.337660949677229"><ele>107.5565160433284</ele></trkpt><trkpt lat="58.33894897252321" lon="14.337733956053853"><ele>107.65325408299756</ele></trkpt><trkpt lat="58.33964894525707" lon="14.338102927431464"><ele>107.83462905861222</ele></trkpt><trkpt lat="58.33995999768376" lon="14.338312977924943"><ele>107.91704488092492</ele></trkpt><trkpt lat="58.340544970706105" lon="14.338669963181019"><ele>108.0704441084257</ele></trkpt><trkpt lat="58.34063993766904" lon="14.33873693458736"><ele>108.09573315208802</ele></trkpt><trkpt lat="58.34120194427669" lon="14.339236998930573"><ele>108.2506370088029</ele></trkpt><trkpt lat="58.34156597033143" lon="14.339529946446419"><ele>108.34932350239308</ele></trkpt><trkpt lat="58.34225093945861" lon="14.34017795138061"><ele>108.54030992196071</ele></trkpt><trkpt lat="58.34294093772769" lon="14.340960988774896"><ele>108.74087539144544</ele></trkpt><trkpt lat="58.34335693158209" lon="14.341504974290729"><ele>108.86687667200117</ele></trkpt><trkpt lat="58.34392296150327" lon="14.34234894812107"><ele>109.01008972685638</ele></trkpt><trkpt lat="58.344344990327954" lon="14.342919923365116"><ele>109.00096608022348</ele></trkpt><trkpt lat="58.34459896199405" lon="14.343309933319688"><ele>108.99521641053602</ele></trkpt><trkpt lat="58.3468069229275" lon="14.346510982140899"><ele>108.94631246658723</ele></trkpt><trkpt lat="58.34699895232916" lon="14.346783980727196"><ele>108.94208933986604</ele></trkpt><trkpt lat="58.34775893948972" lon="14.347763992846012"><ele>108.92591404099844</ele></trkpt><trkpt lat="58.3487219363451" lon="14.348894963040948"><ele>109.57700455999354</ele></trkpt><trkpt lat="58.34938293322921" lon="14.349564928561449"><ele>110.5677907083264</ele></trkpt><trkpt lat="58.34964796900749" lon="14.349805992096663"><ele>110.95643695814455</ele></trkpt><trkpt lat="58.34983496926725" lon="14.349939934909344"><ele>111.22081356896027</ele></trkpt><trkpt lat="58.35056897252798" lon="14.350543934851885"><ele>112.27887037028647</ele></trkpt><trkpt lat="58.35131797939539" lon="14.351073922589421"><ele>113.33621391424276</ele></trkpt><trkpt lat="58.35196598432958" lon="14.35147994197905"><ele>114.23893317944307</ele></trkpt><trkpt lat="58.35268598981202" lon="14.351856959983706"><ele>115.22709018062484</ele></trkpt><trkpt lat="58.35331999696791" lon="14.352141944691539"><ele>116.08914779851683</ele></trkpt><trkpt lat="58.3536989428103" lon="14.352283934131265"><ele>116.61644762462323</ele></trkpt><trkpt lat="58.35415097884834" lon="14.35242491774261"><ele>117.25058230304873</ele></trkpt><trkpt lat="58.35524892434478" lon="14.352663969621062"><ele>118.78049394571879</ele></trkpt><trkpt lat="58.355884943157434" lon="14.352730941027403"><ele>119.66235874718933</ele></trkpt><trkpt lat="58.356444938108325" lon="14.35274695046246"><ele>120.43771857605557</ele></trkpt><trkpt lat="58.356637973338366" lon="14.352705962955952"><ele>120.70661494123087</ele></trkpt><trkpt lat="58.35729494690895" lon="14.352731946855783"><ele>121.61634325252878</ele></trkpt><trkpt lat="58.35815694183111" lon="14.352689953520894"><ele>122.81010274678762</ele></trkpt><trkpt lat="58.35843698121607" lon="14.352662963792682"><ele>123.19829231338352</ele></trkpt><trkpt lat="58.35922395810485" lon="14.352642931044102"><ele>124.41147078467215</ele></trkpt><trkpt lat="58.36027798242867" lon="14.352542934939265"><ele>126.36475648393596</ele></trkpt><trkpt lat="58.361366959288716" lon="14.352498929947615"><ele>128.38077338234663</ele></trkpt><trkpt lat="58.36186995729804" lon="14.352436987683177"><ele>129.31370208799856</ele></trkpt><trkpt lat="58.36236993782222" lon="14.352428941056132"><ele>130.23913838517288</ele></trkpt><trkpt lat="58.36296899244189" lon="14.352395916357636"><ele>131.3483793197682</ele></trkpt><trkpt lat="58.3633659593761" lon="14.352328944951296"><ele>132.08598822757966</ele></trkpt><trkpt lat="58.36367097683251" lon="14.352331962436438"><ele>132.6505461532188</ele></trkpt><trkpt lat="58.36407498456538" lon="14.352310923859477"><ele>133.39859437008636</ele></trkpt><trkpt lat="58.365104952827096" lon="14.352214951068163"><ele>134.5119080665137</ele></trkpt><trkpt lat="58.36599594913423" lon="14.352189972996712"><ele>134.99912528522924</ele></trkpt><trkpt lat="58.36670899763703" lon="14.352109925821424"><ele>135.3896696237567</ele></trkpt><trkpt lat="58.367338981479406" lon="14.352088971063495"><ele>135.73417441761902</ele></trkpt><trkpt lat="58.36812193505466" lon="14.352007918059826"><ele>136.1628956199424</ele></trkpt><trkpt lat="58.36919599212706" lon="14.351935917511582"><ele>136.75051400539596</ele></trkpt><trkpt lat="58.369614919647574" lon="14.351935917511582"><ele>136.97956842379205</ele></trkpt><trkpt lat="58.370212968438864" lon="14.35186693444848"><ele>137.42801194740963</ele></trkpt><trkpt lat="58.37080297060311" lon="14.351827958598733"><ele>138.14643453281076</ele></trkpt><trkpt lat="58.371182922273874" lon="14.35181999579072"><ele>138.60883737731373</ele></trkpt><trkpt lat="58.3716859202832" lon="14.351762998849154"><ele>139.22203095978648</ele></trkpt><trkpt lat="58.37228992022574" lon="14.351716982200742"><ele>139.95764352794436</ele></trkpt><trkpt lat="58.373953979462385" lon="14.351656967774034"><ele>141.9830507061495</ele></trkpt><trkpt lat="58.37617694400251" lon="14.351632995530963"><ele>143.35307455912266</ele></trkpt><trkpt lat="58.37769499048591" lon="14.35169099830091"><ele>141.8472298361753</ele></trkpt><trkpt lat="58.37867299094796" lon="14.351683957502246"><ele>140.87727806994127</ele></trkpt><trkpt lat="58.38238491676748" lon="14.351717988029122"><ele>140.40973100142122</ele></trkpt><trkpt lat="58.38352896273136" lon="14.351706923916936"><ele>142.16798404405557</ele></trkpt><trkpt lat="58.38442398235202" lon="14.351740954443812"><ele>143.5437708236464</ele></trkpt><trkpt lat="58.385535925626755" lon="14.35173399746418"><ele>145.25267334715485</ele></trkpt><trkpt lat="58.385985950008035" lon="14.351747995242476"><ele>145.944386584923</ele></trkpt><trkpt lat="58.38655097410083" lon="14.351740954443812"><ele>146.8127640689188</ele></trkpt><trkpt lat="58.386865966022015" lon="14.35175696387887"><ele>146.88936614439774</ele></trkpt><trkpt lat="58.38709898293018" lon="14.351746989414096"><ele>146.79630766189658</ele></trkpt><trkpt lat="58.387556970119476" lon="14.351786971092224"><ele>146.61325890482476</ele></trkpt><trkpt lat="58.387769954279065" lon="14.351784959435463"><ele>146.52822113529254</ele></trkpt><trkpt lat="58.38847395032644" lon="14.351919991895556"><ele>146.24572443960744</ele></trkpt><trkpt lat="58.389079961925745" lon="14.352089976891875"><ele>146.00116523682922</ele></trkpt><trkpt lat="58.38943996466696" lon="14.352208999916911"><ele>145.8552871828681</ele></trkpt><trkpt lat="58.39073999784887" lon="14.352828925475478"><ele>145.32026537839823</ele></trkpt><trkpt lat="58.39097494259477" lon="14.352957922965288"><ele>145.2226537436543</ele></trkpt><trkpt lat="58.391760997474194" lon="14.353524958714843"><ele>144.88712892816775</ele></trkpt><trkpt lat="58.392216973006725" lon="14.353833999484777"><ele>144.65174682086217</ele></trkpt><trkpt lat="58.39244898408651" lon="14.353951932862401"><ele>144.49538399671223</ele></trkpt><trkpt lat="58.393014930188656" lon="14.354397933930159"><ele>144.0966233394843</ele></trkpt><trkpt lat="58.39403894729912" lon="14.355114921927452"><ele>143.38627054916117</ele></trkpt><trkpt lat="58.39460799470544" lon="14.355490934103727"><ele>142.99409775179018</ele></trkpt><trkpt lat="58.394818967208266" lon="14.355663936585188"><ele>142.8445560215466</ele></trkpt><trkpt lat="58.39555397629738" lon="14.356170957908034"><ele>142.3355776925062</ele></trkpt><trkpt lat="58.39596192352474" lon="14.356482932344079"><ele>142.04936885392695</ele></trkpt><trkpt lat="58.3965839445591" lon="14.356878977268934"><ele>141.62233501705526</ele></trkpt><trkpt lat="58.39752992615104" lon="14.357573920860887"><ele>141.32105022305143</ele></trkpt><trkpt lat="58.39824196882546" lon="14.35803391970694"><ele>141.75840703860035</ele></trkpt><trkpt lat="58.39872996322811" lon="14.358401969075203"><ele>142.0636880370716</ele></trkpt><trkpt lat="58.39952892623842" lon="14.358950983732939"><ele>142.55773555183552</ele></trkpt><trkpt lat="58.39972891844809" lon="14.3591049592942"><ele>142.68320168902832</ele></trkpt><trkpt lat="58.4004639275372" lon="14.359565963968635"><ele>143.13332799701288</ele></trkpt><trkpt lat="58.40087195858359" lon="14.359871987253428"><ele>143.38839123006494</ele></trkpt><trkpt lat="58.40107295662165" lon="14.359986986964941"><ele>143.5104726393365</ele></trkpt><trkpt lat="58.40126791968942" lon="14.360146997496486"><ele>143.63394458171211</ele></trkpt><trkpt lat="58.40187694877386" lon="14.360582940280437"><ele>144.0123757212562</ele></trkpt><trkpt lat="58.402291936799884" lon="14.360855938866735"><ele>144.2677533512913</ele></trkpt><trkpt lat="58.402725951746106" lon="14.361173948273063"><ele>144.3839839779814</ele></trkpt><trkpt lat="58.403798919171095" lon="14.361886996775866"><ele>144.41666461455134</ele></trkpt><trkpt lat="58.40410494245589" lon="14.362108949571848"><ele>144.42608130821858</ele></trkpt><trkpt lat="58.40471497736871" lon="14.36258596368134"><ele>144.44504406093347</ele></trkpt><trkpt lat="58.405212946236134" lon="14.363037999719381"><ele>144.46090524422175</ele></trkpt><trkpt lat="58.40551997534931" lon="14.363288953900337"><ele>144.47051243377064</ele></trkpt><trkpt lat="58.40597896836698" lon="14.363731937482953"><ele>144.48530684748852</ele></trkpt><trkpt lat="58.40628096833825" lon="14.363996973261237"><ele>144.49486787722927</ele></trkpt><trkpt lat="58.406481966376305" lon="14.364201994612813"><ele>144.50142319525784</ele></trkpt><trkpt lat="58.40665094554424" lon="14.364419924095273"><ele>144.50728923003513</ele></trkpt><trkpt lat="58.40711899101734" lon="14.364953935146332"><ele>144.52297394745588</ele></trkpt><trkpt lat="58.40786992572248" lon="14.365903940051794"><ele>144.1151580022567</ele></trkpt><trkpt lat="58.40894096530974" lon="14.367420980706811"><ele>142.922599006294</ele></trkpt><trkpt lat="58.4092019777745" lon="14.367816941812634"><ele>142.62448132112291</ele></trkpt><trkpt lat="58.40976096689701" lon="14.368783961981535"><ele>141.94992992708748</ele></trkpt><trkpt lat="58.41089495457709" lon="14.370909947901964"><ele>140.52871686408696</ele></trkpt><trkpt lat="58.41223698109388" lon="14.373909998685122"><ele>138.93041566087754</ele></trkpt><trkpt lat="58.412434961646795" lon="14.374417942017317"><ele>138.7161840075021</ele></trkpt><trkpt lat="58.412926979362965" lon="14.375380938872695"><ele>138.26100414153586</ele></trkpt><trkpt lat="58.41310794465244" lon="14.375656954944134"><ele>138.11137960054802</ele></trkpt><trkpt lat="58.41339292936027" lon="14.376030955463648"><ele>137.88798766142477</ele></trkpt><trkpt lat="58.41403397731483" lon="14.376717936247587"><ele>137.4131101793514</ele></trkpt><trkpt lat="58.41447997838259" lon="14.3771109636873"><ele>137.09579572175085</ele></trkpt><trkpt lat="58.41561094857752" lon="14.378008916974068"><ele>136.3045638178649</ele></trkpt><trkpt lat="58.41678399592638" lon="14.379072999581695"><ele>136.07746992679375</ele></trkpt><trkpt lat="58.417845983058214" lon="14.380174968391657"><ele>136.19066284142488</ele></trkpt><trkpt lat="58.41831394471228" lon="14.380715936422348"><ele>136.24189350275216</ele></trkpt><trkpt lat="58.41891098767519" lon="14.381457986310124"><ele>136.30860806109996</ele></trkpt><trkpt lat="58.41977792792022" lon="14.38263296149671"><ele>136.40816937361393</ele></trkpt><trkpt lat="58.42012192122638" lon="14.383129924535751"><ele>136.44856552528216</ele></trkpt><trkpt lat="58.42082994058728" lon="14.384234994649887"><ele>136.07888910596793</ele></trkpt><trkpt lat="58.42125993221998" lon="14.384982995688915"><ele>134.50222485002774</ele></trkpt><trkpt lat="58.42240699566901" lon="14.386782925575972"><ele>130.47790920181563</ele></trkpt><trkpt lat="58.423092970624566" lon="14.387949937954545"><ele>127.98765428389025</ele></trkpt><trkpt lat="58.4232759475708" lon="14.388294937089086"><ele>127.2906634174679</ele></trkpt><trkpt lat="58.423604937270284" lon="14.388997927308083"><ele>125.95242259397165</ele></trkpt><trkpt lat="58.42398597858846" lon="14.39006494358182"><ele>124.11925675781029</ele></trkpt><trkpt lat="58.424615962430835" lon="14.392361920326948"><ele>120.77205667436648</ele></trkpt><trkpt lat="58.42484093271196" lon="14.39324394799769"><ele>119.81797947588264</ele></trkpt><trkpt lat="58.425067998468876" lon="14.393904944881797"><ele>119.04921309406035</ele></trkpt><trkpt lat="58.425324987620115" lon="14.394548926502466"><ele>118.2618393681654</ele></trkpt><trkpt lat="58.42561198398471" lon="14.395194919779897"><ele>117.43800287121582</ele></trkpt><trkpt lat="58.42594298534095" lon="14.395809983834624"><ele>116.5803222821247</ele></trkpt><trkpt lat="58.42616996727884" lon="14.396168980747461"><ele>116.03299519823055</ele></trkpt><trkpt lat="58.42628295533359" lon="14.396332930773497"><ele>115.76946321160155</ele></trkpt><trkpt lat="58.426763992756605" lon="14.39693994820118"><ele>114.69870453363738</ele></trkpt><trkpt lat="58.427132964134216" lon="14.397316966205835"><ele>113.92155459630402</ele></trkpt><trkpt lat="58.42824297957122" lon="14.39836093224585"><ele>111.6236803486097</ele></trkpt><trkpt lat="58.428612956777215" lon="14.398668967187405"><ele>110.84865658164128</ele></trkpt><trkpt lat="58.43033594079316" lon="14.400245938450098"><ele>107.02712836361664</ele></trkpt><trkpt lat="58.43069292604923" lon="14.40052597783506"><ele>106.25521819281934</ele></trkpt><trkpt lat="58.43119399622083" lon="14.400803921744227"><ele>105.21157696348445</ele></trkpt><trkpt lat="58.43145593069494" lon="14.400927973911166"><ele>104.67179445895673</ele></trkpt><trkpt lat="58.43159498646855" lon="14.400977930054069"><ele>104.38877990691492</ele></trkpt><trkpt lat="58.43187494203448" lon="14.40104397945106"><ele>103.82456026162424</ele></trkpt><trkpt lat="58.432286996394396" lon="14.401094941422343"><ele>102.99864705155443</ele></trkpt><trkpt lat="58.43279393389821" lon="14.401092929765582"><ele>101.98467296133538</ele></trkpt><trkpt lat="58.43314899131656" lon="14.401058983057737"><ele>101.27360127843698</ele></trkpt><trkpt lat="58.43326298519969" lon="14.401030987501144"><ele>101.04371510927987</ele></trkpt><trkpt lat="58.43347295187414" lon="14.400948928669095"><ele>100.61504234623203</ele></trkpt><trkpt lat="58.434003945440054" lon="14.400734938681126"><ele>100.54641074778287</ele></trkpt><trkpt lat="58.434307957068086" lon="14.4005929492414"><ele>100.99840695756782</ele></trkpt><trkpt lat="58.43472395092249" lon="14.400452971458435"><ele>101.60844838748534</ele></trkpt><trkpt lat="58.43646596185863" lon="14.399722991511226"><ele>104.18413414507627</ele></trkpt><trkpt lat="58.43667693436146" lon="14.399654930457473"><ele>104.49314149510913</ele></trkpt><trkpt lat="58.43741596676409" lon="14.399354942142963"><ele>105.58430343874225</ele></trkpt><trkpt lat="58.437744956463575" lon="14.399241954088211"><ele>106.0670576412529</ele></trkpt><trkpt lat="58.43848197720945" lon="14.399049924686551"><ele>107.14134066174756</ele></trkpt><trkpt lat="58.43908698298037" lon="14.398992927744985"><ele>108.0161720705743</ele></trkpt><trkpt lat="58.4394689463079" lon="14.399003991857171"><ele>108.46633137862548</ele></trkpt><trkpt lat="58.44014695845544" lon="14.399108933284879"><ele>109.22409555791917</ele></trkpt><trkpt lat="58.441114984452724" lon="14.399310937151313"><ele>110.30886667979911</ele></trkpt><trkpt lat="58.44182099215686" lon="14.399487962946296"><ele>111.10208621961893</ele></trkpt><trkpt lat="58.442426919937134" lon="14.399615954607725"><ele>111.78118793551627</ele></trkpt><trkpt lat="58.44321792013943" lon="14.399820975959301"><ele>112.6704137927679</ele></trkpt><trkpt lat="58.44392493367195" lon="14.40010093152523"><ele>113.47474350179199</ele></trkpt><trkpt lat="58.4443299472332" lon="14.4003149215132"><ele>113.94284868329258</ele></trkpt><trkpt lat="58.444709982723" lon="14.400555985048413"><ele>114.31907602574222</ele></trkpt><trkpt lat="58.444898994639516" lon="14.400710966438055"><ele>114.37351687600359</ele></trkpt><trkpt lat="58.44518699683249" lon="14.400900984182954"><ele>114.45416402405009</ele></trkpt><trkpt lat="58.44569896347821" lon="14.40132393501699"><ele>114.601797872676</ele></trkpt><trkpt lat="58.446296928450465" lon="14.401713944971561"><ele>114.76903810715</ele></trkpt><trkpt lat="58.44667696394026" lon="14.401940926909447"><ele>114.87442819084713</ele></trkpt><trkpt lat="58.446979969739914" lon="14.402079982683063"><ele>114.9569109328716</ele></trkpt><trkpt lat="58.44738892279565" lon="14.402236975729465"><ele>115.06731901175033</ele></trkpt><trkpt lat="58.44770894385874" lon="14.402329931035638"><ele>115.1529981112163</ele></trkpt><trkpt lat="58.44826399348676" lon="14.40244392491877"><ele>115.30075989014631</ele></trkpt><trkpt lat="58.44890696927905" lon="14.402533946558833"><ele>115.47140495924054</ele></trkpt><trkpt lat="58.449216932058334" lon="14.402599995955825"><ele>115.55395728069722</ele></trkpt><trkpt lat="58.45090697519481" lon="14.4028689712286"><ele>116.12263884640521</ele></trkpt><trkpt lat="58.4517349395901" lon="14.402987994253635"><ele>116.45272746264182</ele></trkpt><trkpt lat="58.452072981745005" lon="14.403018923476338"><ele>116.58727067675895</ele></trkpt><trkpt lat="58.45380795188248" lon="14.403274990618229"><ele>117.27906478256355</ele></trkpt><trkpt lat="58.45428999513388" lon="14.403320923447609"><ele>117.47094000147062</ele></trkpt><trkpt lat="58.45470397733152" lon="14.403400970622897"><ele>117.63635939271485</ele></trkpt><trkpt lat="58.454907992854714" lon="14.403406921774149"><ele>117.71747560313702</ele></trkpt><trkpt lat="58.455104967579246" lon="14.403462996706367"><ele>117.79664702935601</ele></trkpt><trkpt lat="58.455405961722136" lon="14.403521921485662"><ele>117.91693378912815</ele></trkpt><trkpt lat="58.45614097081125" lon="14.403625940904021"><ele>117.87948373275648</ele></trkpt><trkpt lat="58.45670398324728" lon="14.403740940615535"><ele>117.79793682469979</ele></trkpt><trkpt lat="58.45786194317043" lon="14.403918972238898"><ele>117.63062840152034</ele></trkpt><trkpt lat="58.458714969456196" lon="14.404079988598824"><ele>117.50717772045344</ele></trkpt><trkpt lat="58.459077989682555" lon="14.40411594696343"><ele>117.45482525438672</ele></trkpt><trkpt lat="58.45943095162511" lon="14.40417897887528"><ele>117.40377020565123</ele></trkpt><trkpt lat="58.46022597514093" lon="14.404263971373439"><ele>117.28909168550751</ele></trkpt><trkpt lat="58.460799967870116" lon="14.404363967478275"><ele>117.20608247653391</ele></trkpt><trkpt lat="58.46115091815591" lon="14.4043989200145"><ele>117.16037945509437</ele></trkpt><trkpt lat="58.46205599606037" lon="14.404572928324342"><ele>117.07614910998163</ele></trkpt><trkpt lat="58.462493950501084" lon="14.404614921659231"><ele>117.03554480706642</ele></trkpt><trkpt lat="58.462729984894395" lon="14.404654987156391"><ele>117.01360272048575</ele></trkpt><trkpt lat="58.46318998374045" lon="14.404682982712984"><ele>116.97098656457734</ele></trkpt><trkpt lat="58.463673954829574" lon="14.40480594523251"><ele>116.92577825314021</ele></trkpt><trkpt lat="58.46413797698915" lon="14.40489093773067"><ele>116.88261440061774</ele></trkpt><trkpt lat="58.46471792086959" lon="14.405021946877241"><ele>116.82853972157038</ele></trkpt><trkpt lat="58.46571092493832" lon="14.405281953513622"><ele>116.73573216906148</ele></trkpt><trkpt lat="58.46603597514331" lon="14.405391924083233"><ele>116.70516590231281</ele></trkpt><trkpt lat="58.46625993959606" lon="14.40544799901545"><ele>116.68425038839256</ele></trkpt><trkpt lat="58.46650091931224" lon="14.40555495209992"><ele>116.66134310149168</ele></trkpt><trkpt lat="58.46847393549979" lon="14.406283926218748"><ele>115.08644610468707</ele></trkpt><trkpt lat="58.46933391876519" lon="14.406619956716895"><ele>114.38080174671356</ele></trkpt><trkpt lat="58.46959291957319" lon="14.4067129958421"><ele>114.1689436387741</ele></trkpt><trkpt lat="58.470446951687336" lon="14.40697099082172"><ele>113.47385552937739</ele></trkpt><trkpt lat="58.47186994738877" lon="14.407283971086144"><ele>112.32233893510897</ele></trkpt><trkpt lat="58.47234696149826" lon="14.40733996219933"><ele>112.35101564399373</ele></trkpt><trkpt lat="58.472895976155996" lon="14.40744498744607"><ele>112.60457192076346</ele></trkpt><trkpt lat="58.473513973876834" lon="14.40751195885241"><ele>112.88902551852902</ele></trkpt><trkpt lat="58.47361396998167" lon="14.407503996044397"><ele>112.9350180864475</ele></trkpt><trkpt lat="58.47391194663942" lon="14.4075349252671"><ele>113.07215342393867</ele></trkpt><trkpt lat="58.47412493079901" lon="14.407585971057415"><ele>113.170794889958</ele></trkpt><trkpt lat="58.47479799762368" lon="14.407699964940548"><ele>113.48131012562088</ele></trkpt><trkpt lat="58.47601496614516" lon="14.407840948551893"><ele>114.04158743669494</ele></trkpt><trkpt lat="58.47687897272408" lon="14.407967934384942"><ele>114.43980827163504</ele></trkpt><trkpt lat="58.47732396796346" lon="14.408042952418327"><ele>114.64509659610582</ele></trkpt><trkpt lat="58.47822695039213" lon="14.408235987648368"><ele>112.99171696294304</ele></trkpt><trkpt lat="58.478736989200115" lon="14.408407984301448"><ele>111.66531272533476</ele></trkpt><trkpt lat="58.47933394834399" lon="14.408569922670722"><ele>110.12114440585255</ele></trkpt><trkpt lat="58.479916993528605" lon="14.408756922930479"><ele>108.60706396506188</ele></trkpt><trkpt lat="58.480630964040756" lon="14.40903696231544"><ele>106.74047104935813</ele></trkpt><trkpt lat="58.48129799589515" lon="14.409233937039971"><ele>105.01190216437108</ele></trkpt><trkpt lat="58.48212596029043" lon="14.409539960324764"><ele>102.85218588282399</ele></trkpt><trkpt lat="58.4827059879899" lon="14.409734923392534"><ele>101.34392145622112</ele></trkpt><trkpt lat="58.484540954232216" lon="14.4102599658072"><ele>99.35119579423218</ele></trkpt><trkpt lat="58.48699995316565" lon="14.410938983783126"><ele>97.4190419168724</ele></trkpt><trkpt lat="58.487350987270474" lon="14.41097192466259"><ele>97.14571843000327</ele></trkpt><trkpt lat="58.48758392035961" lon="14.410938983783126"><ele>96.96407477048653</ele></trkpt><trkpt lat="58.48781199194491" lon="14.410869916900992"><ele>96.78449792253974</ele></trkpt><trkpt lat="58.48814198747277" lon="14.410696998238564"><ele>96.51841272174346</ele></trkpt><trkpt lat="58.489046981558204" lon="14.410070953890681"><ele>97.1905255103074</ele></trkpt><trkpt lat="58.48912292160094" lon="14.410052932798862"><ele>97.30917772169406</ele></trkpt><trkpt lat="58.489198945462704" lon="14.410074977204204"><ele>97.42840372689504</ele></trkpt><trkpt lat="58.489267928525805" lon="14.410144966095686"><ele>97.54947475726982</ele></trkpt><trkpt lat="58.48932693712413" lon="14.410255942493677"><ele>97.67777240401362</ele></trkpt><trkpt lat="58.4893889632076" lon="14.410554924979806"><ele>97.93846134678405</ele></trkpt><trkpt lat="58.4895789809525" lon="14.411970963701606"><ele>99.1232535835917</ele></trkpt><trkpt lat="58.489714935421944" lon="14.413212994113564"><ele>100.15164153533712</ele></trkpt><trkpt lat="58.48988492041826" lon="14.415362952277064"><ele>101.91379783699682</ele></trkpt><trkpt lat="58.490042919293046" lon="14.417722960934043"><ele>103.84197444673289</ele></trkpt><trkpt lat="58.49026093259454" lon="14.420587979257107"><ele>103.81349045178465</ele></trkpt><trkpt lat="58.49078396335244" lon="14.427980985492468"><ele>99.2299889249287</ele></trkpt><trkpt lat="58.49096995778382" lon="14.430295983329415"><ele>97.85911470401378</ele></trkpt><trkpt lat="58.49101999774575" lon="14.431194942444563"><ele>97.37480484374117</ele></trkpt><trkpt lat="58.49154998548329" lon="14.438779978081584"><ele>93.275265336955</ele></trkpt><trkpt lat="58.49171192385256" lon="14.44062097929418"><ele>92.8741227205575</ele></trkpt><trkpt lat="58.491845950484276" lon="14.441669974476099"><ele>93.23929638983677</ele></trkpt><trkpt lat="58.491950975731015" lon="14.4423589669168"><ele>93.48199264055502</ele></trkpt><trkpt lat="58.49210595712066" lon="14.443223979324102"><ele>93.79121402328039</ele></trkpt><trkpt lat="58.492381973192096" lon="14.44455192424357"><ele>94.27447614951754</ele></trkpt><trkpt lat="58.49272093735635" lon="14.445873918011785"><ele>94.77241472691634</ele></trkpt><trkpt lat="58.49305797368288" lon="14.447031961753964"><ele>95.22063428322205</ele></trkpt><trkpt lat="58.49333398975432" lon="14.44786294363439"><ele>95.5535799905174</ele></trkpt><trkpt lat="58.49361092783511" lon="14.44858898408711"><ele>95.85752451061994</ele></trkpt><trkpt lat="58.49395793862641" lon="14.449452990666032"><ele>96.22599261390032</ele></trkpt><trkpt lat="58.494614996016026" lon="14.450904987752438"><ele>97.59358876283372</ele></trkpt><trkpt lat="58.49525294266641" lon="14.452280960977077"><ele>98.9056159714108</ele></trkpt><trkpt lat="58.495625937357545" lon="14.453035918995738"><ele>99.64666249601014</ele></trkpt><trkpt lat="58.49632498808205" lon="14.454637952148914"><ele>101.13529716526256</ele></trkpt><trkpt lat="58.49856195040047" lon="14.459465928375721"><ele>103.32171256795009</ele></trkpt><trkpt lat="58.49885397590697" lon="14.460024917498231"><ele>103.18530782529811</ele></trkpt><trkpt lat="58.49931598640978" lon="14.46077199652791"><ele>102.98555483519779</ele></trkpt><trkpt lat="58.49964598193765" lon="14.461221937090158"><ele>102.85174269939203</ele></trkpt><trkpt lat="58.499985951930285" lon="14.461642960086465"><ele>102.71800986189152</ele></trkpt><trkpt lat="58.50051996298134" lon="14.462203960865736"><ele>102.51682754615896</ele></trkpt><trkpt lat="58.5008729249239" lon="14.462516941130161"><ele>102.38835647829985</ele></trkpt><trkpt lat="58.50113796070218" lon="14.462721962481737"><ele>102.29394764366063</ele></trkpt><trkpt lat="58.50167297758162" lon="14.463064949959517"><ele>102.10760640572924</ele></trkpt><trkpt lat="58.50203893147409" lon="14.463260918855667"><ele>101.98210637820746</ele></trkpt><trkpt lat="58.50231796503067" lon="14.463376924395561"><ele>101.61605857836875</ele></trkpt><trkpt lat="58.50258291698992" lon="14.463462922722101"><ele>101.2027058739621</ele></trkpt><trkpt lat="58.50293495692313" lon="14.463551938533783"><ele>100.65651298840427</ele></trkpt><trkpt lat="58.5039449762553" lon="14.463751930743456"><ele>99.09466679945409</ele></trkpt><trkpt lat="58.50552496500313" lon="14.464010931551456"><ele>96.65552052177746</ele></trkpt><trkpt lat="58.5064089205116" lon="14.464171947911382"><ele>95.28972725295344</ele></trkpt><trkpt lat="58.5069409199059" lon="14.464286947622895"><ele>94.46623453664813</ele></trkpt><trkpt lat="58.507355991750956" lon="14.464415945112705"><ele>93.81943492066564</ele></trkpt><trkpt lat="58.50790592841804" lon="14.464675951749086"><ele>93.7797037966872</ele></trkpt><trkpt lat="58.508173981681466" lon="14.464837973937392"><ele>94.0814223271124</ele></trkpt><trkpt lat="58.50855393335223" lon="14.465108960866928"><ele>94.51663093209085</ele></trkpt><trkpt lat="58.50889893248677" lon="14.465419929474592"><ele>94.92593262464045</ele></trkpt><trkpt lat="58.509221971035004" lon="14.465752942487597"><ele>95.31974508296528</ele></trkpt><trkpt lat="58.50963997654617" lon="14.466274967417121"><ele>95.85544118707853</ele></trkpt><trkpt lat="58.50992797873914" lon="14.46667897514999"><ele>96.23867787091375</ele></trkpt><trkpt lat="58.51011095568538" lon="14.466964965686202"><ele>96.49221999375071</ele></trkpt><trkpt lat="58.510451931506395" lon="14.46755999699235"><ele>96.98744245251531</ele></trkpt><trkpt lat="58.51069198921323" lon="14.468017984181643"><ele>97.35120878337808</ele></trkpt><trkpt lat="58.51090991869569" lon="14.468490974977612"><ele>97.70481853005238</ele></trkpt><trkpt lat="58.51127394475043" lon="14.469449948519468"><ele>98.36945138546496</ele></trkpt><trkpt lat="58.511525988578796" lon="14.470201972872019"><ele>98.87040156900255</ele></trkpt><trkpt lat="58.51211993023753" lon="14.472313961014152"><ele>99.27436922745251</ele></trkpt><trkpt lat="58.51320597343147" lon="14.476407933980227"><ele>98.92666811738019</ele></trkpt><trkpt lat="58.51433593779802" lon="14.480486987158656"><ele>98.55634955106143</ele></trkpt><trkpt lat="58.51655697450042" lon="14.488741988316178"><ele>95.35883224974035</ele></trkpt><trkpt lat="58.516810946166515" lon="14.489790983498096"><ele>94.96071210382335</ele></trkpt><trkpt lat="58.51704195141792" lon="14.490837967023253"><ele>94.73919241690814</ele></trkpt><trkpt lat="58.51737194694579" lon="14.492627922445536"><ele>94.39417937964937</ele></trkpt><trkpt lat="58.51780797354877" lon="14.495850931853056"><ele>93.78904582546672</ele></trkpt><trkpt lat="58.518205946311355" lon="14.499084921553731"><ele>93.18516139106474</ele></trkpt><trkpt lat="58.51829898543656" lon="14.499655980616808"><ele>93.07643691992392</ele></trkpt><trkpt lat="58.518483974039555" lon="14.50058695860207"><ele>93.24859665306583</ele></trkpt><trkpt lat="58.51865194737911" lon="14.501291960477829"><ele>93.5817900427076</ele></trkpt><trkpt lat="58.51879494264722" lon="14.50181096792221"><ele>93.83410377762884</ele></trkpt><trkpt lat="58.51899795234203" lon="14.502476993948221"><ele>94.16568848904866</ele></trkpt><trkpt lat="58.51921998895705" lon="14.503111923113465"><ele>94.49424715018469</ele></trkpt><trkpt lat="58.519449988380075" lon="14.503693962469697"><ele>94.80807941289704</ele></trkpt><trkpt lat="58.51962994784117" lon="14.504087995737791"><ele>95.03315261560918</ele></trkpt><trkpt lat="58.51981493644416" lon="14.504441963508725"><ele>95.24847002328409</ele></trkpt><trkpt lat="58.52013194002211" lon="14.504952924326062"><ele>95.58962940249499</ele></trkpt><trkpt lat="58.52016898803413" lon="14.505079993978143"><ele>95.65220262974023</ele></trkpt><trkpt lat="58.52019597776234" lon="14.505529934540391"><ele>95.84692967464416</ele></trkpt><trkpt lat="58.520223973318934" lon="14.505690950900316"><ele>95.91989618190868</ele></trkpt><trkpt lat="58.520269989967346" lon="14.505836963653564"><ele>95.99322232258727</ele></trkpt><trkpt lat="58.520335955545306" lon="14.5059559866786"><ele>96.06784654546114</ele></trkpt><trkpt lat="58.52068891748786" lon="14.506302997469902"><ele>96.3945219224418</ele></trkpt><trkpt lat="58.520867954939604" lon="14.506529979407787"><ele>96.57131069494396</ele></trkpt><trkpt lat="58.52152291685343" lon="14.507575957104564"><ele>97.27348705177072</ele></trkpt><trkpt lat="58.52220595814288" lon="14.508608942851424"><ele>97.32627164470395</ele></trkpt><trkpt lat="58.52247493341565" lon="14.50898596085608"><ele>97.17387443808062</ele></trkpt><trkpt lat="58.52275094948709" lon="14.509336994960904"><ele>97.02238618679553</ele></trkpt><trkpt lat="58.52293694391847" lon="14.509539920836687"><ele>96.92451694854549</ele></trkpt><trkpt lat="58.523338939994574" lon="14.509882992133498"><ele>96.72329906568108</ele></trkpt><trkpt lat="58.52384998463094" lon="14.5102109760046"><ele>96.47687574838668</ele></trkpt><trkpt lat="58.52435692213476" lon="14.510494954884052"><ele>96.23538955134693</ele></trkpt><trkpt lat="58.525086985901" lon="14.510864932090044"><ele>95.8901123580827</ele></trkpt><trkpt lat="58.525936994701624" lon="14.511336917057633"><ele>95.48547982547977</ele></trkpt><trkpt lat="58.52614394389093" lon="14.511415958404541"><ele>95.38899839161154</ele></trkpt><trkpt lat="58.52624896913767" lon="14.51141394674778"><ele>95.34097777458483</ele></trkpt><trkpt lat="58.526458935812116" lon="14.511337922886014"><ele>95.24327938464774</ele></trkpt><trkpt lat="58.526668986305594" lon="14.511216972023249"><ele>95.14299682596359</ele></trkpt><trkpt lat="58.52717793546617" lon="14.510872978717089"><ele>94.98467197099328</ele></trkpt><trkpt lat="58.527379939332604" lon="14.510770970955491"><ele>94.9525406332849</ele></trkpt><trkpt lat="58.52748094126582" lon="14.510770970955491"><ele>94.93700580147645</ele></trkpt><trkpt lat="58.527573980391026" lon="14.510821932926774"><ele>94.92212206154787</ele></trkpt><trkpt lat="58.527660984545946" lon="14.510923940688372"><ele>94.90643219026309</ele></trkpt><trkpt lat="58.527724938467145" lon="14.511063918471336"><ele>94.89149556155257</ele></trkpt><trkpt lat="58.52795393206179" lon="14.511923985555768"><ele>94.8139694161478</ele></trkpt><trkpt lat="58.52805099450052" lon="14.51222699135542"><ele>94.78542318494554</ele></trkpt><trkpt lat="58.52818191982806" lon="14.513019919395447"><ele>94.71864280029926</ele></trkpt><trkpt lat="58.52827093563974" lon="14.513300964608788"><ele>94.69224666798588</ele></trkpt><trkpt lat="58.52838099002838" lon="14.513550996780396"><ele>94.66598584934827</ele></trkpt><trkpt lat="58.52851593866944" lon="14.513782924041152"><ele>94.63809946699547</ele></trkpt><trkpt lat="58.52896495722234" lon="14.514458924531937"><ele>94.55025810597762</ele></trkpt><trkpt lat="58.52961698547006" lon="14.515397949144244"><ele>94.42478813924782</ele></trkpt><trkpt lat="58.53083395399153" lon="14.517103917896748"><ele>94.19284093222846</ele></trkpt><trkpt lat="58.530968986451626" lon="14.517265940085053"><ele>94.16409528269278</ele></trkpt><trkpt lat="58.53104098699987" lon="14.517296953126788"><ele>94.14727112670386</ele></trkpt><trkpt lat="58.53110695257783" lon="14.517254959791899"><ele>94.13142395747921</ele></trkpt><trkpt lat="58.531164955347776" lon="14.517154963687062"><ele>94.1136341602502</ele></trkpt><trkpt lat="58.53122999891639" lon="14.516855981200933"><ele>94.07508596380075</ele></trkpt><trkpt lat="58.53134994395077" lon="14.51596599072218"><ele>93.96569515232795</ele></trkpt><trkpt lat="58.531418927013874" lon="14.515599953010678"><ele>93.91938122498122</ele></trkpt><trkpt lat="58.53154297918081" lon="14.515074994415045"><ele>93.85080320344164</ele></trkpt><trkpt lat="58.53197297081351" lon="14.513557953760028"><ele>93.6453660722639</ele></trkpt><trkpt lat="58.53220196440816" lon="14.512898968532681"><ele>93.55115513978554</ele></trkpt><trkpt lat="58.532406985759735" lon="14.512424971908331"><ele>93.477898349638</ele></trkpt><trkpt lat="58.53288299404085" lon="14.511573957279325"><ele>93.32946360076303</ele></trkpt><trkpt lat="58.533933917060494" lon="14.509933954104781"><ele>93.0204490069083</ele></trkpt><trkpt lat="58.53488794527948" lon="14.508377937600017"><ele>92.80631726817334</ele></trkpt><trkpt lat="58.535436959937215" lon="14.507593978196383"><ele>92.7126064906474</ele></trkpt><trkpt lat="58.536536917090416" lon="14.505879962816834"><ele>92.51856449100309</ele></trkpt><trkpt lat="58.53700093924999" lon="14.505192982032895"><ele>92.43830918964112</ele></trkpt><trkpt lat="58.537244936451316" lon="14.504786962643266"><ele>92.39408012258956</ele></trkpt><trkpt lat="58.537304950878024" lon="14.504733989015222"><ele>92.38503703376236</ele></trkpt><trkpt lat="58.53737896308303" lon="14.504717979580164"><ele>92.37484365707633</ele></trkpt><trkpt lat="58.537455992773175" lon="14.504727954044938"><ele>92.36427761998384</ele></trkpt><trkpt lat="58.537717927247286" lon="14.504827950149775"><ele>92.32772558082733</ele></trkpt><trkpt lat="58.53799997828901" lon="14.504984943196177"><ele>92.28752922728383</ele></trkpt><trkpt lat="58.53818295523524" lon="14.505112934857607"><ele>92.26087099977485</ele></trkpt><trkpt lat="58.53845494799316" lon="14.505361961200833"><ele>92.21961544537795</ele></trkpt><trkpt lat="58.53950494900346" lon="14.506461918354034"><ele>92.35055036793588</ele></trkpt><trkpt lat="58.53969899006188" lon="14.506605919450521"><ele>92.4064719519824</ele></trkpt><trkpt lat="58.539798986166716" lon="14.506648918613791"><ele>92.43401345184883</ele></trkpt><trkpt lat="58.53990292176604" lon="14.50666593387723"><ele>92.46204698862337</ele></trkpt><trkpt lat="58.54000492952764" lon="14.506659982725978"><ele>92.48947337273123</ele></trkpt><trkpt lat="58.54060197249055" lon="14.506521932780743"><ele>92.65108741303335</ele></trkpt><trkpt lat="58.54187694378197" lon="14.506157990545034"><ele>92.99750580744579</ele></trkpt><trkpt lat="58.542245998978615" lon="14.506028993055224"><ele>93.09832268712601</ele></trkpt><trkpt lat="58.5422829631716" lon="14.506037961691618"><ele>93.10833580313516</ele></trkpt><trkpt lat="58.5423019900918" lon="14.506073920056224"><ele>93.11551762901571</ele></trkpt><trkpt lat="58.54240491986275" lon="14.505979958921671"><ele>93.14615765290397</ele></trkpt><trkpt lat="58.54275394231081" lon="14.505737973377109"><ele>93.24590523654142</ele></trkpt><trkpt lat="58.54294999502599" lon="14.505560947582126"><ele>93.30414910046017</ele></trkpt><trkpt lat="58.543214946985245" lon="14.505248973146081"><ele>93.38772083772962</ele></trkpt><trkpt lat="58.54337998665869" lon="14.504997935146093"><ele>93.4443483968603</ele></trkpt><trkpt lat="58.5436749458313" lon="14.504460990428925"><ele>93.55368202408971</ele></trkpt><trkpt lat="58.544204933568835" lon="14.50339992530644"><ele>94.24737454848281</ele></trkpt><trkpt lat="58.5446089413017" lon="14.502643961459398"><ele>95.04235750511597</ele></trkpt><trkpt lat="58.545320983976126" lon="14.501514919102192"><ele>96.34351026548583</ele></trkpt><trkpt lat="58.54540195316076" lon="14.50142196379602"><ele>96.47639628441044</ele></trkpt><trkpt lat="58.54549792595208" lon="14.501356920227408"><ele>96.61971609559943</ele></trkpt><trkpt lat="58.545682998374104" lon="14.501308975741267"><ele>96.88264731079965</ele></trkpt><trkpt lat="58.54576991870999" lon="14.501248961314559"><ele>97.01272179343373</ele></trkpt><trkpt lat="58.54584594257176" lon="14.501137984916568"><ele>97.14726992115366</ele></trkpt><trkpt lat="58.54604492895305" lon="14.500717967748642"><ele>97.56404176029484</ele></trkpt><trkpt lat="58.54619295336306" lon="14.50045796111226"><ele>97.84673929878903</ele></trkpt><trkpt lat="58.5462789516896" lon="14.50034899637103"><ele>97.99188599314766</ele></trkpt><trkpt lat="58.546457989141345" lon="14.500173982232809"><ele>98.27484854566771</ele></trkpt><trkpt lat="58.546823943033814" lon="14.499892937019467"><ele>98.82990050044215</ele></trkpt><trkpt lat="58.54700398631394" lon="14.499780954793096"><ele>99.09639670784797</ele></trkpt><trkpt lat="58.547360971570015" lon="14.49959797784686"><ele>99.61665707193335</ele></trkpt><trkpt lat="58.54764595627785" lon="14.49949094094336"><ele>100.02551610474373</ele></trkpt><trkpt lat="58.54805499315262" lon="14.499374935403466"><ele>100.60766553632925</ele></trkpt><trkpt lat="58.548478949815035" lon="14.499306958168745"><ele>101.20663428301688</ele></trkpt><trkpt lat="58.54890491813421" lon="14.499305952340364"><ele>101.29671058370513</ele></trkpt><trkpt lat="58.549338933080435" lon="14.499335959553719"><ele>101.04115919814352</ele></trkpt><trkpt lat="58.54967496357858" lon="14.49940293096006"><ele>100.84236424162862</ele></trkpt><trkpt lat="58.55174998752773" lon="14.499943982809782"><ele>99.61012122600235</ele></trkpt><trkpt lat="58.552685994654894" lon="14.500162918120623"><ele>99.05526533243153</ele></trkpt><trkpt lat="58.55405895039439" lon="14.50052392669022"><ele>98.23981790703817</ele></trkpt><trkpt lat="58.555525951087475" lon="14.50086297467351"><ele>99.67468435300631</ele></trkpt><trkpt lat="58.55628895573318" lon="14.500990966334939"><ele>100.49731623789488</ele></trkpt><trkpt lat="58.55672498233616" lon="14.501037988811731"><ele>100.96636824791743</ele></trkpt><trkpt lat="58.557137958705425" lon="14.501041928306222"><ele>101.40992830977778</ele></trkpt><trkpt lat="58.557543978095055" lon="14.501003958284855"><ele>101.84652936496207</ele></trkpt><trkpt lat="58.55865592136979" lon="14.500814946368337"><ele>103.04549039879886</ele></trkpt><trkpt lat="58.56017095036805" lon="14.500521998852491"><ele>104.59221084446058</ele></trkpt><trkpt lat="58.56074393726885" lon="14.50037095695734"><ele>105.1118520149842</ele></trkpt><trkpt lat="58.56112397275865" lon="14.500246988609433"><ele>105.45820033689928</ele></trkpt><trkpt lat="58.56131399050355" lon="14.500167947262526"><ele>105.6328930103488</ele></trkpt><trkpt lat="58.56227799318731" lon="14.499659920111299"><ele>106.53112048112351</ele></trkpt><trkpt lat="58.56341499835253" lon="14.499005964025855"><ele>107.59763149620059</ele></trkpt><trkpt lat="58.56509397737682" lon="14.498015977442265"><ele>108.96565621550343</ele></trkpt><trkpt lat="58.56597793288529" lon="14.497431926429272"><ele>106.79272629797588</ele></trkpt><trkpt lat="58.5661999695003" lon="14.4973009172827"><ele>106.2528171682667</ele></trkpt><trkpt lat="58.56720596551895" lon="14.496768917888403"><ele>103.82751737133029</ele></trkpt><trkpt lat="58.56917697004974" lon="14.495655968785286"><ele>99.05227771072259</ele></trkpt><trkpt lat="58.56941794976592" lon="14.49553593993187"><ele>98.47363820796883</ele></trkpt><trkpt lat="58.569662952795625" lon="14.495437955483794"><ele>97.89198055561707</ele></trkpt><trkpt lat="58.57004592195153" lon="14.49532295577228"><ele>96.9910837001197</ele></trkpt><trkpt lat="58.57092794962227" lon="14.495114916935563"><ele>96.45606434424847</ele></trkpt><trkpt lat="58.5715379845351" lon="14.495013998821378"><ele>96.693183686471</ele></trkpt><trkpt lat="58.57177393510938" lon="14.494992960244417"><ele>96.78465657582069</ele></trkpt><trkpt lat="58.57212798669934" lon="14.4949989952147"><ele>96.92177195553127</ele></trkpt><trkpt lat="58.57258094474673" lon="14.495029924437404"><ele>97.09729556496399</ele></trkpt><trkpt lat="58.573143957182765" lon="14.495120951905847"><ele>97.3161010579391</ele></trkpt><trkpt lat="58.57370898127556" lon="14.495245926082134"><ele>97.53636250937312</ele></trkpt><trkpt lat="58.574171997606754" lon="14.495380958542228"><ele>97.71773125635274</ele></trkpt><trkpt lat="58.574775997549295" lon="14.495639959350228"><ele>97.95741095162211</ele></trkpt><trkpt lat="58.57627099379897" lon="14.496465995907784"><ele>98.64506844867162</ele></trkpt><trkpt lat="58.576495964080095" lon="14.49661091901362"><ele>98.78137219814427</ele></trkpt><trkpt lat="58.576587" lon="14.496666"><ele>98.83619814144699</ele></trkpt><trkpt lat="58.576587" lon="14.496666"><ele>98.83619814144699</ele></trkpt><trkpt lat="58.576663" lon="14.496712"><ele>98.88197024658193</ele></trkpt><trkpt lat="58.576751" lon="14.496766"><ele>98.93503632936365</ele></trkpt><trkpt lat="58.576751" lon="14.496766"><ele>98.93503632936365</ele></trkpt><trkpt lat="58.576886" lon="14.49685"><ele>99.01655092801643</ele></trkpt><trkpt lat="58.57702" lon="14.496932"><ele>99.09733533623955</ele></trkpt><trkpt lat="58.577293" lon="14.497097"><ele>99.26173200239097</ele></trkpt><trkpt lat="58.577293" lon="14.497097"><ele>99.26173200239097</ele></trkpt><trkpt lat="58.577462" lon="14.497199"><ele>99.36348846161741</ele></trkpt><trkpt lat="58.577462" lon="14.497199"><ele>99.36348846161741</ele></trkpt><trkpt lat="58.577652" lon="14.497314"><ele>99.47791844855664</ele></trkpt><trkpt lat="58.577652" lon="14.497314"><ele>99.47791844855664</ele></trkpt><trkpt lat="58.577857" lon="14.497439"><ele>99.60146559050843</ele></trkpt><trkpt lat="58.577857" lon="14.497439"><ele>99.60146559050843</ele></trkpt><trkpt lat="58.578094" lon="14.497577"><ele>99.74371946139702</ele></trkpt><trkpt lat="58.578169" lon="14.497624"><ele>99.78903608418622</ele></trkpt><trkpt lat="58.578169" lon="14.497624"><ele>99.78903608418622</ele></trkpt><trkpt lat="58.578294" lon="14.497701"><ele>99.86444074062545</ele></trkpt><trkpt lat="58.578415" lon="14.497776"><ele>99.93747502425141</ele></trkpt><trkpt lat="58.578515" lon="14.497836"><ele>99.99765395730526</ele></trkpt><trkpt lat="58.57889394275844" lon="14.498083954676986"><ele>100.22761320714287</ele></trkpt><trkpt lat="58.57919795438647" lon="14.498253939673305"><ele>100.40948818857773</ele></trkpt><trkpt lat="58.580122981220484" lon="14.498831955716014"><ele>100.96825222588089</ele></trkpt><trkpt lat="58.580447947606444" lon="14.499013926833868"><ele>101.16268544797737</ele></trkpt><trkpt lat="58.58102194033563" lon="14.499378958716989"><ele>101.5100006301913</ele></trkpt><trkpt lat="58.58256999403238" lon="14.500294933095574"><ele>102.47228095205423</ele></trkpt><trkpt lat="58.58275699429214" lon="14.500420996919274"><ele>102.59026872626491</ele></trkpt><trkpt lat="58.58303292654455" lon="14.500636998564005"><ele>102.76766992799232</ele></trkpt><trkpt lat="58.58381696976721" lon="14.501173943281174"><ele>103.26323001056649</ele></trkpt><trkpt lat="58.584572933614254" lon="14.50172396376729"><ele>103.74450364680617</ele></trkpt><trkpt lat="58.58552595600486" lon="14.50245494954288"><ele>104.35546298174344</ele></trkpt><trkpt lat="58.586507979780436" lon="14.503243938088417"><ele>105.1890958354813</ele></trkpt><trkpt lat="58.58694593422115" lon="14.50365498661995"><ele>105.94807964029452</ele></trkpt><trkpt lat="58.58738095499575" lon="14.504007948562503"><ele>106.68335619242845</ele></trkpt><trkpt lat="58.58808495104313" lon="14.504648996517062"><ele>107.89645086514946</ele></trkpt><trkpt lat="58.58877193182707" lon="14.505296917632222"><ele>109.08811465481368</ele></trkpt><trkpt lat="58.58918893150985" lon="14.505724981427193"><ele>109.82433742705011</ele></trkpt><trkpt lat="58.589796954765916" lon="14.506275923922658"><ele>110.87110417567376</ele></trkpt><trkpt lat="58.5902189835906" lon="14.506697952747345"><ele>111.6119590268606</ele></trkpt><trkpt lat="58.59180198982358" lon="14.508483968675137"><ele>114.31264145823168</ele></trkpt><trkpt lat="58.59332296997309" lon="14.51029496267438"><ele>116.64884963539185</ele></trkpt><trkpt lat="58.59427699819207" lon="14.511547973379493"><ele>118.15770873835115</ele></trkpt><trkpt lat="58.59545096755028" lon="14.513229969888926"><ele>120.06983957821414</ele></trkpt><trkpt lat="58.59597693197429" lon="14.513957938179374"><ele>120.4734959700678</ele></trkpt><trkpt lat="58.59632193110883" lon="14.514474933966994"><ele>119.71735152409708</ele></trkpt><trkpt lat="58.59717294573784" lon="14.515805980190635"><ele>117.82086607623806</ele></trkpt><trkpt lat="58.5982059314847" lon="14.517542961984873"><ele>115.44838720954837</ele></trkpt><trkpt lat="58.59963093884289" lon="14.520058957859874"><ele>112.10354082250699</ele></trkpt><trkpt lat="58.60227492637932" lon="14.524616952985525"><ele>114.20439364227053</ele></trkpt><trkpt lat="58.602835927158594" lon="14.525622949004173"><ele>114.98464464373079</ele></trkpt><trkpt lat="58.60377092845738" lon="14.52718298882246"><ele>116.24370757377702</ele></trkpt><trkpt lat="58.60428398475051" lon="14.527941970154643"><ele>117.42323257520411</ele></trkpt><trkpt lat="58.604513984173536" lon="14.528260985389352"><ele>118.99107687225039</ele></trkpt><trkpt lat="58.60492796637118" lon="14.528776975348592"><ele>121.71832252346687</ele></trkpt><trkpt lat="58.605670938268304" lon="14.529629917815328"><ele>126.50154706188651</ele></trkpt><trkpt lat="58.606163961812854" lon="14.530121935531497"><ele>129.57175466001192</ele></trkpt><trkpt lat="58.60686292871833" lon="14.53070699237287"><ele>133.7848930763169</ele></trkpt><trkpt lat="58.60714296810329" lon="14.530903967097402"><ele>135.43278085685952</ele></trkpt><trkpt lat="58.6076189763844" lon="14.531305963173509"><ele>138.3061012800326</ele></trkpt><trkpt lat="58.607842940837145" lon="14.53145893290639"><ele>139.61955369666782</ele></trkpt><trkpt lat="58.60854098573327" lon="14.531869981437922"><ele>143.6538081280762</ele></trkpt><trkpt lat="58.60918496735394" lon="14.532198971137404"><ele>147.3358137527203</ele></trkpt><trkpt lat="58.60993891954422" lon="14.53251295723021"><ele>146.39450263207277</ele></trkpt><trkpt lat="58.61024594865739" lon="14.532616976648569"><ele>145.97944282052393</ele></trkpt><trkpt lat="58.610828993842006" lon="14.532756954431534"><ele>145.19719596711406</ele></trkpt><trkpt lat="58.611176926642656" lon="14.532820992171764"><ele>144.7318733091931</ele></trkpt><trkpt lat="58.61163692548871" lon="14.53287991695106"><ele>144.11812031440863</ele></trkpt><trkpt lat="58.6121329665184" lon="14.532922999933362"><ele>143.45707089325552</ele></trkpt><trkpt lat="58.61302999779582" lon="14.532867930829525"><ele>142.26225251448307</ele></trkpt><trkpt lat="58.61375595442951" lon="14.53276994638145"><ele>141.29340934320905</ele></trkpt><trkpt lat="58.613879922777414" lon="14.532740944996476"><ele>141.12715117738782</ele></trkpt><trkpt lat="58.6141309607774" lon="14.532732982188463"><ele>140.7929013836219</ele></trkpt><trkpt lat="58.614374957978725" lon="14.532680930569768"><ele>140.46607191137252</ele></trkpt><trkpt lat="58.61549595370889" lon="14.532561991363764"><ele>138.63480696441243</ele></trkpt><trkpt lat="58.6157319881022" lon="14.532503988593817"><ele>138.21699965277173</ele></trkpt><trkpt lat="58.61597397364676" lon="14.532466940581799"><ele>137.79077491768507</ele></trkpt><trkpt lat="58.616090985015035" lon="14.532422935590148"><ele>137.5814241589491</ele></trkpt><trkpt lat="58.61621595919132" lon="14.532397957518697"><ele>137.3608100464462</ele></trkpt><trkpt lat="58.617015928030014" lon="14.532265942543745"><ele>135.95105351308428</ele></trkpt><trkpt lat="58.61715892329812" lon="14.532258985564113"><ele>135.69990291932885</ele></trkpt><trkpt lat="58.61812594346702" lon="14.53227298334241"><ele>134.0019678765814</ele></trkpt><trkpt lat="58.61868292093277" lon="14.532329980283976"><ele>133.02264348639426</ele></trkpt><trkpt lat="58.619100926443934" lon="14.532400975003839"><ele>132.28584776197042</ele></trkpt><trkpt lat="58.61923897638917" lon="14.532407931983471"><ele>132.04337725403178</ele></trkpt><trkpt lat="58.62020197324455" lon="14.532595938071609"><ele>130.34383998140422</ele></trkpt><trkpt lat="58.62047094851732" lon="14.532671961933374"><ele>130.37304978513785</ele></trkpt><trkpt lat="58.62074696458876" lon="14.532778998836875"><ele>130.46074149923135</ele></trkpt><trkpt lat="58.62100495956838" lon="14.532827949151397"><ele>130.54147735851288</ele></trkpt><trkpt lat="58.62157593481243" lon="14.533054931089282"><ele>130.7230596341167</ele></trkpt><trkpt lat="58.62206895835698" lon="14.533284930512309"><ele>130.88106147626243</ele></trkpt><trkpt lat="58.62256198190153" lon="14.533570921048522"><ele>131.04144897863426</ele></trkpt><trkpt lat="58.62302793189883" lon="14.533797986805439"><ele>131.19115308405514</ele></trkpt><trkpt lat="58.623612988740206" lon="14.534158995375037"><ele>131.38252341244495</ele></trkpt><trkpt lat="58.62392596900463" lon="14.534414978697896"><ele>131.48846103846552</ele></trkpt><trkpt lat="58.624365935102105" lon="14.534728964790702"><ele>131.634627670537</ele></trkpt><trkpt lat="58.624684950336814" lon="14.534990983083844"><ele>131.7426775950467</ele></trkpt><trkpt lat="58.6261519510299" lon="14.536311971023679"><ele>132.09156524624493</ele></trkpt><trkpt lat="58.626360995694995" lon="14.536478938534856"><ele>132.11321377247074</ele></trkpt><trkpt lat="58.626578925177455" lon="14.536705920472741"><ele>132.136918986991</ele></trkpt><trkpt lat="58.626899952068925" lon="14.536976991221309"><ele>132.17045125148525</ele></trkpt><trkpt lat="58.62711997702718" lon="14.537190981209278"><ele>132.1940335909897</ele></trkpt><trkpt lat="58.62747193314135" lon="14.537472948431969"><ele>132.230498113981</ele></trkpt><trkpt lat="58.62781492061913" lon="14.537786934524775"><ele>132.26682930086764</ele></trkpt><trkpt lat="58.62804299220443" lon="14.537951974198222"><ele>132.29013407210647</ele></trkpt><trkpt lat="58.62839595414698" lon="14.538169987499714"><ele>132.32558682678655</ele></trkpt><trkpt lat="58.62875897437334" lon="14.538352964445949"><ele>132.36147456042062</ele></trkpt><trkpt lat="58.629217967391014" lon="14.53865697607398"><ele>132.4078999988071</ele></trkpt><trkpt lat="58.63055898807943" lon="14.539423920214176"><ele>132.5416929334827</ele></trkpt><trkpt lat="58.63079493865371" lon="14.539593989029527"><ele>132.01418085093854</ele></trkpt><trkpt lat="58.63101596944034" lon="14.539782917127013"><ele>131.07682061096045</ele></trkpt><trkpt lat="58.631457947194576" lon="14.5402239728719"><ele>129.14705656343583</ele></trkpt><trkpt lat="58.6318589374423" lon="14.540774999186397"><ele>127.23680416273965</ele></trkpt><trkpt lat="58.63203998655081" lon="14.541049925610423"><ele>126.34262296719099</ele></trkpt><trkpt lat="58.632378950715065" lon="14.54164395108819"><ele>124.56490726167205</ele></trkpt><trkpt lat="58.63261096179485" lon="14.542118953540921"><ele>123.25117388688733</ele></trkpt><trkpt lat="58.632806930691004" lon="14.5426329318434"><ele>121.96622291413735</ele></trkpt><trkpt lat="58.633041959255934" lon="14.54336198978126"><ele>120.23668942178067</ele></trkpt><trkpt lat="58.63324496895075" lon="14.544125916436315"><ele>118.5068206873393</ele></trkpt><trkpt lat="58.633412942290306" lon="14.54497592523694"><ele>116.6731406133145</ele></trkpt><trkpt lat="58.63350396975875" lon="14.545608926564455"><ele>115.3486878566939</ele></trkpt><trkpt lat="58.63412196747959" lon="14.549180958420038"><ele>114.70113275403023</ele></trkpt><trkpt lat="58.634249959141016" lon="14.549780935049057"><ele>116.12634472390019</ele></trkpt><trkpt lat="58.63455598242581" lon="14.550915928557515"><ele>118.93589185133335</ele></trkpt><trkpt lat="58.634718926623464" lon="14.551450945436954"><ele>120.29836469966013</ele></trkpt><trkpt lat="58.63497197628021" lon="14.552097944542766"><ele>122.07718356509733</ele></trkpt><trkpt lat="58.63533793017268" lon="14.552865978330374"><ele>124.36581415976794</ele></trkpt><trkpt lat="58.63567194901407" lon="14.553426979109645"><ele>126.23929342239292</ele></trkpt><trkpt lat="58.635925920680165" lon="14.55378295853734"><ele>127.56684342651606</ele></trkpt><trkpt lat="58.636092972010374" lon="14.553992925211787"><ele>128.40981690905048</ele></trkpt><trkpt lat="58.636417938396335" lon="14.554337924346328"><ele>129.97766177702326</ele></trkpt><trkpt lat="58.63658297806978" lon="14.554487960413098"><ele>130.74867725875188</ele></trkpt><trkpt lat="58.63815592601895" lon="14.555711969733238"><ele>136.16089303746975</ele></trkpt><trkpt lat="58.63866093568504" lon="14.556156964972615"><ele>137.3081001586443</ele></trkpt><trkpt lat="58.639338947832584" lon="14.556670943275094"><ele>138.81312841789907</ele></trkpt><trkpt lat="58.639529971405864" lon="14.556844951584935"><ele>139.24964776006289</ele></trkpt><trkpt lat="58.64043094217777" lon="14.557776935398579"><ele>141.36248549972848</ele></trkpt><trkpt lat="58.64062095992267" lon="14.557984974235296"><ele>141.81406666558095</ele></trkpt><trkpt lat="58.64081491716206" lon="14.55822897143662"><ele>142.29275617645462</ele></trkpt><trkpt lat="58.641745978966355" lon="14.559587929397821"><ele>144.70698861616455</ele></trkpt><trkpt lat="58.642241936177015" lon="14.560478925704956"><ele>145.86016302501537</ele></trkpt><trkpt lat="58.64255592226982" lon="14.56115492619574"><ele>145.5121734433512</ele></trkpt><trkpt lat="58.64296294748783" lon="14.561910973861814"><ele>145.0943944090736</ele></trkpt><trkpt lat="58.643231922760606" lon="14.562473986297846"><ele>144.800872075392</ele></trkpt><trkpt lat="58.64352193661034" lon="14.56302098929882"><ele>144.50097349854363</ele></trkpt><trkpt lat="58.643724946305156" lon="14.56347394734621"><ele>144.27139584361564</ele></trkpt><trkpt lat="58.64426398649812" lon="14.564483966678381"><ele>143.71578164695705</ele></trkpt><trkpt lat="58.644797997549176" lon="14.565395917743444"><ele>143.18855599504164</ele></trkpt><trkpt lat="58.64511491730809" lon="14.565876955166459"><ele>142.89051424007764</ele></trkpt><trkpt lat="58.64561598747969" lon="14.566577933728695"><ele>142.4331197929999</ele></trkpt><trkpt lat="58.646558951586485" lon="14.567843936383724"><ele>142.37272913063097</ele></trkpt><trkpt lat="58.64720896817744" lon="14.568802993744612"><ele>143.66422051444712</ele></trkpt><trkpt lat="58.647456988692284" lon="14.569094935432076"><ele>144.12258532152487</ele></trkpt><trkpt lat="58.64761599339545" lon="14.56931697204709"><ele>144.43233712836042</ele></trkpt><trkpt lat="58.64834798499942" lon="14.570412989705801"><ele>145.8947161951266</ele></trkpt><trkpt lat="58.64914099685848" lon="14.571544965729117"><ele>147.45148072519407</ele></trkpt><trkpt lat="58.64976695738733" lon="14.572564959526062"><ele>148.7448092041307</ele></trkpt><trkpt lat="58.65024095401168" lon="14.573432989418507"><ele>149.77660751018024</ele></trkpt><trkpt lat="58.65072098560631" lon="14.57436396740377"><ele>150.66869603407562</ele></trkpt><trkpt lat="58.651158940047026" lon="14.57530994899571"><ele>151.03361845930937</ele></trkpt><trkpt lat="58.65168892778456" lon="14.576529935002327"><ele>151.49164173925038</ele></trkpt><trkpt lat="58.65199193358421" lon="14.577283971011639"><ele>151.7662075855248</ele></trkpt><trkpt lat="58.652984937652946" lon="14.579966934397817"><ele>152.71504622164136</ele></trkpt><trkpt lat="58.65357192233205" lon="14.581490932032466"><ele>153.26146629345754</ele></trkpt><trkpt lat="58.65409595891833" lon="14.582689963281155"><ele>153.69085381511812</ele></trkpt><trkpt lat="58.6544949375093" lon="14.583484986796975"><ele>153.91411592240834</ele></trkpt><trkpt lat="58.65498796105385" lon="14.584381934255362"><ele>154.17784276490715</ele></trkpt><trkpt lat="58.65526699461043" lon="14.584835981950164"><ele>154.3198750277632</ele></trkpt><trkpt lat="58.65574199706316" lon="14.585546934977174"><ele>154.55376021620367</ele></trkpt><trkpt lat="58.65598892793059" lon="14.585886988788843"><ele>154.67177233068605</ele></trkpt><trkpt lat="58.65741896443069" lon="14.587689936161041"><ele>155.33618466630418</ele></trkpt><trkpt lat="58.65798197686672" lon="14.588427962735295"><ele>155.60093260040188</ele></trkpt><trkpt lat="58.65831498987973" lon="14.58891193382442"><ele>155.7631204502252</ele></trkpt><trkpt lat="58.65879795514047" lon="14.58953496068716"><ele>153.36355095960508</ele></trkpt><trkpt lat="58.659145971760154" lon="14.590072995051742"><ele>151.2187802191773</ele></trkpt><trkpt lat="58.66004392504692" lon="14.591634962707758"><ele>145.40308597338506</ele></trkpt><trkpt lat="58.66071095690131" lon="14.592888979241252"><ele>140.92257932619617</ele></trkpt><trkpt lat="58.66137195378542" lon="14.594317926093936"><ele>136.1457545114858</ele></trkpt><trkpt lat="58.661790965124965" lon="14.59529492072761"><ele>132.98266485746208</ele></trkpt><trkpt lat="58.662455985322595" lon="14.596983958035707"><ele>128.4512820809557</ele></trkpt><trkpt lat="58.66286292672157" lon="14.598160944879055"><ele>126.72738494945382</ele></trkpt><trkpt lat="58.66321597248316" lon="14.599324939772487"><ele>125.08384162060615</ele></trkpt><trkpt lat="58.66354295052588" lon="14.60049295797944"><ele>123.46592624130528</ele></trkpt><trkpt lat="58.663724921643734" lon="14.601177927106619"><ele>122.52778132336007</ele></trkpt><trkpt lat="58.66405894048512" lon="14.60255197249353"><ele>120.67783253232237</ele></trkpt><trkpt lat="58.66430997848511" lon="14.6037139557302"><ele>119.14316565057675</ele></trkpt><trkpt lat="58.664823956787586" lon="14.606276974081993"><ele>116.06113545035903</ele></trkpt><trkpt lat="58.66519192233682" lon="14.608223922550678"><ele>115.28799137501173</ele></trkpt><trkpt lat="58.665528958663344" lon="14.609832996502519"><ele>114.6405719243717</ele></trkpt><trkpt lat="58.66582592949271" lon="14.611464953050017"><ele>113.9952874799513</ele></trkpt><trkpt lat="58.66604293696582" lon="14.612428955733776"><ele>113.60324712116332</ele></trkpt><trkpt lat="58.666474940255284" lon="14.614616967737675"><ele>112.72978427994255</ele></trkpt><trkpt lat="58.66663394495845" lon="14.615520955994725"><ele>112.37363380690623</ele></trkpt><trkpt lat="58.666904931887984" lon="14.616753933951259"><ele>112.62715255673855</ele></trkpt><trkpt lat="58.66769299842417" lon="14.620994925498962"><ele>114.80409951528443</ele></trkpt><trkpt lat="58.66790497675538" lon="14.62195691652596"><ele>115.30912284657717</ele></trkpt><trkpt lat="58.6682649794966" lon="14.623773945495486"><ele>116.24900307165615</ele></trkpt><trkpt lat="58.668814999982715" lon="14.626010991632938"><ele>117.07832457855487</ele></trkpt><trkpt lat="58.669440960511565" lon="14.628114933148026"><ele>113.55000266569388</ele></trkpt><trkpt lat="58.66988193243742" lon="14.629502976313233"><ele>111.18236339002402</ele></trkpt><trkpt lat="58.67028694599867" lon="14.630587929859757"><ele>109.23833059044088</ele></trkpt><trkpt lat="58.67089698091149" lon="14.632084937766194"><ele>106.46996060557262</ele></trkpt><trkpt lat="58.67147692479193" lon="14.633370973169804"><ele>103.99220605630799</ele></trkpt><trkpt lat="58.67203096859157" lon="14.634469924494624"><ele>101.88388272406567</ele></trkpt><trkpt lat="58.67241695523262" lon="14.635185990482569"><ele>102.74486196919229</ele></trkpt><trkpt lat="58.67280897684395" lon="14.635884957388043"><ele>103.60306976629039</ele></trkpt><trkpt lat="58.67351498454809" lon="14.637047946453094"><ele>105.09542463429948</ele></trkpt><trkpt lat="58.67400096729398" lon="14.63776694610715"><ele>106.07976650565058</ele></trkpt><trkpt lat="58.675152976065874" lon="14.639266971498728"><ele>108.31320891657217</ele></trkpt><trkpt lat="58.676468934863806" lon="14.64088493026793"><ele>110.70876872620154</ele></trkpt><trkpt lat="58.67673095315695" lon="14.64118399657309"><ele>110.53953750040989</ele></trkpt><trkpt lat="58.67738692089915" lon="14.642006931826472"><ele>110.1045387741323</ele></trkpt><trkpt lat="58.677798975259066" lon="14.64249299839139"><ele>109.83605569055769</ele></trkpt><trkpt lat="58.678119918331504" lon="14.642914943397045"><ele>109.62013060293421</ele></trkpt><trkpt lat="58.67923999205232" lon="14.644311955198646"><ele>108.87865936742648</ele></trkpt><trkpt lat="58.67960091680288" lon="14.64481495320797"><ele>108.63110402202948</ele></trkpt><trkpt lat="58.68026493117213" lon="14.64580393396318"><ele>108.16465638327648</ele></trkpt><trkpt lat="58.680698946118355" lon="14.64657791890204"><ele>107.83593721320682</ele></trkpt><trkpt lat="58.68115693330765" lon="14.647461958229542"><ele>107.6104552616078</ele></trkpt><trkpt lat="58.68141392245889" lon="14.648041985929012"><ele>107.55196006107558</ele></trkpt><trkpt lat="58.68165892548859" lon="14.648654954507947"><ele>107.49261387900253</ele></trkpt><trkpt lat="58.68198196403682" lon="14.649489959701896"><ele>107.41272539036483</ele></trkpt><trkpt lat="58.68240399286151" lon="14.650781946256757"><ele>107.2956122575191</ele></trkpt><trkpt lat="58.6829449608922" lon="14.65272294357419"><ele>107.1265813675</ele></trkpt><trkpt lat="58.68303397670388" lon="14.653091998770833"><ele>107.0953564345772</ele></trkpt><trkpt lat="58.68342096917331" lon="14.65514799579978"><ele>106.9275381731646</ele></trkpt><trkpt lat="58.68386294692755" lon="14.657879993319511"><ele>107.75661664898594</ele></trkpt><trkpt lat="58.684030920267105" lon="14.658805942162871"><ele>108.27451942660907</ele></trkpt><trkpt lat="58.68415296077728" lon="14.65959694236517"><ele>108.71024483037513</ele></trkpt><trkpt lat="58.68427097797394" lon="14.660204965621233"><ele>109.05298668961304</ele></trkpt><trkpt lat="58.68443098850548" lon="14.661332918331027"><ele>109.67041759295626</ele></trkpt><trkpt lat="58.68466895073652" lon="14.662786927074194"><ele>110.47540393835514</ele></trkpt><trkpt lat="58.68497899733484" lon="14.664460960775614"><ele>111.41385655627701</ele></trkpt><trkpt lat="58.68532592430711" lon="14.665997950360179"><ele>112.29871904635382</ele></trkpt><trkpt lat="58.68591098114848" lon="14.668156960979104"><ele>110.78298167516213</ele></trkpt><trkpt lat="58.6862469278276" lon="14.669142924249172"><ele>109.8383280039237</ele></trkpt><trkpt lat="58.686775993555784" lon="14.670568937435746"><ele>108.43446896853024</ele></trkpt><trkpt lat="58.68710598908365" lon="14.671355998143554"><ele>107.62421125059804</ele></trkpt><trkpt lat="58.68773899041116" lon="14.672714956104755"><ele>106.16204172955862</ele></trkpt><trkpt lat="58.68839596398175" lon="14.67393091879785"><ele>104.75668390218354</ele></trkpt><trkpt lat="58.68888094089925" lon="14.674736922606826"><ele>103.91582171977315</ele></trkpt><trkpt lat="58.68984695523977" lon="14.676165953278542"><ele>103.77500058102197</ele></trkpt><trkpt lat="58.690606942400336" lon="14.677334977313876"><ele>103.66255518469833</ele></trkpt><trkpt lat="58.691460974514484" lon="14.678579941391945"><ele>103.53873128443166</ele></trkpt><trkpt lat="58.69198098778725" lon="14.679413940757513"><ele>103.4604977096522</ele></trkpt><trkpt lat="58.69246596470475" lon="14.680269984528422"><ele>103.38444193355296</ele></trkpt><trkpt lat="58.69291196577251" lon="14.681118987500668"><ele>103.31194050055956</ele></trkpt><trkpt lat="58.69348797015846" lon="14.682332938537002"><ele>102.61503348241789</ele></trkpt><trkpt lat="58.69368896819651" lon="14.682830991223454"><ele>102.27121541606135</ele></trkpt><trkpt lat="58.6939709354192" lon="14.68346399255097"><ele>101.8166490079875</ele></trkpt><trkpt lat="58.694430934265256" lon="14.684663945809007"><ele>101.00366833060113</ele></trkpt><trkpt lat="58.695027977228165" lon="14.6865379717201"><ele>99.8052182013755</ele></trkpt><trkpt lat="58.6951919272542" lon="14.687112970277667"><ele>99.44764312346457</ele></trkpt><trkpt lat="58.69559694081545" lon="14.68868499621749"><ele>98.49104155200726</ele></trkpt><trkpt lat="58.695804979652166" lon="14.68961295671761"><ele>97.94006223133763</ele></trkpt><trkpt lat="58.69590095244348" lon="14.69021393917501"><ele>97.59730060190158</ele></trkpt><trkpt lat="58.696341924369335" lon="14.692407986149192"><ele>97.67426400583348</ele></trkpt><trkpt lat="58.696509981527925" lon="14.693346926942468"><ele>97.76862136696523</ele></trkpt><trkpt lat="58.69663696736097" lon="14.693933995440602"><ele>97.82904143502446</ele></trkpt><trkpt lat="58.69676395319402" lon="14.694696916267276"><ele>97.90515760380217</ele></trkpt><trkpt lat="58.69787598028779" lon="14.700356964021921"><ele>98.48009088428238</ele></trkpt><trkpt lat="58.69813397526741" lon="14.70160293392837"><ele>99.19226578530355</ele></trkpt><trkpt lat="58.69857897050679" lon="14.703175965696573"><ele>100.18077792426507</ele></trkpt><trkpt lat="58.6991429887712" lon="14.704916970804334"><ele>101.31312517207212</ele></trkpt><trkpt lat="58.69966199621558" lon="14.706230917945504"><ele>102.2240629829889</ele></trkpt><trkpt lat="58.70009492151439" lon="14.70718796364963"><ele>102.92439430653322</ele></trkpt><trkpt lat="58.700634967535734" lon="14.708180967718363"><ele>103.71775719564644</ele></trkpt><trkpt lat="58.7012739200145" lon="14.70920892432332"><ele>104.59791568067108</ele></trkpt><trkpt lat="58.701519928872585" lon="14.709577979519963"><ele>104.92282224139747</ele></trkpt><trkpt lat="58.70202795602381" lon="14.71026194281876"><ele>105.5686371974853</ele></trkpt><trkpt lat="58.7025519926101" lon="14.710864936932921"><ele>106.20462996279026</ele></trkpt><trkpt lat="58.70395596139133" lon="14.712337972596288"><ele>107.87029173746217</ele></trkpt><trkpt lat="58.705768967047334" lon="14.714143937453628"><ele>109.996783125976</ele></trkpt><trkpt lat="58.70603693649173" lon="14.714446943253279"><ele>110.27330606129986</ele></trkpt><trkpt lat="58.706435998901725" lon="14.71494298428297"><ele>110.63425143732549</ele></trkpt><trkpt lat="58.70681896805763" lon="14.715467942878604"><ele>110.99148149876142</ele></trkpt><trkpt lat="58.70735197328031" lon="14.716287944465876"><ele>111.50991910803985</ele></trkpt><trkpt lat="58.70790199376643" lon="14.717305926606059"><ele>112.0896577304033</ele></trkpt><trkpt lat="58.70817197486758" lon="14.717857958748937"><ele>112.38891381164956</ele></trkpt><trkpt lat="58.70843097567558" lon="14.718451984226704"><ele>112.69501214564136</ele></trkpt><trkpt lat="58.7090639770031" lon="14.720091987401247"><ele>113.50141755892662</ele></trkpt><trkpt lat="58.7094749417156" lon="14.721530992537737"><ele>114.14952652903827</ele></trkpt><trkpt lat="58.70983997359872" lon="14.72313093021512"><ele>113.21138905859094</ele></trkpt><trkpt lat="58.71050499379635" lon="14.72639593295753"><ele>109.92225307037346</ele></trkpt><trkpt lat="58.711336981505156" lon="14.730281950905919"><ele>105.98031016017835</ele></trkpt><trkpt lat="58.71158994734287" lon="14.73125391639769"><ele>104.96073366140301</ele></trkpt><trkpt lat="58.711849953979254" lon="14.732104931026697"><ele>104.4910652352854</ele></trkpt><trkpt lat="58.71224792674184" lon="14.733255933970213"><ele>105.07235116726847</ele></trkpt><trkpt lat="58.712474992498755" lon="14.73378399387002"><ele>105.36055047303599</ele></trkpt><trkpt lat="58.71296692639589" lon="14.73483793437481"><ele>105.95624450417304</ele></trkpt><trkpt lat="58.713377974927425" lon="14.735581995919347"><ele>106.41290156458484</ele></trkpt><trkpt lat="58.714560996741056" lon="14.737531961873174"><ele>107.67340703428725</ele></trkpt><trkpt lat="58.71492896229029" lon="14.73819094710052"><ele>108.080156840917</ele></trkpt><trkpt lat="58.715375969186425" lon="14.739068951457739"><ele>108.59700167356893</ele></trkpt><trkpt lat="58.71566497720778" lon="14.73969398997724"><ele>108.6984112975331</ele></trkpt><trkpt lat="58.71607895940542" lon="14.740722952410579"><ele>108.034093626507</ele></trkpt><trkpt lat="58.716557985171676" lon="14.7422259952873"><ele>107.13405558091392</ele></trkpt><trkpt lat="58.716769963502884" lon="14.743019929155707"><ele>106.67844818400502</ele></trkpt><trkpt lat="58.71701295487583" lon="14.744071941822767"><ele>106.09083845846268</ele></trkpt><trkpt lat="58.71796991676092" lon="14.749548928812146"><ele>103.51383735778712</ele></trkpt><trkpt lat="58.71828499250114" lon="14.751003943383694"><ele>103.9197498542223</ele></trkpt><trkpt lat="58.71849797666073" lon="14.751799972727895"><ele>104.15032153575424</ele></trkpt><trkpt lat="58.71887197718024" lon="14.752922980114818"><ele>104.49383495333643</ele></trkpt><trkpt lat="58.7191969435662" lon="14.753771983087063"><ele>104.7654070915201</ele></trkpt><trkpt lat="58.71933993883431" lon="14.754103990271688"><ele>104.87647109401955</ele></trkpt><trkpt lat="58.71994595043361" lon="14.755412992089987"><ele>105.32801505185952</ele></trkpt><trkpt lat="58.720378959551454" lon="14.756212960928679"><ele>105.62554715549041</ele></trkpt><trkpt lat="58.72072798199952" lon="14.75677496753633"><ele>105.8511365140328</ele></trkpt><trkpt lat="58.721480928361416" lon="14.757819939404726"><ele>106.7999019569701</ele></trkpt><trkpt lat="58.721973951905966" lon="14.758381946012378"><ele>107.88064779415674</ele></trkpt><trkpt lat="58.72237494215369" lon="14.758778996765614"><ele>108.73120075958515</ele></trkpt><trkpt lat="58.722572922706604" lon="14.758953927084804"><ele>109.14210343637035</ele></trkpt><trkpt lat="58.723155967891216" lon="14.759409986436367"><ele>110.3292243807151</ele></trkpt><trkpt lat="58.724314933642745" lon="14.760269969701767"><ele>112.67217473783346</ele></trkpt><trkpt lat="58.726055938750505" lon="14.761511916294694"><ele>116.17447090688322</ele></trkpt><trkpt lat="58.726744931191206" lon="14.762055985629559"><ele>117.66212110216637</ele></trkpt><trkpt lat="58.727168971672654" lon="14.762422945350409"><ele>118.61270086709781</ele></trkpt><trkpt lat="58.72748698107898" lon="14.762761993333697"><ele>119.3559354087402</ele></trkpt><trkpt lat="58.72794999741018" lon="14.763292986899614"><ele>120.45781152277877</ele></trkpt><trkpt lat="58.72833698987961" lon="14.763795984908938"><ele>121.41243135425756</ele></trkpt><trkpt lat="58.72898197732866" lon="14.76479192264378"><ele>123.10272403109431</ele></trkpt><trkpt lat="58.72938095591962" lon="14.765485944226384"><ele>124.20195074474468</ele></trkpt><trkpt lat="58.729813965037465" lon="14.766350956633687"><ele>125.47749711719976</ele></trkpt><trkpt lat="58.7306359782815" lon="14.768174942582846"><ele>127.94585374202566</ele></trkpt><trkpt lat="58.73088299296796" lon="14.768675928935409"><ele>128.08310130138338</ele></trkpt><trkpt lat="58.73171892017126" lon="14.770512990653515"><ele>128.56834750191132</ele></trkpt><trkpt lat="58.732069954276085" lon="14.771249927580357"><ele>128.7670144425094</ele></trkpt><trkpt lat="58.73233499005437" lon="14.771740939468145"><ele>128.90771617257568</ele></trkpt><trkpt lat="58.73262299224734" lon="14.772237986326218"><ele>129.0556754424786</ele></trkpt><trkpt lat="58.733420949429274" lon="14.773498959839344"><ele>129.4505966311527</ele></trkpt><trkpt lat="58.73392294161022" lon="14.77420094422996"><ele>129.6879546852789</ele></trkpt><trkpt lat="58.73470195569098" lon="14.775200989097357"><ele>130.0506885002647</ele></trkpt><trkpt lat="58.735229931771755" lon="14.775802977383137"><ele>130.94045229350047</ele></trkpt><trkpt lat="58.7361999694258" lon="14.776791958138347"><ele>132.53212847889844</ele></trkpt><trkpt lat="58.73671495355666" lon="14.777186997234821"><ele>133.33603442955445</ele></trkpt><trkpt lat="58.73697898350656" lon="14.777344996109605"><ele>133.7370056571501</ele></trkpt><trkpt lat="58.73732892796397" lon="14.777589999139309"><ele>134.27700272939853</ele></trkpt><trkpt lat="58.73760293237865" lon="14.777758978307247"><ele>134.69425533629902</ele></trkpt><trkpt lat="58.73788397759199" lon="14.777965927496552"><ele>135.1306105487584</ele></trkpt><trkpt lat="58.73832796700299" lon="14.778232974931598"><ele>135.80518048123278</ele></trkpt><trkpt lat="58.73998599126935" lon="14.77892498485744"><ele>137.77014383830954</ele></trkpt><trkpt lat="58.7403029948473" lon="14.779073931276798"><ele>136.96597682505956</ele></trkpt><trkpt lat="58.74109894037247" lon="14.779408955946565"><ele>134.95806113215792</ele></trkpt><trkpt lat="58.74159498140216" lon="14.779665945097804"><ele>133.69212347698434</ele></trkpt><trkpt lat="58.74196395277977" lon="14.779907930642366"><ele>132.73154998673522</ele></trkpt><trkpt lat="58.74256996437907" lon="14.780380921438336"><ele>131.12015061375098</ele></trkpt><trkpt lat="58.7431609723717" lon="14.780935971066356"><ele>129.49982153794554</ele></trkpt><trkpt lat="58.743498930707574" lon="14.781311983242631"><ele>128.53806537022143</ele></trkpt><trkpt lat="58.743821969255805" lon="14.781723953783512"><ele>127.58339087805936</ele></trkpt><trkpt lat="58.74402699060738" lon="14.782014973461628"><ele>126.95584436344025</ele></trkpt><trkpt lat="58.74469896778464" lon="14.783062962815166"><ele>124.82541039028555</ele></trkpt><trkpt lat="58.74529592692852" lon="14.784152945503592"><ele>123.24683397164515</ele></trkpt><trkpt lat="58.74645698815584" lon="14.786506919190288"><ele>120.23887628790692</ele></trkpt><trkpt lat="58.74679695814848" lon="14.78710999712348"><ele>119.41414028014239</ele></trkpt><trkpt lat="58.74727296642959" lon="14.787847939878702"><ele>118.32374059349259</ele></trkpt><trkpt lat="58.74778795056045" lon="14.788549924269319"><ele>117.19785455919201</ele></trkpt><trkpt lat="58.748486917465925" lon="14.789337990805507"><ele>115.75243878365897</ele></trkpt><trkpt lat="58.748723957687616" lon="14.789578970521688"><ele>115.27408201050973</ele></trkpt><trkpt lat="58.74907792545855" lon="14.789901925250888"><ele>114.5750474455816</ele></trkpt><trkpt lat="58.74955091625452" lon="14.790272992104292"><ele>114.4146789722108</ele></trkpt><trkpt lat="58.74990999698639" lon="14.790520928800106"><ele>114.32301887996049</ele></trkpt><trkpt lat="58.750267988070846" lon="14.790727961808443"><ele>114.23320129708415</ele></trkpt><trkpt lat="58.75083494000137" lon="14.791012946516275"><ele>114.09240041853434</ele></trkpt><trkpt lat="58.75116099603474" lon="14.791131969541311"><ele>114.01265297578544</ele></trkpt><trkpt lat="58.75190991908312" lon="14.791331961750984"><ele>113.83095974368013</ele></trkpt><trkpt lat="58.75277694314718" lon="14.791503958404064"><ele>113.62150385544099</ele></trkpt><trkpt lat="58.75376399606466" lon="14.791724989190698"><ele>113.38270910148798</ele></trkpt><trkpt lat="58.75461299903691" lon="14.791957922279835"><ele>113.37088104031427</ele></trkpt><trkpt lat="58.75481994822621" lon="14.79201097972691"><ele>113.74187858321781</ele></trkpt><trkpt lat="58.7550329323858" lon="14.792043920606375"><ele>114.12157893439853</ele></trkpt><trkpt lat="58.75595795921981" lon="14.792295964434743"><ele>115.78173717148448</ele></trkpt><trkpt lat="58.75648392364383" lon="14.79239696636796"><ele>116.7210292622473</ele></trkpt><trkpt lat="58.75687795691192" lon="14.792513977736235"><ele>117.42950480696447</ele></trkpt><trkpt lat="58.75814697705209" lon="14.792829975485802"><ele>119.70335219468959</ele></trkpt><trkpt lat="58.75848292373121" lon="14.792949920520186"><ele>120.31049690615727</ele></trkpt><trkpt lat="58.758929930627346" lon="14.793144967406988"><ele>121.12493934198062</ele></trkpt><trkpt lat="58.75938791781664" lon="14.79338594712317"><ele>121.96856754673135</ele></trkpt><trkpt lat="58.7597369402647" lon="14.79359993711114"><ele>122.61940038630212</ele></trkpt><trkpt lat="58.76009895466268" lon="14.79385793209076"><ele>122.45988014514862</ele></trkpt><trkpt lat="58.760583931580186" lon="14.794243918731809"><ele>120.32887238778548</ele></trkpt><trkpt lat="58.76093597151339" lon="14.794555976986885"><ele>118.75515696836877</ele></trkpt><trkpt lat="58.76216593198478" lon="14.795796917751431"><ele>113.11698077321034</ele></trkpt><trkpt lat="58.762558959424496" lon="14.796168990433216"><ele>111.33864205567701</ele></trkpt><trkpt lat="58.76295198686421" lon="14.796525975689292"><ele>109.57408121346529</ele></trkpt><trkpt lat="58.763356916606426" lon="14.796848930418491"><ele>107.79428072178229</ele></trkpt><trkpt lat="58.763910960406065" lon="14.797226954251528"><ele>105.40724628989676</ele></trkpt><trkpt lat="58.764188988134265" lon="14.797384953126311"><ele>104.22998330510775</ele></trkpt><trkpt lat="58.764745965600014" lon="14.797647977247834"><ele>101.90089663533459</ele></trkpt><trkpt lat="58.765156930312514" lon="14.797805976122618"><ele>100.49771879628605</ele></trkpt><trkpt lat="58.76555599272251" lon="14.797925921157002"><ele>100.29914231461312</ele></trkpt><trkpt lat="58.76581499353051" lon="14.797975961118937"><ele>100.17116148464325</ele></trkpt><trkpt lat="58.76632293686271" lon="14.79802398942411"><ele>99.9211201285746</ele></trkpt><trkpt lat="58.76684898510575" lon="14.798031952232122"><ele>99.66246913073658</ele></trkpt><trkpt lat="58.767221979796886" lon="14.79798392392695"><ele>99.47866989523472</ele></trkpt><trkpt lat="58.76772397197783" lon="14.797885939478874"><ele>99.23059367080695</ele></trkpt><trkpt lat="58.76824197359383" lon="14.797825925052166"><ele>98.97544780411319</ele></trkpt><trkpt lat="58.76938593573868" lon="14.797625932842493"><ele>98.41068801915051</ele></trkpt><trkpt lat="58.76978097483516" lon="14.797578994184732"><ele>98.21609024592283</ele></trkpt><trkpt lat="58.770809937268496" lon="14.797377996146679"><ele>98.22495021061684</ele></trkpt><trkpt lat="58.77219898626208" lon="14.797161994501948"><ele>100.86786831443948</ele></trkpt><trkpt lat="58.77270097844303" lon="14.797137938439846"><ele>101.82020441507106</ele></trkpt><trkpt lat="58.773450991138816" lon="14.797153947874904"><ele>103.24271173876826</ele></trkpt><trkpt lat="58.77405691891909" lon="14.797202982008457"><ele>104.3928816892639</ele></trkpt><trkpt lat="58.774499986320734" lon="14.797265930101275"><ele>105.23544758119719</ele></trkpt><trkpt lat="58.77539894543588" lon="14.797461982816458"><ele>106.95121028990675</ele></trkpt><trkpt lat="58.77578694373369" lon="14.797581927850842"><ele>107.69644896861338</ele></trkpt><trkpt lat="58.776369988918304" lon="14.79778996668756"><ele>108.04011336921079</ele></trkpt><trkpt lat="58.77673292532563" lon="14.797969926148653"><ele>107.63323471738285</ele></trkpt><trkpt lat="58.77700198441744" lon="14.798138989135623"><ele>107.32598910268965</ele></trkpt><trkpt lat="58.7772939261049" lon="14.79828198440373"><ele>106.99894660906953</ele></trkpt><trkpt lat="58.77795592881739" lon="14.798721950501204"><ele>106.2386986018438</ele></trkpt><trkpt lat="58.778349962085485" lon="14.799052951857448"><ele>105.77206481294284</ele></trkpt><trkpt lat="58.77893795259297" lon="14.799625938758254"><ele>105.0568119271571</ele></trkpt><trkpt lat="58.7793299742043" lon="14.800062971189618"><ele>104.5652070982318</ele></trkpt><trkpt lat="58.77970799803734" lon="14.800536967813969"><ele>104.07568405893969</ele></trkpt><trkpt lat="58.78043697215617" lon="14.801605995744467"><ele>103.0814774411378</ele></trkpt><trkpt lat="58.78121196292341" lon="14.80307794176042"><ele>101.75573862112005</ele></trkpt><trkpt lat="58.78151698037982" lon="14.803713960573077"><ele>101.09420567105985</ele></trkpt><trkpt lat="58.78218594007194" lon="14.805295960977674"><ele>99.53549185118874</ele></trkpt><trkpt lat="58.78246799111366" lon="14.80591194704175"><ele>98.90800288333061</ele></trkpt><trkpt lat="58.782727997750044" lon="14.80655592866242"><ele>98.28480867352346</ele></trkpt><trkpt lat="58.783353958278894" lon="14.807982947677374"><ele>96.85760757929317</ele></trkpt><trkpt lat="58.78372494131327" lon="14.808805966749787"><ele>96.02493095882515</ele></trkpt><trkpt lat="58.7840289529413" lon="14.809407955035567"><ele>95.38328400656272</ele></trkpt><trkpt lat="58.78425199538469" lon="14.80982193723321"><ele>94.92742495536646</ele></trkpt><trkpt lat="58.78465893678367" lon="14.810493998229504"><ele>94.1487742169407</ele></trkpt><trkpt lat="58.78514994867146" lon="14.81119992211461"><ele>94.86836291202965</ele></trkpt><trkpt lat="58.78546896390617" lon="14.81162597425282"><ele>95.32430259648226</ele></trkpt><trkpt lat="58.785524955019355" lon="14.811757989227772"><ele>95.42819661518098</ele></trkpt><trkpt lat="58.785543981939554" lon="14.811910958960652"><ele>95.52400557067995</ele></trkpt><trkpt lat="58.785525960847735" lon="14.812232991680503"><ele>95.7212733437906</ele></trkpt><trkpt lat="58.78555093891919" lon="14.812575979158282"><ele>95.93221543466856</ele></trkpt><trkpt lat="58.78564196638763" lon="14.812880996614695"><ele>96.14657933633586</ele></trkpt><trkpt lat="58.78619693219662" lon="14.814368952065706"><ele>97.26306722960368</ele></trkpt><trkpt lat="58.78632894717157" lon="14.814787963405252"><ele>97.56171160825164</ele></trkpt><trkpt lat="58.78641595132649" lon="14.815237987786531"><ele>97.85423440149434</ele></trkpt><trkpt lat="58.78645392134786" lon="14.815701926127076"><ele>98.14028136875572</ele></trkpt><trkpt lat="58.78641595132649" lon="14.817615933716297"><ele>99.30679344374768</ele></trkpt><trkpt lat="58.786427937448025" lon="14.818121949210763"><ele>99.61528606949041</ele></trkpt><trkpt lat="58.78662692382932" lon="14.82123096473515"><ele>100.19101687491695</ele></trkpt><trkpt lat="58.78662692382932" lon="14.822063958272338"><ele>99.91817473067778</ele></trkpt><trkpt lat="58.78656598739326" lon="14.82275697402656"><ele>99.68793700760727</ele></trkpt><trkpt lat="58.786491975188255" lon="14.82324798591435"><ele>99.52044339134684</ele></trkpt><trkpt lat="58.78630598075688" lon="14.824296981096268"><ele>99.15729479024938</ele></trkpt><trkpt lat="58.786058966070414" lon="14.825521996244788"><ele>98.72673938673888</ele></trkpt><trkpt lat="58.785913959145546" lon="14.826329927891493"><ele>98.44667989403395</ele></trkpt><trkpt lat="58.7858559563756" lon="14.826945997774601"><ele>98.24158243041954</ele></trkpt><trkpt lat="58.78583592362702" lon="14.82754496857524"><ele>98.04498050172045</ele></trkpt><trkpt lat="58.785850927233696" lon="14.827910922467709"><ele>97.92473722473615</ele></trkpt><trkpt lat="58.785979924723506" lon="14.828843995928764"><ele>97.60841989718695</ele></trkpt><trkpt lat="58.78611294552684" lon="14.829592918977141"><ele>97.34910267337449</ele></trkpt><trkpt lat="58.78625895828009" lon="14.830152997747064"><ele>97.18455110868132</ele></trkpt><trkpt lat="58.78637295216322" lon="14.830516939982772"><ele>97.59061866590517</ele></trkpt><trkpt lat="58.786576967686415" lon="14.831011975184083"><ele>98.19457106766727</ele></trkpt><trkpt lat="58.78830397501588" lon="14.834473952651024"><ele>102.78300430080287</ele></trkpt><trkpt lat="58.78856993280351" lon="14.834946943446994"><ele>103.44942331744852</ele></trkpt><trkpt lat="58.78893194720149" lon="14.835664937272668"><ele>104.40594362684504</ele></trkpt><trkpt lat="58.78923495300114" lon="14.836187968030572"><ele>105.15501674450196</ele></trkpt><trkpt lat="58.7895979732275" lon="14.836859945207834"><ele>106.08188165575204</ele></trkpt><trkpt lat="58.78970995545387" lon="14.837047951295972"><ele>106.35537347366643</ele></trkpt><trkpt lat="58.789889998734" lon="14.837291948497295"><ele>106.76074768783755</ele></trkpt><trkpt lat="58.79017598927021" lon="14.83758196234703"><ele>107.35603193737947</ele></trkpt><trkpt lat="58.790700947865844" lon="14.838005919009447"><ele>106.09430419154855</ele></trkpt><trkpt lat="58.79097495228052" lon="14.838256957009435"><ele>105.41054826608932</ele></trkpt><trkpt lat="58.79154793918133" lon="14.838733971118927"><ele>104.00381682553954</ele></trkpt><trkpt lat="58.79201799631119" lon="14.839275944977999"><ele>102.76947098321106</ele></trkpt><trkpt lat="58.792378921061754" lon="14.839778942987323"><ele>101.76588875014426</ele></trkpt><trkpt lat="58.792633982375264" lon="14.840166941285133"><ele>101.03377484926257</ele></trkpt><trkpt lat="58.79294696263969" lon="14.840514957904816"><ele>100.21950565161198</ele></trkpt><trkpt lat="58.79328995011747" lon="14.840790973976254"><ele>99.38179237428292</ele></trkpt><trkpt lat="58.79384592175484" lon="14.841158939525485"><ele>98.05682898410618</ele></trkpt><trkpt lat="58.794202990829945" lon="14.841313920915127"><ele>97.23178922822517</ele></trkpt><trkpt lat="58.79469492472708" lon="14.84149195253849"><ele>96.10350158683612</ele></trkpt><trkpt lat="58.79545692354441" lon="14.841800993308425"><ele>94.78741278408627</ele></trkpt><trkpt lat="58.79578993655741" lon="14.841975923627615"><ele>94.66106328779524</ele></trkpt><trkpt lat="58.79610593430698" lon="14.842229979112744"><ele>94.53574283660821</ele></trkpt><trkpt lat="58.796738935634494" lon="14.84284495934844"><ele>94.2763033025575</ele></trkpt><trkpt lat="58.7971549294889" lon="14.843213930726051"><ele>94.10869993466919</ele></trkpt><trkpt lat="58.7980249710381" lon="14.843685999512672"><ele>93.77783560978709</ele></trkpt><trkpt lat="58.79854992963374" lon="14.84400694258511"><ele>93.57624062575447</ele></trkpt><trkpt lat="58.79904798232019" lon="14.84441296197474"><ele>93.37831158831435</ele></trkpt><trkpt lat="58.7994309514761" lon="14.844852928072214"><ele>93.21515669586913</ele></trkpt><trkpt lat="58.800243996083736" lon="14.845886919647455"><ele>92.85871429828268</ele></trkpt><trkpt lat="58.80087599158287" lon="14.84664497897029"><ele>93.89444446285283</ele></trkpt><trkpt lat="58.80216596648097" lon="14.84825992025435"><ele>96.1922519709972</ele></trkpt><trkpt lat="58.802644992247224" lon="14.84881698153913"><ele>97.02802388584475</ele></trkpt><trkpt lat="58.803035924211144" lon="14.849309921264648"><ele>97.7258643140364</ele></trkpt><trkpt lat="58.80345895886421" lon="14.849990950897336"><ele>98.54907269325844</ele></trkpt><trkpt lat="58.80379398353398" lon="14.85075194388628"><ele>99.32221403497009</ele></trkpt><trkpt lat="58.80418097600341" lon="14.85152693465352"><ele>100.15554076677846</ele></trkpt><trkpt lat="58.8044489454478" lon="14.851959943771362"><ele>100.67779289383108</ele></trkpt><trkpt lat="58.80472797900438" lon="14.85233897343278"><ele>101.07063160025957</ele></trkpt><trkpt lat="58.805141961202025" lon="14.852773994207382"><ele>100.43462046551774</ele></trkpt><trkpt lat="58.805443961173296" lon="14.853019919246435"><ele>99.99233648125495</ele></trkpt><trkpt lat="58.80574696697295" lon="14.853173978626728"><ele>99.56952025699918</ele></trkpt><trkpt lat="58.806025916710496" lon="14.853361984714866"><ele>99.17082997478641</ele></trkpt><trkpt lat="58.80640092305839" lon="14.853582931682467"><ele>98.64175921302207</ele></trkpt><trkpt lat="58.80805995315313" lon="14.85468397848308"><ele>96.27450479002331</ele></trkpt><trkpt lat="58.80828894674778" lon="14.854866955429316"><ele>95.94008629800237</ele></trkpt><trkpt lat="58.80840193480253" lon="14.854976925998926"><ele>95.76934542372902</ele></trkpt><trkpt lat="58.80861399695277" lon="14.85521798953414"><ele>95.43728014720385</ele></trkpt><trkpt lat="58.80871097557247" lon="14.855357967317104"><ele>95.27389529149468</ele></trkpt><trkpt lat="58.80888791754842" lon="14.855653932318091"><ele>94.95800024873708</ele></trkpt><trkpt lat="58.80904692225158" lon="14.855979988351464"><ele>94.64501796538478</ele></trkpt><trkpt lat="58.809200981631875" lon="14.85633596777916"><ele>94.32081800512735</ele></trkpt><trkpt lat="58.80960498936474" lon="14.857373982667923"><ele>94.22015731745158</ele></trkpt><trkpt lat="58.80998494103551" lon="14.85827193595469"><ele>96.19664795162747</ele></trkpt><trkpt lat="58.81035198457539" lon="14.859208948910236"><ele>98.1992072437995</ele></trkpt><trkpt lat="58.81051794625819" lon="14.859691997990012"><ele>99.18727294612434</ele></trkpt><trkpt lat="58.810963947325945" lon="14.86112798564136"><ele>102.04131282147203</ele></trkpt><trkpt lat="58.81114499643445" lon="14.86153794452548"><ele>102.95965098329106</ele></trkpt><trkpt lat="58.81135395728052" lon="14.86188294366002"><ele>103.86452183750649</ele></trkpt><trkpt lat="58.81159393116832" lon="14.862187961116433"><ele>104.81009610279125</ele></trkpt><trkpt lat="58.81317199207842" lon="14.863886972889304"><ele>110.75670804915045</ele></trkpt><trkpt lat="58.81335195153952" lon="14.864191990345716"><ele>111.54479029658282</ele></trkpt><trkpt lat="58.8135099504143" lon="14.864589963108301"><ele>111.41253987856382</ele></trkpt><trkpt lat="58.813585974276066" lon="14.864924987778068"><ele>110.83291817404964</ele></trkpt><trkpt lat="58.81363693624735" lon="14.865506943315268"><ele>109.8976517257569</ele></trkpt><trkpt lat="58.81358195096254" lon="14.866395927965641"><ele>108.4789437222646</ele></trkpt><trkpt lat="58.81352998316288" lon="14.867826970294118"><ele>106.20572596190387</ele></trkpt><trkpt lat="58.813541969284415" lon="14.870842946693301"><ele>101.42642694232336</ele></trkpt><trkpt lat="58.81355194374919" lon="14.871274949982762"><ele>100.74118857177587</ele></trkpt><trkpt lat="58.81358999758959" lon="14.871693961322308"><ele>100.06708364286284</ele></trkpt><trkpt lat="58.81366292014718" lon="14.872095957398415"><ele>99.39212066885224</ele></trkpt><trkpt lat="58.8137689512223" lon="14.87245193682611"><ele>98.74137144312736</ele></trkpt><trkpt lat="58.81413892842829" lon="14.873411916196346"><ele>96.84510793537831</ele></trkpt><trkpt lat="58.81430497393012" lon="14.873929917812347"><ele>95.87974425954472</ele></trkpt><trkpt lat="58.81448493339121" lon="14.874635925516486"><ele>95.08820167586022</ele></trkpt><trkpt lat="58.81471895612776" lon="14.875696990638971"><ele>96.06863315918847</ele></trkpt><trkpt lat="58.81490495055914" lon="14.876385983079672"><ele>96.72916289219792</ele></trkpt><trkpt lat="58.81512992084026" lon="14.87702895887196"><ele>97.3888400752904</ele></trkpt><trkpt lat="58.81544994190335" lon="14.877756927162409"><ele>98.20062420406546</ele></trkpt><trkpt lat="58.81572796963155" lon="14.878217931836843"><ele>98.80222466312497</ele></trkpt><trkpt lat="58.816570937633514" lon="14.879428949207067"><ele>100.52704907401798</ele></trkpt><trkpt lat="58.81686396896839" lon="14.879773948341608"><ele>101.09047023870988</ele></trkpt><trkpt lat="58.81710494868457" lon="14.879983998835087"><ele>101.52452083986967</ele></trkpt><trkpt lat="58.81793794222176" lon="14.880545921623707"><ele>102.97309133430717</ele></trkpt><trkpt lat="58.81811295635998" lon="14.880685983225703"><ele>103.28410708708563</ele></trkpt><trkpt lat="58.81828394718468" lon="14.880867954343557"><ele>103.60462228142875</ele></trkpt><trkpt lat="58.81860095076263" lon="14.881319990381598"><ele>103.97303321284785</ele></trkpt><trkpt lat="58.81957098841667" lon="14.882825966924429"><ele>103.47666633280188</ele></trkpt><trkpt lat="58.82030197419226" lon="14.884018963202834"><ele>103.0949889940202</ele></trkpt><trkpt lat="58.82099197246134" lon="14.885090924799442"><ele>102.74182781770594</ele></trkpt><trkpt lat="58.821641989052296" lon="14.885892989113927"><ele>102.43419959259482</ele></trkpt><trkpt lat="58.82212596014142" lon="14.886446949094534"><ele>102.20983328471267</ele></trkpt><trkpt lat="58.82261898368597" lon="14.886962939053774"><ele>101.9861934640741</ele></trkpt><trkpt lat="58.822907991707325" lon="14.88723493181169"><ele>101.8579755154064</ele></trkpt><trkpt lat="58.82373293861747" lon="14.887948986142874"><ele>101.55430545099793</ele></trkpt><trkpt lat="58.823898984119296" lon="14.888061974197626"><ele>101.49657917363344</ele></trkpt><trkpt lat="58.8239869941026" lon="14.888077983632684"><ele>101.46759266994147</ele></trkpt><trkpt lat="58.82407399825752" lon="14.888054933398962"><ele>101.43879659350273</ele></trkpt><trkpt lat="58.824152955785394" lon="14.887997936457396"><ele>101.4111574434299</ele></trkpt><trkpt lat="58.82442897185683" lon="14.887631982564926"><ele>101.30138404536459</ele></trkpt><trkpt lat="58.82449493743479" lon="14.887603987008333"><ele>101.27923781279229</ele></trkpt><trkpt lat="58.824565932154655" lon="14.887638939544559"><ele>101.25521421601276</ele></trkpt><trkpt lat="58.824629969894886" lon="14.887721920385957"><ele>101.2299293505137</ele></trkpt><trkpt lat="58.82702694274485" lon="14.891897952184081"><ele>100.17153691922397</ele></trkpt><trkpt lat="58.82777997292578" lon="14.893260933458805"><ele>99.80615728639538</ele></trkpt><trkpt lat="58.8282419834286" lon="14.894131980836391"><ele>99.56019521473787</ele></trkpt><trkpt lat="58.82869393564761" lon="14.895040998235345"><ele>99.3116177226384</ele></trkpt><trkpt lat="58.82956397719681" lon="14.896899936720729"><ele>98.81736377713034</ele></trkpt><trkpt lat="58.8311499170959" lon="14.900539945811033"><ele>97.92217601361085</ele></trkpt><trkpt lat="58.83143096230924" lon="14.901125924661756"><ele>98.48660691782169</ele></trkpt><trkpt lat="58.8318079803139" lon="14.9018229637295"><ele>99.19892090261841</ele></trkpt><trkpt lat="58.83211995474994" lon="14.902342977002263"><ele>99.76136058359388</ele></trkpt><trkpt lat="58.83243192918599" lon="14.902822924777865"><ele>100.30573080995234</ele></trkpt><trkpt lat="58.83280794136226" lon="14.903351990506053"><ele>100.94068831789853</ele></trkpt><trkpt lat="58.83309192024171" lon="14.90371492691338"><ele>101.40546696530856</ele></trkpt><trkpt lat="58.83332292549312" lon="14.903980968520045"><ele>101.7725704273059</ele></trkpt><trkpt lat="58.833655938506126" lon="14.90431297570467"><ele>102.28410291382713</ele></trkpt><trkpt lat="58.83435197174549" lon="14.904939942061901"><ele>103.33240970721124</ele></trkpt><trkpt lat="58.83497893810272" lon="14.905401952564716"><ele>104.2483897827729</ele></trkpt><trkpt lat="58.83533692918718" lon="14.905609991401434"><ele>104.75869626899168</ele></trkpt><trkpt lat="58.8360299449414" lon="14.905954990535975"><ele>105.95861305631267</ele></trkpt><trkpt lat="58.836764954030514" lon="14.906212985515594"><ele>107.7846567498299</ele></trkpt><trkpt lat="58.83726895786822" lon="14.906299989670515"><ele>109.0215419189052</ele></trkpt><trkpt lat="58.83746895007789" lon="14.906314993277192"><ele>109.51076813544579</ele></trkpt><trkpt lat="58.83776198141277" lon="14.906364949420094"><ele>110.2298313566867</ele></trkpt><trkpt lat="58.83812298998237" lon="14.906365955248475"><ele>111.11227625274707</ele></trkpt><trkpt lat="58.83979392237961" lon="14.906465951353312"><ele>115.1986363713117</ele></trkpt><trkpt lat="58.84023397229612" lon="14.906498976051807"><ele>116.27509853204249</ele></trkpt><trkpt lat="58.84050093591213" lon="14.906539963558316"><ele>116.92971631802081</ele></trkpt><trkpt lat="58.84251996874809" lon="14.906652951613069"><ele>116.4818987490551</ele></trkpt><trkpt lat="58.8453359529376" lon="14.906885968521237"><ele>110.43084421183032</ele></trkpt><trkpt lat="58.845831993967295" lon="14.906894937157631"><ele>109.36586819590485</ele></trkpt><trkpt lat="58.84618596173823" lon="14.906927961856127"><ele>108.60506513396498</ele></trkpt><trkpt lat="58.84699992835522" lon="14.90706299431622"><ele>106.99898404937359</ele></trkpt><trkpt lat="58.84722297079861" lon="14.907142957672477"><ele>106.79850195107959</ele></trkpt><trkpt lat="58.84753896854818" lon="14.907284947112203"><ele>106.51178363238593</ele></trkpt><trkpt lat="58.84820097126067" lon="14.907695995643735"><ele>105.89727761433646</ele></trkpt><trkpt lat="58.848647978156805" lon="14.908085921779275"><ele>105.46386273378292</ele></trkpt><trkpt lat="58.84876096621156" lon="14.908201927319169"><ele>105.3507959921714</ele></trkpt><trkpt lat="58.84916799142957" lon="14.908705931156874"><ele>104.92360551174856</ele></trkpt><trkpt lat="58.8494479469955" lon="14.909111950546503"><ele>104.6142979094311</ele></trkpt><trkpt lat="58.84988095611334" lon="14.909863974899054"><ele>104.09985991766233</ele></trkpt><trkpt lat="58.850326957181096" lon="14.91079998202622"><ele>103.51807740180074</ele></trkpt><trkpt lat="58.85071998462081" lon="14.911868926137686"><ele>102.91853287642425</ele></trkpt><trkpt lat="58.85108593851328" lon="14.913051947951317"><ele>102.28838433516131</ele></trkpt><trkpt lat="58.85128593072295" lon="14.913607919588685"><ele>101.93259127974675</ele></trkpt><trkpt lat="58.8513629604131" lon="14.913773965090513"><ele>101.80976043732235</ele></trkpt><trkpt lat="58.85145499370992" lon="14.913906985893846"><ele>101.68741980383719</ele></trkpt><trkpt lat="58.85156295262277" lon="14.913972951471806"><ele>101.56687610622333</ele></trkpt><trkpt lat="58.85166998952627" lon="14.913992984220386"><ele>101.45238544504195</ele></trkpt><trkpt lat="58.85177694261074" lon="14.913965994492173"><ele>101.3375508243739</ele></trkpt><trkpt lat="58.8518759328872" lon="14.91389499977231"><ele>101.22514169785248</ele></trkpt><trkpt lat="58.851955980062485" lon="14.913791986182332"><ele>101.12276407665973</ele></trkpt><trkpt lat="58.85207994841039" lon="14.913495937362313"><ele>100.91300349220094</ele></trkpt><trkpt lat="58.852409943938255" lon="14.912317944690585"><ele>100.17526298655031</ele></trkpt><trkpt lat="58.85261395946145" lon="14.911835985258222"><ele>99.83230384265359</ele></trkpt><trkpt lat="58.852923922240734" lon="14.91118697449565"><ele>99.34584955407091</ele></trkpt><trkpt lat="58.85342197492719" lon="14.910239987075329"><ele>98.60213035645093</ele></trkpt><trkpt lat="58.853868981823325" lon="14.909472959116101"><ele>97.96581694688017</ele></trkpt><trkpt lat="58.85413996875286" lon="14.909054953604937"><ele>97.59673631084111</ele></trkpt><trkpt lat="58.854966927319765" lon="14.907893976196647"><ele>96.50868353790305</ele></trkpt><trkpt lat="58.85536791756749" lon="14.907399946823716"><ele>96.16217065562464</ele></trkpt><trkpt lat="58.85579195804894" lon="14.90693399682641"><ele>95.91754808242203</ele></trkpt><trkpt lat="58.856579940766096" lon="14.906214997172356"><ele>95.48054024429109</ele></trkpt><trkpt lat="58.85721193626523" lon="14.905742928385735"><ele>95.1407347919852</ele></trkpt><trkpt lat="58.857456939294934" lon="14.905586941167712"><ele>95.01136411531996</ele></trkpt><trkpt lat="58.85795993730426" lon="14.905310925096273"><ele>94.74912432443539</ele></trkpt><trkpt lat="58.858316922560334" lon="14.905092995613813"><ele>94.56136796148773</ele></trkpt><trkpt lat="58.85867692530155" lon="14.904897948727012"><ele>94.37385568609761</ele></trkpt><trkpt lat="58.859024941921234" lon="14.90467892959714"><ele>94.1902969166828</ele></trkpt><trkpt lat="58.860103944316506" lon="14.904067972674966"><ele>93.62640217070945</ele></trkpt><trkpt lat="58.860593950375915" lon="14.903823975473642"><ele>93.88499374453326</ele></trkpt><trkpt lat="58.860963927581906" lon="14.90360596217215"><ele>94.34367468190199</ele></trkpt><trkpt lat="58.86133197695017" lon="14.903415944427252"><ele>94.79543877876569</ele></trkpt><trkpt lat="58.86221995577216" lon="14.902879921719432"><ele>95.89862012534748</ele></trkpt><trkpt lat="58.86287894099951" lon="14.902535928413272"><ele>96.70809219385481</ele></trkpt><trkpt lat="58.86343399062753" lon="14.902310958132148"><ele>97.38063692555166</ele></trkpt><trkpt lat="58.863858953118324" lon="14.902171986177564"><ele>97.89176201561591</ele></trkpt><trkpt lat="58.86610295623541" lon="14.901296999305487"><ele>99.90266078844698</ele></trkpt><trkpt lat="58.86642197147012" lon="14.901140928268433"><ele>99.75370113038112</ele></trkpt><trkpt lat="58.8666439242661" lon="14.901052918285131"><ele>99.65113806146674</ele></trkpt><trkpt lat="58.86698297224939" lon="14.90087698213756"><ele>99.492230495129</ele></trkpt><trkpt lat="58.8671999797225" lon="14.900739938020706"><ele>99.38889210604256</ele></trkpt><trkpt lat="58.86764497496188" lon="14.900396950542927"><ele>99.17204672867824</ele></trkpt><trkpt lat="58.86786499992013" lon="14.900204921141267"><ele>99.06277580398765</ele></trkpt><trkpt lat="58.86986995115876" lon="14.898250931873918"><ele>98.04647953225009</ele></trkpt><trkpt lat="58.870604960247874" lon="14.897587923333049"><ele>97.6793566109251</ele></trkpt><trkpt lat="58.871208960190415" lon="14.897138988599181"><ele>97.24270034185909</ele></trkpt><trkpt lat="58.8714549690485" lon="14.896985935047269"><ele>97.04246233205055</ele></trkpt><trkpt lat="58.87158396653831" lon="14.896923992782831"><ele>96.93947432827005</ele></trkpt><trkpt lat="58.87199996039271" lon="14.896774962544441"><ele>96.6116578930578</ele></trkpt><trkpt lat="58.872665986418724" lon="14.896485954523087"><ele>96.08275917164865</ele></trkpt><trkpt lat="58.8736929371953" lon="14.896144978702068"><ele>95.2753848423777</ele></trkpt><trkpt lat="58.874301966279745" lon="14.895923947915435"><ele>94.79524265649516</ele></trkpt><trkpt lat="58.875248953700066" lon="14.895620942115784"><ele>94.05149544424732</ele></trkpt><trkpt lat="58.8763989508152" lon="14.895320953801274"><ele>93.4691923395189</ele></trkpt><trkpt lat="58.876750990748405" lon="14.895270997658372"><ele>93.80626066113413</ele></trkpt><trkpt lat="58.877435959875584" lon="14.895277954638004"><ele>94.46035121662526</ele></trkpt><trkpt lat="58.87784197926521" lon="14.89537795074284"><ele>94.85119048396106</ele></trkpt><trkpt lat="58.878126963973045" lon="14.895474929362535"><ele>95.12750151433946</ele></trkpt><trkpt lat="58.87821799144149" lon="14.89552496932447"><ele>95.21786478252409</ele></trkpt><trkpt lat="58.87830499559641" lon="14.895597975701094"><ele>95.30842282726616</ele></trkpt><trkpt lat="58.87838093563914" lon="14.895704928785563"><ele>95.39811650418028</ele></trkpt><trkpt lat="58.87850993312895" lon="14.895976921543479"><ele>95.58030945708997</ele></trkpt><trkpt lat="58.878554943948984" lon="14.896134920418262"><ele>95.66935016584544</ele></trkpt><trkpt lat="58.87868997640908" lon="14.897010996937752"><ele>96.12055130701741</ele></trkpt><trkpt lat="58.87914796359837" lon="14.901020983234048"><ele>98.14739215266637</ele></trkpt><trkpt lat="58.879242930561304" lon="14.901610985398293"><ele>98.45237479452153</ele></trkpt><trkpt lat="58.87932498939335" lon="14.902305928990245"><ele>98.885164517864</ele></trkpt><trkpt lat="58.87948692776263" lon="14.903923971578479"><ele>100.00075110751153</ele></trkpt><trkpt lat="58.87967795133591" lon="14.905371945351362"><ele>101.01229442590548</ele></trkpt><trkpt lat="58.87985698878765" lon="14.907131977379322"><ele>102.22649063716332</ele></trkpt><trkpt lat="58.87991398572922" lon="14.90742995403707"><ele>102.44155633498988</ele></trkpt><trkpt lat="58.87996695935726" lon="14.907519975677133"><ele>102.53389418648007</ele></trkpt><trkpt lat="58.880036948248744" lon="14.907547971233726"><ele>102.62749498381265</ele></trkpt><trkpt lat="58.880447996780276" lon="14.90734294988215"><ele>103.18343302949017</ele></trkpt><trkpt lat="58.88152993284166" lon="14.906854955479503"><ele>104.6384035203821</ele></trkpt><trkpt lat="58.88170796446502" lon="14.90672193467617"><ele>104.88834622296977</ele></trkpt><trkpt lat="58.88210593722761" lon="14.906336953863502"><ele>105.47106546577415</ele></trkpt><trkpt lat="58.882357981055975" lon="14.906129920855165"><ele>105.82967165137077</ele></trkpt><trkpt lat="58.88286198489368" lon="14.905800931155682"><ele>105.62025458647535</ele></trkpt><trkpt lat="58.88294295407832" lon="14.905760949477553"><ele>105.58430825946029</ele></trkpt><trkpt lat="58.88303297571838" lon="14.905745945870876"><ele>105.54544067417054</ele></trkpt><trkpt lat="58.88312492519617" lon="14.905771929770708"><ele>105.50546761794602</ele></trkpt><trkpt lat="58.88322299346328" lon="14.905826998874545"><ele>105.46154164024003</ele></trkpt><trkpt lat="58.88331192545593" lon="14.905918948352337"><ele>105.41816768839922</ele></trkpt><trkpt lat="58.88362096622586" lon="14.906382970511913"><ele>105.24990251438659</ele></trkpt><trkpt lat="58.88409093953669" lon="14.907024940475821"><ele>105.00244119993637</ele></trkpt><trkpt lat="58.884379947558045" lon="14.907549982890487"><ele>104.8319179997297</ele></trkpt><trkpt lat="58.88481798581779" lon="14.908555978909135"><ele>104.53948954782928</ele></trkpt><trkpt lat="58.885429948568344" lon="14.910237975418568"><ele>104.08222246181464</ele></trkpt><trkpt lat="58.88552793301642" lon="14.910577945411205"><ele>103.99569149781132</ele></trkpt><trkpt lat="58.885750975459814" lon="14.91119191981852"><ele>103.82886255624923</ele></trkpt><trkpt lat="58.88600394129753" lon="14.911954924464226"><ele>103.62735069371763</ele></trkpt><trkpt lat="58.886376935988665" lon="14.91322796791792"><ele>103.08153384186566</ele></trkpt><trkpt lat="58.88655396178365" lon="14.913676986470819"><ele>102.78110781658158</ele></trkpt><trkpt lat="58.88692896813154" lon="14.914766969159245"><ele>102.08456073440239</ele></trkpt><trkpt lat="58.88752299360931" lon="14.916574945673347"><ele>100.9449197308901</ele></trkpt><trkpt lat="58.88780194334686" lon="14.917495949193835"><ele>100.37707214919973</ele></trkpt><trkpt lat="58.88806295581162" lon="14.918246967718005"><ele>99.89564611794573</ele></trkpt><trkpt lat="58.88855296187103" lon="14.9197599850595"><ele>98.94585727228228</ele></trkpt><trkpt lat="58.889084961265326" lon="14.921206953004003"><ele>98.00126868891581</ele></trkpt><trkpt lat="58.88967898674309" lon="14.922408917918801"><ele>97.66793349041822</ele></trkpt><trkpt lat="58.8901309389621" lon="14.92322095669806"><ele>97.58089971441066</ele></trkpt><trkpt lat="58.89063997194171" lon="14.92401598021388"><ele>97.4885851736708</ele></trkpt><trkpt lat="58.89115897938609" lon="14.9248749576509"><ele>97.3922079733781</ele></trkpt><trkpt lat="58.8915609754622" lon="14.925403939560056"><ele>97.32360315932802</ele></trkpt><trkpt lat="58.891814947128296" lon="14.925637962296605"><ele>97.28390493265799</ele></trkpt><trkpt lat="58.892072942107916" lon="14.92581699974835"><ele>97.24522398085902</ele></trkpt><trkpt lat="58.89214695431292" lon="14.925904925912619"><ele>97.23296786421058</ele></trkpt><trkpt lat="58.89220596291125" lon="14.926025960594416"><ele>97.22083350314503</ele></trkpt><trkpt lat="58.892243932932615" lon="14.926180941984057"><ele>97.20832669693209</ele></trkpt><trkpt lat="58.89224594458938" lon="14.926346987485886"><ele>97.19621602618406</ele></trkpt><trkpt lat="58.89222691766918" lon="14.926522923633456"><ele>97.18310946013398</ele></trkpt><trkpt lat="58.89207797124982" lon="14.927285928279161"><ele>97.1236353565301</ele></trkpt><trkpt lat="58.89198996126652" lon="14.927651965990663"><ele>97.09419654568727</ele></trkpt><trkpt lat="58.89175795018673" lon="14.928393932059407"><ele>97.0309575446659</ele></trkpt><trkpt lat="58.89162392355502" lon="14.928752928972244"><ele>96.9986615909463</ele></trkpt><trkpt lat="58.89148092828691" lon="14.929072950035334"><ele>97.05660786920137</ele></trkpt><trkpt lat="58.89124799519777" lon="14.929525991901755"><ele>97.75084538385593</ele></trkpt><trkpt lat="58.89100098051131" lon="14.929884988814592"><ele>98.4002587251228</ele></trkpt><trkpt lat="58.89082998968661" lon="14.930090932175517"><ele>98.8236580860086</ele></trkpt><trkpt lat="58.890497982501984" lon="14.93044096045196"><ele>99.61848474732884</ele></trkpt><trkpt lat="58.89017092064023" lon="14.930695937946439"><ele>100.3597641280696</ele></trkpt><trkpt lat="58.8896269351244" lon="14.931065998971462"><ele>101.5719933589862</ele></trkpt><trkpt lat="58.88722795061767" lon="14.932632995769382"><ele>106.89497753921951</ele></trkpt><trkpt lat="58.88674498535693" lon="14.932970954105258"><ele>107.97467022391668</ele></trkpt><trkpt lat="58.88649193570018" lon="14.93312199600041"><ele>108.53139540139264</ele></trkpt><trkpt lat="58.88606697320938" lon="14.933456936851144"><ele>108.47933531913077</ele></trkpt><trkpt lat="58.88581392355263" lon="14.933751979842782"><ele>108.37608791659015</ele></trkpt><trkpt lat="58.88556498102844" lon="14.934098990634084"><ele>108.26886637663371</ele></trkpt><trkpt lat="58.88519894331694" lon="14.9348009750247"><ele>108.08876518224845</ele></trkpt><trkpt lat="58.8850489910692" lon="14.93512493558228"><ele>108.01022005489456</ele></trkpt><trkpt lat="58.88481697998941" lon="14.935663975775242"><ele>107.88352550795297</ele></trkpt><trkpt lat="58.884442979469895" lon="14.936812967061996"><ele>107.63828386604605</ele></trkpt><trkpt lat="58.88417995534837" lon="14.937833966687322"><ele>107.43224807239925</ele></trkpt><trkpt lat="58.883991949260235" lon="14.938791934400797"><ele>107.24718051580298</ele></trkpt><trkpt lat="58.883930929005146" lon="14.939361987635493"><ele>107.14204173483591</ele></trkpt><trkpt lat="58.88391491957009" lon="14.939898932352662"><ele>107.04490653152952</ele></trkpt><trkpt lat="58.88400091789663" lon="14.941916959360242"><ele>106.64234910912407</ele></trkpt><trkpt lat="58.88395498506725" lon="14.942539986222982"><ele>106.02208627783942</ele></trkpt><trkpt lat="58.8838919531554" lon="14.942960925400257"><ele>105.59014895853487</ele></trkpt><trkpt lat="58.8837209623307" lon="14.943601973354816"><ele>104.8791406825729</ele></trkpt><trkpt lat="58.88357897289097" lon="14.943999946117401"><ele>104.4025015496384</ele></trkpt><trkpt lat="58.882769951596856" lon="14.945702981203794"><ele>102.12255427095464</ele></trkpt><trkpt lat="58.88260499574244" lon="14.946127943694592"><ele>101.59871124625442</ele></trkpt><trkpt lat="58.88246996328235" lon="14.94659498333931"><ele>101.07124264341826</ele></trkpt><trkpt lat="58.882356975227594" lon="14.947107955813408"><ele>100.52163586576557</ele></trkpt><trkpt lat="58.88228396885097" lon="14.947596956044436"><ele>100.01995282339622</ele></trkpt><trkpt lat="58.882233928889036" lon="14.94807799346745"><ele>99.53631675434424</ele></trkpt><trkpt lat="58.88223996385932" lon="14.948780983686447"><ele>98.84333026930777</ele></trkpt><trkpt lat="58.88235295191407" lon="14.95027095079422"><ele>97.3590451113977</ele></trkpt><trkpt lat="58.88239192776382" lon="14.951588921248913"><ele>96.19179335067354</ele></trkpt><trkpt lat="58.88238396495581" lon="14.951781956478953"><ele>96.42548420774847</ele></trkpt><trkpt lat="58.882335936650634" lon="14.952184958383441"><ele>96.9245807954567</ele></trkpt><trkpt lat="58.8821339327842" lon="14.953391952440143"><ele>98.45563087186926</ele></trkpt><trkpt lat="58.882101997733116" lon="14.953801995143294"><ele>98.95605118675581</ele></trkpt><trkpt lat="58.882099986076355" lon="14.954259982332587"><ele>99.5087628969363</ele></trkpt><trkpt lat="58.88229796662927" lon="14.956034934148192"><ele>101.7000628981253</ele></trkpt><trkpt lat="58.88258093968034" lon="14.957410991191864"><ele>103.48728735464756</ele></trkpt><trkpt lat="58.8827919960022" lon="14.958292935043573"><ele>104.66015572094004</ele></trkpt><trkpt lat="58.88303398154676" lon="14.959146967157722"><ele>105.83550602262854</ele></trkpt><trkpt lat="58.88314093463123" lon="14.959485931321979"><ele>106.31476712611442</ele></trkpt><trkpt lat="58.88360797427595" lon="14.960747994482517"><ele>108.1879605055673</ele></trkpt><trkpt lat="58.88395498506725" lon="14.961794978007674"><ele>110.24710331987664</ele></trkpt><trkpt lat="58.88410594314337" lon="14.96229998767376"><ele>111.57490665708346</ele></trkpt><trkpt lat="58.884250950068235" lon="14.962877919897437"><ele>113.0370773151183</ele></trkpt><trkpt lat="58.884575916454196" lon="14.964351961389184"><ele>116.68439246196355</ele></trkpt><trkpt lat="58.88505695387721" lon="14.966047955676913"><ele>121.08745792490429</ele></trkpt><trkpt lat="58.885453920811415" lon="14.96756893582642"><ele>124.96543754824788</ele></trkpt><trkpt lat="58.88560999184847" lon="14.968072939664125"><ele>126.30265087300845</ele></trkpt><trkpt lat="58.88585097156465" lon="14.968976927921176"><ele>128.6175868233268</ele></trkpt><trkpt lat="58.88611692935228" lon="14.969785949215293"><ele>130.79976604947672</ele></trkpt><trkpt lat="58.88625196181238" lon="14.970367988571525"><ele>132.2517433518181</ele></trkpt><trkpt lat="58.8864769320935" lon="14.97111196629703"><ele>133.6374868780823</ele></trkpt><trkpt lat="58.88681698590517" lon="14.97205694206059"><ele>134.23858872319227</ele></trkpt><trkpt lat="58.88701094314456" lon="14.972710981965065"><ele>134.63222082476713</ele></trkpt><trkpt lat="58.887730948626995" lon="14.974791957065463"><ele>135.939483946623</ele></trkpt><trkpt lat="58.88797393999994" lon="14.975576922297478"><ele>136.417120089548</ele></trkpt><trkpt lat="58.8882349524647" lon="14.976544948294759"><ele>136.9870631433531</ele></trkpt><trkpt lat="58.88842195272446" lon="14.977464945986867"><ele>137.5030948447649</ele></trkpt><trkpt lat="58.88846796937287" lon="14.97781497426331"><ele>137.691619720372</ele></trkpt><trkpt lat="58.8884749263525" lon="14.978174977004528"><ele>137.87966127924093</ele></trkpt><trkpt lat="58.888460928574204" lon="14.978546965867281"><ele>138.07434207548536</ele></trkpt><trkpt lat="58.888437962159514" lon="14.978733966127038"><ele>138.17466977519666</ele></trkpt><trkpt lat="58.88835992664099" lon="14.979089945554733"><ele>138.37651075904225</ele></trkpt><trkpt lat="58.88818399049342" lon="14.979574922472239"><ele>138.68581536575795</ele></trkpt><trkpt lat="58.88799196109176" lon="14.98024195432663"><ele>139.06029117700402</ele></trkpt><trkpt lat="58.88771594502032" lon="14.981106966733932"><ele>138.9523982207678</ele></trkpt><trkpt lat="58.88763095252216" lon="14.981481973081827"><ele>138.90894031901877</ele></trkpt><trkpt lat="58.887513941153884" lon="14.982219999656081"><ele>138.82701232270225</ele></trkpt><trkpt lat="58.8871799223125" lon="14.983671996742487"><ele>138.6583355713857</ele></trkpt><trkpt lat="58.88615892268717" lon="14.987237993627787"><ele>138.22566735365666</ele></trkpt><trkpt lat="58.88580294325948" lon="14.988326970487833"><ele>138.08890883562503</ele></trkpt><trkpt lat="58.885665982961655" lon="14.988701976835728"><ele>138.04017156931306</ele></trkpt><trkpt lat="58.88557797297835" lon="14.989054938778281"><ele>137.99857785784755</ele></trkpt><trkpt lat="58.885493986308575" lon="14.989635972306132"><ele>137.9345442172219</ele></trkpt><trkpt lat="58.88543598353863" lon="14.99049092642963"><ele>135.3880299692197</ele></trkpt><trkpt lat="58.88542198576033" lon="14.991213949397206"><ele>133.04320777949397</ele></trkpt><trkpt lat="58.885432966053486" lon="14.991710996255279"><ele>131.43090322654731</ele></trkpt><trkpt lat="58.885689955204725" lon="14.99579994007945"><ele>118.08182147573837</ele></trkpt><trkpt lat="58.88593596406281" lon="14.999057985842228"><ele>107.41111252285444</ele></trkpt><trkpt lat="58.88598692603409" lon="15.000040931627154"><ele>104.20963003256122</ele></trkpt><trkpt lat="58.886034954339266" lon="15.000639986246824"><ele>103.20948673622249</ele></trkpt><trkpt lat="58.886054987087846" lon="15.001027984544635"><ele>103.26297773526784</ele></trkpt><trkpt lat="58.88602891936898" lon="15.00136393122375"><ele>103.30957990574298</ele></trkpt><trkpt lat="58.88598198071122" lon="15.001501981168985"><ele>103.33224964222002</ele></trkpt><trkpt lat="58.88591593131423" lon="15.001603988930583"><ele>103.35468337133246</ele></trkpt><trkpt lat="58.8858259934932" lon="15.001653945073485"><ele>103.37952346659699</ele></trkpt><trkpt lat="58.885733960196376" lon="15.001682946458459"><ele>103.40427760980778</ele></trkpt><trkpt lat="58.88535593636334" lon="15.001734998077154"><ele>103.50488639875114</ele></trkpt><trkpt lat="58.884464940056205" lon="15.001992993056774"><ele>103.74405505298061</ele></trkpt><trkpt lat="58.88407392427325" lon="15.00209097750485"><ele>103.84872588216987</ele></trkpt><trkpt lat="58.88376396149397" lon="15.00222098082304"><ele>103.93292322309328</ele></trkpt><trkpt lat="58.88357193209231" lon="15.002337992191315"><ele>103.98636955806246</ele></trkpt><trkpt lat="58.883304968476295" lon="15.002542929723859"><ele>104.06261437859146</ele></trkpt><trkpt lat="58.882895931601524" lon="15.00295196659863"><ele>104.18484569864542</ele></trkpt><trkpt lat="58.88240894302726" lon="15.00350994989276"><ele>104.33509262256096</ele></trkpt><trkpt lat="58.88200795277953" lon="15.003924937918782"><ele>104.4558137991299</ele></trkpt><trkpt lat="58.88122298754752" lon="15.004817945882678"><ele>104.73218597321438</ele></trkpt><trkpt lat="58.88086499646306" lon="15.005200998857617"><ele>104.9079369954666</ele></trkpt><trkpt lat="58.88068797066808" lon="15.005361931398511"><ele>104.99196724170658</ele></trkpt><trkpt lat="58.88039594516158" lon="15.005523953586817"><ele>105.12248375152201</ele></trkpt><trkpt lat="58.88019595295191" lon="15.00559494830668"><ele>105.20983885701182</ele></trkpt><trkpt lat="58.87989797629416" lon="15.005651945248246"><ele>105.33848017018084</ele></trkpt><trkpt lat="58.87950796633959" lon="15.005672983825207"><ele>105.50610205354025</ele></trkpt><trkpt lat="58.87889793142676" lon="15.005592936649919"><ele>105.76878836996107</ele></trkpt><trkpt lat="58.87851596809924" lon="15.00548992305994"><ele>105.93447471475731</ele></trkpt><trkpt lat="58.878315975889564" lon="15.005412977188826"><ele>106.02207809637461</ele></trkpt><trkpt lat="58.877373933792114" lon="15.005219941958785"><ele>106.42906350885542</ele></trkpt><trkpt lat="58.87706497684121" lon="15.005137966945767"><ele>106.56304055042044</ele></trkpt><trkpt lat="58.87656792998314" lon="15.005082981660962"><ele>106.77693151175203</ele></trkpt><trkpt lat="58.876150930300355" lon="15.005009975284338"><ele>106.95681572163939</ele></trkpt><trkpt lat="58.875546930357814" lon="15.00492992810905"><ele>106.8572223494878</ele></trkpt><trkpt lat="58.87427296489477" lon="15.00482096336782"><ele>106.39179673365041</ele></trkpt><trkpt lat="58.8740399479866" lon="15.004810988903046"><ele>106.3067295004632</ele></trkpt><trkpt lat="58.873333940282464" lon="15.004829932004213"><ele>106.0490263132128</ele></trkpt><trkpt lat="58.873098995536566" lon="15.004817945882678"><ele>105.96324646156596</ele></trkpt><trkpt lat="58.872863966971636" lon="15.004769917577505"><ele>105.87698854314995</ele></trkpt><trkpt lat="58.87264193035662" lon="15.004685930907726"><ele>105.79441501245248</ele></trkpt><trkpt lat="58.87164196930826" lon="15.003978917375207"><ele>105.40583508868734</ele></trkpt><trkpt lat="58.87092095799744" lon="15.003517996519804"><ele>105.12868262980987</ele></trkpt><trkpt lat="58.870603954419494" lon="15.003234939649701"><ele>105.00125074186893</ele></trkpt><trkpt lat="58.870388958603144" lon="15.003068977966905"><ele>104.8445097940348</ele></trkpt><trkpt lat="58.86984899640083" lon="15.002730935811996"><ele>104.45706239021695</ele></trkpt><trkpt lat="58.869423950091004" lon="15.002337992191315"><ele>104.13545359612202</ele></trkpt><trkpt lat="58.868973925709724" lon="15.002017971128225"><ele>103.80812645959548</ele></trkpt><trkpt lat="58.86843195185065" lon="15.001603988930583"><ele>103.41032613091257</ele></trkpt><trkpt lat="58.86801897548139" lon="15.001331996172667"><ele>103.11249920263903</ele></trkpt><trkpt lat="58.86769099161029" lon="15.001209955662489"><ele>102.88448560422547</ele></trkpt><trkpt lat="58.86734498664737" lon="15.001118928194046"><ele>102.64609999251779</ele></trkpt><trkpt lat="58.86711792089045" lon="15.00108296982944"><ele>102.49056808948674</ele></trkpt><trkpt lat="58.86679396033287" lon="15.001087998971343"><ele>102.2693996622286</ele></trkpt><trkpt lat="58.86668692342937" lon="15.00106394290924"><ele>102.19583606617229</ele></trkpt><trkpt lat="58.86656999588013" lon="15.001003928482533"><ele>102.11324910286862</ele></trkpt><trkpt lat="58.86645591817796" lon="15.000918935984373"><ele>102.02979225095676</ele></trkpt><trkpt lat="58.866245951503515" lon="15.000683991238475"><ele>101.86419187918446</ele></trkpt><trkpt lat="58.866073954850435" lon="15.000362964347005"><ele>101.70101379972365</ele></trkpt><trkpt lat="58.86584093794227" lon="14.999766927212477"><ele>101.43725771083623</ele></trkpt><trkpt lat="58.86576591990888" lon="14.999664919450879"><ele>101.37465378443552</ele></trkpt><trkpt lat="58.86567698791623" lon="14.99962393194437"><ele>101.31224170692438</ele></trkpt><trkpt lat="58.86558596044779" lon="14.999651927500963"><ele>101.2493183126575</ele></trkpt><trkpt lat="58.86548797599971" lon="14.99973096884787"><ele>101.34325346845033</ele></trkpt><trkpt lat="58.86511892080307" lon="15.000112932175398"><ele>102.25795398812842</ele></trkpt><trkpt lat="58.86485598050058" lon="15.000348966568708"><ele>102.89142564065642</ele></trkpt><trkpt lat="58.86449698358774" lon="15.000744927674532"><ele>103.79454035930777</ele></trkpt><trkpt lat="58.86433898471296" lon="15.000974927097559"><ele>104.22668605528963</ele></trkpt><trkpt lat="58.86421392671764" lon="15.001272987574339"><ele>104.6604031249706</ele></trkpt><trkpt lat="58.863688968122005" lon="15.00290796160698"><ele>106.83502534592328</ele></trkpt><trkpt lat="58.86360498145223" lon="15.003324961289763"><ele>107.34069663032565</ele></trkpt><trkpt lat="58.86339694261551" lon="15.00488298945129"><ele>109.15895021086696</ele></trkpt><trkpt lat="58.863319996744394" lon="15.005303928628564"><ele>109.66344104303731</ele></trkpt><trkpt lat="58.86313199065626" lon="15.00613591633737"><ele>110.68940925342174</ele></trkpt><trkpt lat="58.86283393017948" lon="15.007261941209435"><ele>112.11881052576771</ele></trkpt><trkpt lat="58.8623889349401" lon="15.008824998512864"><ele>114.29288572440562</ele></trkpt><trkpt lat="58.8615099247545" lon="15.01176293939352"><ele>118.87757571719136</ele></trkpt><trkpt lat="58.86135192587972" lon="15.012582940980792"><ele>120.05957118766379</ele></trkpt><trkpt lat="58.86131697334349" lon="15.013131955638528"><ele>120.80674502901822</ele></trkpt><trkpt lat="58.861327953636646" lon="15.015021990984678"><ele>123.35984917419472</ele></trkpt><trkpt lat="58.86131295002997" lon="15.015781978145242"><ele>124.38714078692225</ele></trkpt><trkpt lat="58.861324936151505" lon="15.016501983627677"><ele>125.3601836596052</ele></trkpt><trkpt lat="58.86165292002261" lon="15.021434985101223"><ele>131.12998472607703</ele></trkpt><trkpt lat="58.86164294555783" lon="15.02211894840002"><ele>131.8492273407319</ele></trkpt><trkpt lat="58.861625930294394" lon="15.022390941157937"><ele>132.13722070139266</ele></trkpt><trkpt lat="58.861584942787886" lon="15.022647930309176"><ele>132.41991556820437</ele></trkpt><trkpt lat="58.861517971381545" lon="15.022876923903823"><ele>132.69645665788715</ele></trkpt><trkpt lat="58.86143499054015" lon="15.02308496274054"><ele>132.97263793643413</ele></trkpt><trkpt lat="58.86133298277855" lon="15.02325695939362"><ele>133.2477482824489</ele></trkpt><trkpt lat="58.86114497669041" lon="15.023495927453041"><ele>133.70508582465752</ele></trkpt><trkpt lat="58.86041097342968" lon="15.024305954575539"><ele>135.42302051053778</ele></trkpt><trkpt lat="58.85985399596393" lon="15.024981955066323"><ele>136.75976327678546</ele></trkpt><trkpt lat="58.859501956030726" lon="15.025368947535753"><ele>137.58293369962212</ele></trkpt><trkpt lat="58.85931897908449" lon="15.0255339872092"><ele>137.99335841706772</ele></trkpt><trkpt lat="58.858293956145644" lon="15.026345942169428"><ele>138.13698385873676</ele></trkpt><trkpt lat="58.85761896148324" lon="15.026996964588761"><ele>136.92393301682543</ele></trkpt><trkpt lat="58.85738393291831" lon="15.027282955124974"><ele>136.4773516486185</ele></trkpt><trkpt lat="58.85727295652032" lon="15.02744891680777"><ele>136.25173319426415</ele></trkpt><trkpt lat="58.857071958482265" lon="15.027847979217768"><ele>135.78843762035615</ele></trkpt><trkpt lat="58.856983948498964" lon="15.028078984469175"><ele>135.54980454677158</ele></trkpt><trkpt lat="58.85684296488762" lon="15.028556920588017"><ele>135.09218621266066</ele></trkpt><trkpt lat="58.85673793964088" lon="15.029075928032398"><ele>134.62865424343676</ele></trkpt><trkpt lat="58.856702987104654" lon="15.02935596741736"><ele>134.38905458402527</ele></trkpt><trkpt lat="58.85667993687093" lon="15.02993892878294"><ele>133.9027814518679</ele></trkpt><trkpt lat="58.85669192299247" lon="15.030873930081725"><ele>133.12488709732503</ele></trkpt><trkpt lat="58.85665596462786" lon="15.032440926879644"><ele>131.82030814212266</ele></trkpt><trkpt lat="58.856659987941384" lon="15.03320594318211"><ele>131.18399846860882</ele></trkpt><trkpt lat="58.85660693049431" lon="15.034058969467878"><ele>130.4694093799885</ele></trkpt><trkpt lat="58.85654892772436" lon="15.034507988020778"><ele>130.21637213300795</ele></trkpt><trkpt lat="58.85639394633472" lon="15.035390937700868"><ele>130.87455057446712</ele></trkpt><trkpt lat="58.856146931648254" lon="15.036535989493132"><ele>131.75032498528404</ele></trkpt><trkpt lat="58.856079960241914" lon="15.036778980866075"><ele>131.94468629573942</ele></trkpt><trkpt lat="58.855846943333745" lon="15.037491945549846"><ele>132.54003204947205</ele></trkpt><trkpt lat="58.85562599636614" lon="15.038045989349484"><ele>133.03389329214758</ele></trkpt><trkpt lat="58.855415945872664" lon="15.038504982367158"><ele>133.46652569581633</ele></trkpt><trkpt lat="58.85507597588003" lon="15.039170924574137"><ele>134.1270539584306</ele></trkpt><trkpt lat="58.85363998822868" lon="15.041678957641125"><ele>136.76825776531518</ele></trkpt><trkpt lat="58.85306599549949" lon="15.042665926739573"><ele>137.62091945258683</ele></trkpt><trkpt lat="58.85265192948282" lon="15.043292976915836"><ele>136.88962185895562</ele></trkpt><trkpt lat="58.85254799388349" lon="15.04343094304204"><ele>136.7143282771324</ele></trkpt><trkpt lat="58.852323945611715" lon="15.043676951900125"><ele>136.3560806833899</ele></trkpt><trkpt lat="58.85201096534729" lon="15.044012982398272"><ele>135.8583181901743</ele></trkpt><trkpt lat="58.85188498534262" lon="15.044123958796263"><ele>135.6658317101854</ele></trkpt><trkpt lat="58.851745929569006" lon="15.044226972386241"><ele>135.4587828369044</ele></trkpt><trkpt lat="58.851313926279545" lon="15.044453954324126"><ele>134.83634572240112</ele></trkpt><trkpt lat="58.850752925500274" lon="15.044795935973525"><ele>134.018482204952</ele></trkpt><trkpt lat="58.8504649233073" lon="15.045036999508739"><ele>133.5821277561698</ele></trkpt><trkpt lat="58.850110955536366" lon="15.045454921200871"><ele>133.00545037798335</ele></trkpt><trkpt lat="58.84993392974138" lon="15.045695984736085"><ele>132.7043834999208</ele></trkpt><trkpt lat="58.84928491897881" lon="15.04669695161283"><ele>131.55001661048004</ele></trkpt><trkpt lat="58.84867999702692" lon="15.047590965405107"><ele>130.49130801912594</ele></trkpt><trkpt lat="58.848134921863675" lon="15.048458995297551"><ele>129.11121446838118</ele></trkpt><trkpt lat="58.8479539565742" lon="15.0487189181149"><ele>128.55059357727626</ele></trkpt><trkpt lat="58.84773896075785" lon="15.048962999135256"><ele>127.93058870277322</ele></trkpt><trkpt lat="58.847507955506444" lon="15.049165925011039"><ele>127.29962425733915</ele></trkpt><trkpt lat="58.8473859988153" lon="15.04924999549985"><ele>126.97765220106947</ele></trkpt><trkpt lat="58.847127920016646" lon="15.049368934705853"><ele>126.31790933047918</ele></trkpt><trkpt lat="58.846028968691826" lon="15.049694990739226"><ele>123.55318123692332</ele></trkpt><trkpt lat="58.845448940992355" lon="15.049845948815346"><ele>122.09783083525706</ele></trkpt><trkpt lat="58.84457596577704" lon="15.050126994028687"><ele>119.89712886413928</ele></trkpt><trkpt lat="58.84334399364889" lon="15.050558997318149"><ele>116.7836184904374</ele></trkpt><trkpt lat="58.8428149279207" lon="15.050786985084414"><ele>116.42380008010126</ele></trkpt><trkpt lat="58.842503959313035" lon="15.050974991172552"><ele>116.61688594105172</ele></trkpt><trkpt lat="58.84199794381857" lon="15.051428955048323"><ele>116.94748127520148</ele></trkpt><trkpt lat="58.84008594788611" lon="15.053381938487291"><ele>118.229042512487</ele></trkpt><trkpt lat="58.83989894762635" lon="15.053533986210823"><ele>118.34926725913785</ele></trkpt><trkpt lat="58.83941497653723" lon="15.053881919011474"><ele>118.65527011641088</ele></trkpt><trkpt lat="58.83866295218468" lon="15.05432196892798"><ele>119.1209015650227</ele></trkpt><trkpt lat="58.83809298276901" lon="15.054568983614445"><ele>119.46705553325953</ele></trkpt><trkpt lat="58.83713794872165" lon="15.055055972188711"><ele>120.59977129405651</ele></trkpt><trkpt lat="58.83656295016408" lon="15.055474983528256"><ele>121.33680440488449</ele></trkpt><trkpt lat="58.83553499355912" lon="15.056338990107179"><ele>122.68126667705234</ele></trkpt><trkpt lat="58.83526895195246" lon="15.05651693791151"><ele>123.01892035300035</ele></trkpt><trkpt lat="58.83493292145431" lon="15.05677292123437"><ele>123.45212864144366</ele></trkpt><trkpt lat="58.834574930369854" lon="15.056963944807649"><ele>123.89755795724841</ele></trkpt><trkpt lat="58.8342909514904" lon="15.057049943134189"><ele>124.24230786409623</ele></trkpt><trkpt lat="58.83402993902564" lon="15.057083973661065"><ele>124.55606727069895</ele></trkpt><trkpt lat="58.833615956828" lon="15.057091936469078"><ele>125.05260509574482</ele></trkpt><trkpt lat="58.83312092162669" lon="15.057148933410645"><ele>125.6473830631453</ele></trkpt><trkpt lat="58.832532931119204" lon="15.057171983644366"><ele>126.4879627701207</ele></trkpt><trkpt lat="58.8322049472481" lon="15.057226968929172"><ele>127.16636767362408</ele></trkpt><trkpt lat="58.83196698501706" lon="15.05730894394219"><ele>127.66446126584997</ele></trkpt><trkpt lat="58.83121294900775" lon="15.05769794806838"><ele>129.27271229280888</ele></trkpt><trkpt lat="58.830104945227504" lon="15.058307982981205"><ele>131.64683122884358</ele></trkpt><trkpt lat="58.829976953566074" lon="15.058412924408913"><ele>131.93334576178165</ele></trkpt><trkpt lat="58.82986295968294" lon="15.058536976575851"><ele>132.20294800365218</ele></trkpt><trkpt lat="58.82970395497978" lon="15.058760941028595"><ele>132.60843349351214</ele></trkpt><trkpt lat="58.82943598553538" lon="15.059320935979486"><ele>133.42185676337624</ele></trkpt><trkpt lat="58.82929399609566" lon="15.059743970632553"><ele>133.95962212901148</ele></trkpt><trkpt lat="58.82921998389065" lon="15.060073966160417"><ele>134.34321238011438</ele></trkpt><trkpt lat="58.829181930050254" lon="15.06059599108994"><ele>134.90549016388957</ele></trkpt><trkpt lat="58.829185953363776" lon="15.06186299957335"><ele>136.25688591000355</ele></trkpt><trkpt lat="58.82922291755676" lon="15.062333978712559"><ele>136.76496636262627</ele></trkpt><trkpt lat="58.82931595668197" lon="15.062849968671799"><ele>137.34775038897078</ele></trkpt><trkpt lat="58.829523995518684" lon="15.063637951388955"><ele>138.88813024717186</ele></trkpt><trkpt lat="58.82958392612636" lon="15.06407791748643"><ele>139.7831389347335</ele></trkpt><trkpt lat="58.8295869436115" lon="15.064545962959528"><ele>140.7039856359228</ele></trkpt><trkpt lat="58.829504968598485" lon="15.065549947321415"><ele>142.70352837813212</ele></trkpt><trkpt lat="58.82950798608363" lon="15.06581699475646"><ele>143.22901113098706</ele></trkpt><trkpt lat="58.82956498302519" lon="15.066368943080306"><ele>144.336248288706</ele></trkpt><trkpt lat="58.82971392944455" lon="15.067131947726011"><ele>145.94049859550887</ele></trkpt><trkpt lat="58.8297769613564" lon="15.067639974877238"><ele>146.9682381752567</ele></trkpt><trkpt lat="58.82994493469596" lon="15.070132920518517"><ele>151.91389708451112</ele></trkpt><trkpt lat="58.829932948574424" lon="15.07043693214655"><ele>152.51369885103557</ele></trkpt><trkpt lat="58.82990193553269" lon="15.070718983188272"><ele>153.08094894245303</ele></trkpt><trkpt lat="58.82964695803821" lon="15.071937963366508"><ele>155.6674360197694</ele></trkpt><trkpt lat="58.82959993556142" lon="15.072300983592868"><ele>156.40362125612018</ele></trkpt><trkpt lat="58.829589961096644" lon="15.072494940832257"><ele>156.787067628043</ele></trkpt><trkpt lat="58.82960697636008" lon="15.073664970695972"><ele>159.07232801536728</ele></trkpt><trkpt lat="58.829572945833206" lon="15.074015920981765"><ele>159.74703596597362</ele></trkpt><trkpt lat="58.82947697304189" lon="15.07443099282682"><ele>160.60608009621282</ele></trkpt><trkpt lat="58.82938896305859" lon="15.074680941179395"><ele>161.17732795342874</ele></trkpt><trkpt lat="58.82892292924225" lon="15.07572297938168"><ele>163.77968195138797</ele></trkpt><trkpt lat="58.82880097255111" lon="15.076029924675822"><ele>164.51090040931012</ele></trkpt><trkpt lat="58.82842194288969" lon="15.076787983998656"><ele>166.5026182044444</ele></trkpt><trkpt lat="58.828212982043624" lon="15.077293999493122"><ele>167.7258784286981</ele></trkpt><trkpt lat="58.82809496484697" lon="15.077731953933835"><ele>168.65893073564794</ele></trkpt><trkpt lat="58.82787996903062" lon="15.078844986855984"><ele>170.90394883455988</ele></trkpt><trkpt lat="58.82780193351209" lon="15.079121924936771"><ele>171.49981126215937</ele></trkpt><trkpt lat="58.827699925750494" lon="15.079371957108378"><ele>172.1014324587349</ele></trkpt><trkpt lat="58.82758299820125" lon="15.079558957368135"><ele>172.65561080026256</ele></trkpt><trkpt lat="58.82739398628473" lon="15.079765990376472"><ele>173.44886550111482</ele></trkpt><trkpt lat="58.82711092941463" lon="15.080004958435893"><ele>174.5766364693262</ele></trkpt><trkpt lat="58.82684597745538" lon="15.080181984230876"><ele>175.60016084962268</ele></trkpt><trkpt lat="58.82657599635422" lon="15.08044995367527"><ele>176.70830902762793</ele></trkpt><trkpt lat="58.82639394141734" lon="15.08073192089796"><ele>177.560200420177</ele></trkpt><trkpt lat="58.82607199251652" lon="15.081397946923971"><ele>179.21779766199083</ele></trkpt><trkpt lat="58.8257949706167" lon="15.08175996132195"><ele>180.2424378642563</ele></trkpt><trkpt lat="58.82566496729851" lon="15.081885941326618"><ele>180.688023203746</ele></trkpt><trkpt lat="58.82557796314359" lon="15.081940926611423"><ele>180.96847453611292</ele></trkpt><trkpt lat="58.82544192485511" lon="15.081985937431455"><ele>181.39131705177223</ele></trkpt><trkpt lat="58.82528996095061" lon="15.0819939840585"><ele>181.85705622483476</ele></trkpt><trkpt lat="58.825142942368984" lon="15.08195299655199"><ele>182.31213606438425</ele></trkpt><trkpt lat="58.824735917150974" lon="15.081645967438817"><ele>183.65081425386785</ele></trkpt><trkpt lat="58.824559981003404" lon="15.081539936363697"><ele>184.21544277500374</ele></trkpt><trkpt lat="58.82428798824549" lon="15.081441951915622"><ele>185.06309943101067</ele></trkpt><trkpt lat="58.82406393997371" lon="15.081422924995422"><ele>185.7501680361001</ele></trkpt><trkpt lat="58.82390594109893" lon="15.081427954137325"><ele>186.23428710012823</ele></trkpt><trkpt lat="58.823273945599794" lon="15.08158897049725"><ele>188.187268200177</ele></trkpt><trkpt lat="58.8228299561888" lon="15.081761972978711"><ele>189.57489452519619</ele></trkpt><trkpt lat="58.822627952322364" lon="15.081898933276534"><ele>190.23077876050598</ele></trkpt><trkpt lat="58.82224892266095" lon="15.082279974594712"><ele>191.53984264849134</ele></trkpt><trkpt lat="58.821855979040265" lon="15.082722958177328"><ele>192.93371169601707</ele></trkpt><trkpt lat="58.82165397517383" lon="15.08300693705678"><ele>193.69913040139045</ele></trkpt><trkpt lat="58.82157493382692" lon="15.083157978951931"><ele>194.03976094132156</ele></trkpt><trkpt lat="58.821468986570835" lon="15.0834359228611"><ele>194.58720416502507</ele></trkpt><trkpt lat="58.82137695327401" lon="15.083762984722853"><ele>195.1776242317719</ele></trkpt><trkpt lat="58.82087898440659" lon="15.085864998400211"><ele>194.0444281573043</ele></trkpt><trkpt lat="58.82047698833048" lon="15.087135946378112"><ele>192.60800974818403</ele></trkpt><trkpt lat="58.820244977250695" lon="15.087931975722313"><ele>191.72697562979073</ele></trkpt><trkpt lat="58.820139952003956" lon="15.088231964036822"><ele>191.3777068856455</ele></trkpt><trkpt lat="58.81986695341766" lon="15.08891299366951"><ele>190.54700731476427</ele></trkpt><trkpt lat="58.81957392208278" lon="15.089508946985006"><ele>189.75431542846155</ele></trkpt><trkpt lat="58.81911392323673" lon="15.090335989370942"><ele>188.58359273205298</ele></trkpt><trkpt lat="58.81851998157799" lon="15.091485986486077"><ele>187.01691725873928</ele></trkpt><trkpt lat="58.81835795938969" lon="15.091826962307096"><ele>186.57053371781248</ele></trkpt><trkpt lat="58.81822292692959" lon="15.092214960604906"><ele>186.11961836844733</ele></trkpt><trkpt lat="58.81810993887484" lon="15.09290898218751"><ele>185.4154997815053</ele></trkpt><trkpt lat="58.817989993840456" lon="15.093929981812835"><ele>184.3849886252618</ele></trkpt><trkpt lat="58.81793995387852" lon="15.094432979822159"><ele>183.88083168167935</ele></trkpt><trkpt lat="58.81790994666517" lon="15.094969924539328"><ele>183.3492470586721</ele></trkpt><trkpt lat="58.81793492473662" lon="15.095512988045812"><ele>182.81260441577228</ele></trkpt><trkpt lat="58.818032993003726" lon="15.096300970762968"><ele>182.01490176896084</ele></trkpt><trkpt lat="58.81815595552325" lon="15.097048971801996"><ele>181.24242888488726</ele></trkpt><trkpt lat="58.81823499687016" lon="15.097776940092444"><ele>180.5103087319406</ele></trkpt><trkpt lat="58.818243965506554" lon="15.098288990557194"><ele>180.00601354771678</ele></trkpt><trkpt lat="58.81821496412158" lon="15.099039925262332"><ele>179.26482133501472</ele></trkpt><trkpt lat="58.818194931373" lon="15.099279982969165"><ele>179.02548494163003</ele></trkpt><trkpt lat="58.818117985501885" lon="15.099746938794851"><ele>178.5431469325709</ele></trkpt><trkpt lat="58.81787692196667" lon="15.100779924541712"><ele>177.42787382350673</ele></trkpt><trkpt lat="58.81770492531359" lon="15.101303961127996"><ele>176.81715576691994</ele></trkpt><trkpt lat="58.81761892698705" lon="15.101478975266218"><ele>176.579658441924</ele></trkpt><trkpt lat="58.81753192283213" lon="15.10161392390728"><ele>176.36752205980812</ele></trkpt><trkpt lat="58.81722992286086" lon="15.101974932476878"><ele>175.69232523590085</ele></trkpt><trkpt lat="58.81679297424853" lon="15.102438954636455"><ele>175.17061691773486</ele></trkpt><trkpt lat="58.81671292707324" lon="15.102518917992711"><ele>175.28496243516636</ele></trkpt><trkpt lat="58.81662592291832" lon="15.102558983489871"><ele>175.3984480629242</ele></trkpt><trkpt lat="58.81654193624854" lon="15.102541968226433"><ele>175.5055951786127</ele></trkpt><trkpt lat="58.816466918215156" lon="15.10247097350657"><ele>175.61159123022833</ele></trkpt><trkpt lat="58.81610398180783" lon="15.101884994655848"><ele>176.21180371855567</ele></trkpt><trkpt lat="58.81600893102586" lon="15.101778963580728"><ele>176.35107647085158</ele></trkpt><trkpt lat="58.81578496657312" lon="15.10161392390728"><ele>176.65522590499873</ele></trkpt><trkpt lat="58.81548598408699" lon="15.10146196000278"><ele>177.0474929051962</ele></trkpt><trkpt lat="58.8153369538486" lon="15.101443938910961"><ele>177.23695299999216</ele></trkpt><trkpt lat="58.81522295996547" lon="15.10143899358809"><ele>177.38162510603968</ele></trkpt><trkpt lat="58.81510091945529" lon="15.101471934467554"><ele>177.53797534406635</ele></trkpt><trkpt lat="58.81499396637082" lon="15.101533960551023"><ele>177.67966407097882</ele></trkpt><trkpt lat="58.81488994695246" lon="15.10160998441279"><ele>177.82077898459957</ele></trkpt><trkpt lat="58.814789950847626" lon="15.101710986346006"><ele>177.96395942359584</ele></trkpt><trkpt lat="58.81424697116017" lon="15.102317919954658"><ele>178.75997101612805</ele></trkpt><trkpt lat="58.813584968447685" lon="15.103142950683832"><ele>179.75963994525372</ele></trkpt><trkpt lat="58.81325296126306" lon="15.10352298617363"><ele>180.24933171255253</ele></trkpt><trkpt lat="58.81273093633354" lon="15.104164956137538"><ele>181.0345773146923</ele></trkpt><trkpt lat="58.812572937458754" lon="15.104388920590281"><ele>181.28325719890435</ele></trkpt><trkpt lat="58.81244293414056" lon="15.104647921398282"><ele>181.52025261802282</ele></trkpt><trkpt lat="58.81234796717763" lon="15.104927960783243"><ele>181.74019272022235</ele></trkpt><trkpt lat="58.81222793832421" lon="15.105367926880717"><ele>182.06157804562136</ele></trkpt><trkpt lat="58.81204194389284" lon="15.106280967593193"><ele>182.60877216460187</ele></trkpt><trkpt lat="58.81189593113959" lon="15.106720933690667"><ele>182.9002118315657</ele></trkpt><trkpt lat="58.81179492920637" lon="15.106915980577469"><ele>183.05404820030333</ele></trkpt><trkpt lat="58.81153198890388" lon="15.107253938913345"><ele>183.39422224062878</ele></trkpt><trkpt lat="58.8113739900291" lon="15.107363993301988"><ele>183.57511566345096</ele></trkpt><trkpt lat="58.811199981719255" lon="15.107426941394806"><ele>183.76577924239393</ele></trkpt><trkpt lat="58.81110493093729" lon="15.107443956658244"><ele>183.8685859565071</ele></trkpt><trkpt lat="58.81063194014132" lon="15.107411937788129"><ele>184.37830047344826</ele></trkpt><trkpt lat="58.810343937948346" lon="15.107459966093302"><ele>184.68962760083664</ele></trkpt><trkpt lat="58.80961697548628" lon="15.107718966901302"><ele>185.485766757369</ele></trkpt><trkpt lat="58.80925294943154" lon="15.107812928035855"><ele>185.88130276213485</ele></trkpt><trkpt lat="58.80900392308831" lon="15.10790797881782"><ele>186.15468878923755</ele></trkpt><trkpt lat="58.80844694562256" lon="15.1080799754709"><ele>186.7621651608621</ele></trkpt><trkpt lat="58.80824192427099" lon="15.108106965199113"><ele>186.9834816290038</ele></trkpt><trkpt lat="58.80779592320323" lon="15.108113922178745"><ele>187.46383150221533</ele></trkpt><trkpt lat="58.807589979842305" lon="15.108157927170396"><ele>187.6869823802244</ele></trkpt><trkpt lat="58.80738797597587" lon="15.1082509662956"><ele>187.91064051419252</ele></trkpt><trkpt lat="58.80719996988773" lon="15.10838096961379"><ele>188.20618717950958</ele></trkpt><trkpt lat="58.80631391890347" lon="15.109202982857823"><ele>189.94261330869804</ele></trkpt><trkpt lat="58.80622297525406" lon="15.109262997284532"><ele>190.11238080684296</ele></trkpt><trkpt lat="58.80603295750916" lon="15.109347989782691"><ele>190.45691870822694</ele></trkpt><trkpt lat="58.80555996671319" lon="15.109457960352302"><ele>191.29844893442456</ele></trkpt><trkpt lat="58.80530096590519" lon="15.10947396978736"><ele>191.75618412456723</ele></trkpt><trkpt lat="58.8051379378885" lon="15.10945494286716"><ele>192.04468358921307</ele></trkpt><trkpt lat="58.80489494651556" lon="15.10939291678369"><ele>192.47764038456097</ele></trkpt><trkpt lat="58.804454980418086" lon="15.109202982857823"><ele>193.27399080708315</ele></trkpt><trkpt lat="58.80422699265182" lon="15.109126958996058"><ele>193.68267262941907</ele></trkpt><trkpt lat="58.80390596576035" lon="15.108948927372694"><ele>194.2726677182573</ele></trkpt><trkpt lat="58.80366297438741" lon="15.108858989551663"><ele>194.70970610905968</ele></trkpt><trkpt lat="58.80341696552932" lon="15.108843985944986"><ele>195.1444745994831</ele></trkpt><trkpt lat="58.80300893448293" lon="15.108928978443146"><ele>195.86940647242392</ele></trkpt><trkpt lat="58.802843978628516" lon="15.108946999534965"><ele>196.1612517772389</ele></trkpt><trkpt lat="58.80250593647361" lon="15.108925960958004"><ele>196.75868193653736</ele></trkpt><trkpt lat="58.80106693133712" lon="15.108621949329972"><ele>197.45946949503798</ele></trkpt><trkpt lat="58.80079192109406" lon="15.108579955995083"><ele>197.3542189832695</ele></trkpt><trkpt lat="58.80040995776653" lon="15.10848792269826"><ele>197.20736035887447</ele></trkpt><trkpt lat="58.80008599720895" lon="15.108365966007113"><ele>197.08143359778964</ele></trkpt><trkpt lat="58.79983093589544" lon="15.108304945752025"><ele>196.98337732691385</ele></trkpt><trkpt lat="58.79953597672284" lon="15.108195981010795"><ele>196.86880139290136</ele></trkpt><trkpt lat="58.7993149459362" lon="15.108136972412467"><ele>196.78367036938067</ele></trkpt><trkpt lat="58.7987779174" lon="15.108107971027493"><ele>196.578701358619</ele></trkpt><trkpt lat="58.7984879873693" lon="15.108041921630502"><ele>196.46731866232415</ele></trkpt><trkpt lat="58.798284977674484" lon="15.108022978529334"><ele>196.3897753116168</ele></trkpt><trkpt lat="58.798073921352625" lon="15.108023984357715"><ele>196.30925218213213</ele></trkpt><trkpt lat="58.79761693999171" lon="15.10810193605721"><ele>196.13422374011387</ele></trkpt><trkpt lat="58.79736891947687" lon="15.10812196880579"><ele>196.03951535266782</ele></trkpt><trkpt lat="58.79711695946753" lon="15.108085926622152"><ele>195.94312315366955</ele></trkpt><trkpt lat="58.79668193869293" lon="15.108051979914308"><ele>195.77701705852365</ele></trkpt><trkpt lat="58.79624197259545" lon="15.108073940500617"><ele>195.39679515928347</ele></trkpt><trkpt lat="58.795957993716" lon="15.108135966584086"><ele>194.9355801013052</ele></trkpt><trkpt lat="58.79508099518716" lon="15.1084029302001"><ele>193.50277092482264</ele></trkpt><trkpt lat="58.79456592723727" lon="15.108533939346671"><ele>192.6643584473696</ele></trkpt><trkpt lat="58.794439947232604" lon="15.108588924631476"><ele>192.45591620943856</ele></trkpt><trkpt lat="58.794314973056316" lon="15.108672995120287"><ele>192.2423316344194</ele></trkpt><trkpt lat="58.79420097917318" lon="15.108784977346659"><ele>192.03590888367611</ele></trkpt><trkpt lat="58.79410391673446" lon="15.108926966786385"><ele>191.83935947995093</ele></trkpt><trkpt lat="58.7938339356333" lon="15.109405992552638"><ele>191.24752871488653</ele></trkpt><trkpt lat="58.7930619623512" lon="15.110969971865416"><ele>189.44135863365045</ele></trkpt><trkpt lat="58.792852917686105" lon="15.111498953774571"><ele>188.88506902123817</ele></trkpt><trkpt lat="58.7921089399606" lon="15.114059960469604"><ele>186.68262403432212</ele></trkpt><trkpt lat="58.791839964687824" lon="15.115088922902942"><ele>186.52700193816963</ele></trkpt><trkpt lat="58.79114795476198" lon="15.117562925443053"><ele>186.1473622425068</ele></trkpt><trkpt lat="58.79079792648554" lon="15.118879973888397"><ele>185.94748598718527</ele></trkpt><trkpt lat="58.79058997146785" lon="15.119566954672337"><ele>185.84004905158392</ele></trkpt><trkpt lat="58.79035293124616" lon="15.12021797709167"><ele>185.7326038194172</ele></trkpt><trkpt lat="58.78992495127022" lon="15.12118298560381"><ele>185.56107810482396</ele></trkpt><trkpt lat="58.78972395323217" lon="15.121540976688266"><ele>185.48979851921467</ele></trkpt><trkpt lat="58.789196982979774" lon="15.122278919443488"><ele>185.3201217893351</ele></trkpt><trkpt lat="58.78890294581652" lon="15.122656943276525"><ele>185.29462101667417</ele></trkpt><trkpt lat="58.788728937506676" lon="15.122827934101224"><ele>185.30115235823106</ele></trkpt><trkpt lat="58.78863397054374" lon="15.122885936871171"><ele>185.30448410230136</ele></trkpt><trkpt lat="58.78852592781186" lon="15.122915944084525"><ele>185.30813514169128</ele></trkpt><trkpt lat="58.78840698860586" lon="15.122914938256145"><ele>185.31211344841904</ele></trkpt><trkpt lat="58.78828695975244" lon="15.12288493104279"><ele>185.31616171321193</ele></trkpt><trkpt lat="58.78804799169302" lon="15.12279499322176"><ele>185.3243052924615</ele></trkpt><trkpt lat="58.786429949104786" lon="15.122290989384055"><ele>185.37912599453395</ele></trkpt><trkpt lat="58.785612965002656" lon="15.122076999396086"><ele>185.4067030093417</ele></trkpt><trkpt lat="58.78532697446644" lon="15.12202293612063"><ele>185.41631459210603</ele></trkpt><trkpt lat="58.78500393591821" lon="15.12191598303616"><ele>185.42727745946743</ele></trkpt><trkpt lat="58.7838439643383" lon="15.121627980843186"><ele>185.466395974085</ele></trkpt><trkpt lat="58.7826369702816" lon="15.121299996972084"><ele>184.4394649172253</ele></trkpt><trkpt lat="58.78231594339013" lon="15.121196983382106"><ele>184.11593670084707</ele></trkpt><trkpt lat="58.781976979225874" lon="15.121117942035198"><ele>183.77650788215962</ele></trkpt><trkpt lat="58.781788973137736" lon="15.121047953143716"><ele>183.58615689228773</ele></trkpt><trkpt lat="58.78068499267101" lon="15.12077696621418"><ele>182.47980286401747</ele></trkpt><trkpt lat="58.78038198687136" lon="15.120677975937724"><ele>182.17428564070985</ele></trkpt><trkpt lat="58.779854932799935" lon="15.120577979832888"><ele>181.64779444915126</ele></trkpt><trkpt lat="58.77953692339361" lon="15.120480917394161"><ele>181.3277177925804</ele></trkpt><trkpt lat="58.77919896505773" lon="15.120401959866285"><ele>180.98928646269044</ele></trkpt><trkpt lat="58.77788795158267" lon="15.120017984881997"><ele>179.93710909829036</ele></trkpt><trkpt lat="58.777489978820086" lon="15.11993894353509"><ele>179.90178656470948</ele></trkpt><trkpt lat="58.77657199278474" lon="15.119675919413567"><ele>179.81984896091245</ele></trkpt><trkpt lat="58.77619598060846" lon="15.119630992412567"><ele>179.78658741655772</ele></trkpt><trkpt lat="58.7757449503988" lon="15.119625963270664"><ele>179.7467655190173</ele></trkpt><trkpt lat="58.775538923218846" lon="15.119647923856974"><ele>179.72854773441898</ele></trkpt><trkpt lat="58.77533893100917" lon="15.119624957442284"><ele>179.71085926205475</ele></trkpt><trkpt lat="58.7751389387995" lon="15.119547927752137"><ele>179.69285351858224</ele></trkpt><trkpt lat="58.77495193853974" lon="15.119435945525765"><ele>179.67556611014646</ele></trkpt><trkpt lat="58.7745709810406" lon="15.119287921115756"><ele>179.64125599966664</ele></trkpt><trkpt lat="58.77425397746265" lon="15.119112990796566"><ele>179.61214520673286</ele></trkpt><trkpt lat="58.77390596084297" lon="15.118960943073034"><ele>179.58064072943208</ele></trkpt><trkpt lat="58.77319995313883" lon="15.118708983063698"><ele>179.5172497977183</ele></trkpt><trkpt lat="58.77307598479092" lon="15.118698924779892"><ele>179.50629501575264</ele></trkpt><trkpt lat="58.7729509267956" lon="15.118728931993246"><ele>179.4951686079122</ele></trkpt><trkpt lat="58.7728319875896" lon="15.11880093254149"><ele>179.48416252678516</ele></trkpt><trkpt lat="58.772722939029336" lon="15.118919955566525"><ele>179.44401299544617</ele></trkpt><trkpt lat="58.77262394875288" lon="15.119065968319774"><ele>178.94419782034873</ele></trkpt><trkpt lat="58.7725399620831" lon="15.119243999943137"><ele>178.4436845090779</ele></trkpt><trkpt lat="58.77247399650514" lon="15.11944692581892"><ele>177.94564046494347</ele></trkpt><trkpt lat="58.77232597209513" lon="15.120378993451595"><ele>175.91863327818567</ele></trkpt><trkpt lat="58.772160932421684" lon="15.121239982545376"><ele>174.00985794793388</ele></trkpt><trkpt lat="58.772030929103494" lon="15.121631920337677"><ele>173.0423412471439</ele></trkpt><trkpt lat="58.77195096574724" lon="15.121804922819138"><ele>172.5603934231843</ele></trkpt><trkpt lat="58.771855998784304" lon="15.121948923915625"><ele>172.0758901611025</ele></trkpt><trkpt lat="58.771622981876135" lon="15.122200967743993"><ele>171.00437639499052</ele></trkpt><trkpt lat="58.771233977749944" lon="15.122543955221772"><ele>169.28886199731895</ele></trkpt><trkpt lat="58.77098696306348" lon="15.122831957414746"><ele>168.13118554461212</ele></trkpt><trkpt lat="58.769647954031825" lon="15.124062923714519"><ele>162.18180593025028</ele></trkpt><trkpt lat="58.768980922177434" lon="15.124700954183936"><ele>159.19551446271367</ele></trkpt><trkpt lat="58.76806494779885" lon="15.12550394050777"><ele>157.43243612647984</ele></trkpt><trkpt lat="58.76718493178487" lon="15.12614599429071"><ele>157.76910446963035</ele></trkpt><trkpt lat="58.76694696955383" lon="15.126286977902055"><ele>157.8581799355726</ele></trkpt><trkpt lat="58.76656995154917" lon="15.126475989818573"><ele>157.99756900714237</ele></trkpt><trkpt lat="58.765458930283785" lon="15.126979993656278"><ele>158.40596762188136</ele></trkpt><trkpt lat="58.76522398553789" lon="15.127102956175804"><ele>158.49307698620012</ele></trkpt><trkpt lat="58.76477697864175" lon="15.127404956147075"><ele>158.66255758810092</ele></trkpt><trkpt lat="58.764450922608376" lon="15.12767099775374"><ele>158.7892411756997</ele></trkpt><trkpt lat="58.76423894427717" lon="15.1278889272362"><ele>158.8751974320933</ele></trkpt><trkpt lat="58.76413894817233" lon="15.128016918897629"><ele>158.91814266273101</ele></trkpt><trkpt lat="58.76396996900439" lon="15.128325959667563"><ele>159.0014748027784</ele></trkpt><trkpt lat="58.76357794739306" lon="15.129246963188052"><ele>159.22256876616552</ele></trkpt><trkpt lat="58.76336295157671" lon="15.129817938432097"><ele>158.80319148967428</ele></trkpt><trkpt lat="58.76295894384384" lon="15.13107094913721"><ele>157.86380634799198</ele></trkpt><trkpt lat="58.762645963579416" lon="15.131920957937837"><ele>157.2000816055366</ele></trkpt><trkpt lat="58.762471955269575" lon="15.13229395262897"><ele>156.88065012992817</ele></trkpt><trkpt lat="58.76195294782519" lon="15.133218979462981"><ele>156.01295620698932</ele></trkpt><trkpt lat="58.761697970330715" lon="15.13356196694076"><ele>155.63126843552226</ele></trkpt><trkpt lat="58.76137996092439" lon="15.133853992447257"><ele>155.19882608057208</ele></trkpt><trkpt lat="58.76087092794478" lon="15.1342679746449"><ele>154.52055891700516</ele></trkpt><trkpt lat="58.7606989312917" lon="15.13444097712636"><ele>154.28238967403752</ele></trkpt><trkpt lat="58.76037195324898" lon="15.13485194183886"><ele>153.80319709347455</ele></trkpt><trkpt lat="58.759488919749856" lon="15.135813932865858"><ele>152.557997203418</ele></trkpt><trkpt lat="58.759316923096776" lon="15.13603194616735"><ele>152.27625846569163</ele></trkpt><trkpt lat="58.75914593227208" lon="15.136299999430776"><ele>151.9403031618134</ele></trkpt><trkpt lat="58.75900092534721" lon="15.136592946946621"><ele>151.62012427763187</ele></trkpt><trkpt lat="58.758800933137536" lon="15.137099968269467"><ele>151.11648054491354</ele></trkpt><trkpt lat="58.75757994130254" lon="15.141070978716016"><ele>147.46644180787115</ele></trkpt><trkpt lat="58.757166964933276" lon="15.142275961115956"><ele>146.32445972226282</ele></trkpt><trkpt lat="58.757010977715254" lon="15.142595982179046"><ele>145.9772179365932</ele></trkpt><trkpt lat="58.756666984409094" lon="15.143196964636445"><ele>145.26953368284364</ele></trkpt><trkpt lat="58.756435979157686" lon="15.14363894239068"><ele>144.77339814293336</ele></trkpt><trkpt lat="58.75565495342016" lon="15.144920954480767"><ele>142.824176295779</ele></trkpt><trkpt lat="58.75505397096276" lon="15.14601998962462"><ele>140.9269820664633</ele></trkpt><trkpt lat="58.75490292906761" lon="15.146255940198898"><ele>140.48173229155793</ele></trkpt><trkpt lat="58.754565976560116" lon="15.146870920434594"><ele>139.41901747205804</ele></trkpt><trkpt lat="58.75438492745161" lon="15.147282974794507"><ele>138.77746761650326</ele></trkpt><trkpt lat="58.7542799860239" lon="15.147601990029216"><ele>138.3286816326968</ele></trkpt><trkpt lat="58.754132967442274" lon="15.148133989423513"><ele>137.6125490306618</ele></trkpt><trkpt lat="58.75397899188101" lon="15.148895988240838"><ele>136.64100356389653</ele></trkpt><trkpt lat="58.75374396331608" lon="15.150202978402376"><ele>134.99758622120606</ele></trkpt><trkpt lat="58.753619994968176" lon="15.151280974969268"><ele>133.6857798158338</ele></trkpt><trkpt lat="58.75352896749973" lon="15.151722952723503"><ele>133.12081305932958</ele></trkpt><trkpt lat="58.75345797277987" lon="15.151958987116814"><ele>132.79665899458192</ele></trkpt><trkpt lat="58.753364933654666" lon="15.15218798071146"><ele>132.4510820302532</ele></trkpt><trkpt lat="58.75277199782431" lon="15.153416935354471"><ele>131.02952307219485</ele></trkpt><trkpt lat="58.75259195454419" lon="15.153832929208875"><ele>130.83135375270587</ele></trkpt><trkpt lat="58.7524429243058" lon="15.154231991618872"><ele>130.65149142027758</ele></trkpt><trkpt lat="58.75187396071851" lon="15.156087996438146"><ele>129.86290735104077</ele></trkpt><trkpt lat="58.75176893547177" lon="15.156660983338952"><ele>129.6406161006988</ele></trkpt><trkpt lat="58.75168092548847" lon="15.15762398019433"><ele>129.2829367122134</ele></trkpt><trkpt lat="58.75154698267579" lon="15.15815899707377"><ele>129.06563346039482</ele></trkpt><trkpt lat="58.7514859624207" lon="15.158326970413327"><ele>128.9906222976192</ele></trkpt><trkpt lat="58.75112193636596" lon="15.159107996150851"><ele>128.60655077175434</ele></trkpt><trkpt lat="58.750717928633094" lon="15.159856919199228"><ele>128.21131787711772</ele></trkpt><trkpt lat="58.75051793642342" lon="15.160272996872663"><ele>128.00382629323286</ele></trkpt><trkpt lat="58.7503289245069" lon="15.16078395769"><ele>127.77426289648395</ele></trkpt><trkpt lat="58.75026195310056" lon="15.160896945744753"><ele>127.7115060005542</ele></trkpt><trkpt lat="58.75018693506718" lon="15.160982944071293"><ele>127.64996031339929</ele></trkpt><trkpt lat="58.75010496005416" lon="15.161031978204846"><ele>127.58943738099262</ele></trkpt><trkpt lat="58.75001896172762" lon="15.161038935184479"><ele>127.52874311558276</ele></trkpt><trkpt lat="58.749599950388074" lon="15.160842966288328"><ele>127.77668138847459</ele></trkpt><trkpt lat="58.749342961236835" lon="15.160755962133408"><ele>128.2623035987344</ele></trkpt><trkpt lat="58.74874499626458" lon="15.160646997392178"><ele>129.38018147612436</ele></trkpt><trkpt lat="58.74794092029333" lon="15.160466954112053"><ele>130.88676889512243</ele></trkpt><trkpt lat="58.74701698310673" lon="15.160327982157469"><ele>132.6116030021922</ele></trkpt><trkpt lat="58.745966982096434" lon="15.160257993265986"><ele>134.56700395437718</ele></trkpt><trkpt lat="58.7441969756037" lon="15.160241983830929"><ele>137.6537596896615</ele></trkpt><trkpt lat="58.74338896013796" lon="15.160206947475672"><ele>137.32772257962793</ele></trkpt><trkpt lat="58.74290691688657" lon="15.16022496856749"><ele>137.13322904291152</ele></trkpt><trkpt lat="58.742186995223165" lon="15.160225974395871"><ele>136.84281151174775</ele></trkpt><trkpt lat="58.74178793281317" lon="15.160185992717743"><ele>136.6816117546416</ele></trkpt><trkpt lat="58.74159699305892" lon="15.160150956362486"><ele>136.60423801584753</ele></trkpt><trkpt lat="58.74129993841052" lon="15.16005297191441"><ele>136.48266309458322</ele></trkpt><trkpt lat="58.741008918732405" lon="15.159928919747472"><ele>136.36242771929813</ele></trkpt><trkpt lat="58.74072292819619" lon="15.159745942801237"><ele>136.24086671755663</ele></trkpt><trkpt lat="58.74038698151708" lon="15.159623986110091"><ele>136.10296171533946</ele></trkpt><trkpt lat="58.740186989307404" lon="15.159497922286391"><ele>136.01807829838563</ele></trkpt><trkpt lat="58.73982195742428" lon="15.159179996699095"><ele>135.8564827756676</ele></trkpt><trkpt lat="58.739441921934485" lon="15.158813958987594"><ele>135.685093204787</ele></trkpt><trkpt lat="58.73906792141497" lon="15.158387990668416"><ele>135.50983898329213</ele></trkpt><trkpt lat="58.73872392810881" lon="15.157940983772278"><ele>135.47627266728932</ele></trkpt><trkpt lat="58.737977938726544" lon="15.156747987493873"><ele>135.54962460707685</ele></trkpt><trkpt lat="58.737352984026074" lon="15.155814997851849"><ele>135.60944330360223</ele></trkpt><trkpt lat="58.737012930214405" lon="15.155391963198781"><ele>135.64006994279376</ele></trkpt><trkpt lat="58.736645970493555" lon="15.155006982386112"><ele>135.6716847197251</ele></trkpt><trkpt lat="58.73646098189056" lon="15.154836997389793"><ele>135.68719207668</ele></trkpt><trkpt lat="58.736172979697585" lon="15.154622923582792"><ele>135.71054905854322</ele></trkpt><trkpt lat="58.73585999943316" lon="15.154417986050248"><ele>135.7355608617916</ele></trkpt><trkpt lat="58.73483195900917" lon="15.1538419816643"><ele>135.8165698670577</ele></trkpt><trkpt lat="58.733872985467315" lon="15.153344934806228"><ele>135.47031095957237</ele></trkpt><trkpt lat="58.73326194472611" lon="15.1529819983989"><ele>134.3364035672608</ele></trkpt><trkpt lat="58.73219199478626" lon="15.15240398235619"><ele>132.36583647513646</ele></trkpt><trkpt lat="58.73159394599497" lon="15.152055965736508"><ele>131.2579687342886</ele></trkpt><trkpt lat="58.731250958517194" lon="15.151832923293114"><ele>130.61601978791182</ele></trkpt><trkpt lat="58.73080998659134" lon="15.151517931371927"><ele>129.78200434690743</ele></trkpt><trkpt lat="58.730132980272174" lon="15.150955924764276"><ele>128.47472673988526</ele></trkpt><trkpt lat="58.72967599891126" lon="15.150520987808704"><ele>127.5708399816804</ele></trkpt><trkpt lat="58.72932798229158" lon="15.150161990895867"><ele>126.87078160849816</ele></trkpt><trkpt lat="58.72888692654669" lon="15.149656981229782"><ele>126.11240222051396</ele></trkpt><trkpt lat="58.72818997129798" lon="15.148782916367054"><ele>127.23802873075631</ele></trkpt><trkpt lat="58.72762897051871" lon="15.147970961406827"><ele>128.18778328822629</ele></trkpt><trkpt lat="58.72681299224496" lon="15.14662398956716"><ele>129.64225965570247</ele></trkpt><trkpt lat="58.72604697011411" lon="15.145179955288768"><ele>131.0929505801987</ele></trkpt><trkpt lat="58.72580096125603" lon="15.14467092230916"><ele>131.58162718200805</ele></trkpt><trkpt lat="58.72465096414089" lon="15.142029952257872"><ele>133.54126861806563</ele></trkpt><trkpt lat="58.72417998500168" lon="15.140905939042568"><ele>133.52664622492605</ele></trkpt><trkpt lat="58.723582942038774" lon="15.139649994671345"><ele>133.50940703099798</ele></trkpt><trkpt lat="58.7228599190712" lon="15.138065982609987"><ele>133.4880548890859</ele></trkpt><trkpt lat="58.72153893113136" lon="15.135035924613476"><ele>133.44799867932372</ele></trkpt><trkpt lat="58.7211209256202" lon="15.134117938578129"><ele>133.37620881184324</ele></trkpt><trkpt lat="58.720528995618224" lon="15.132924942299724"><ele>133.1194856110455</ele></trkpt><trkpt lat="58.72005592100322" lon="15.132096977904439"><ele>132.92794801838687</ele></trkpt><trkpt lat="58.71972994878888" lon="15.131565984338522"><ele>132.80002194652178</ele></trkpt><trkpt lat="58.71919292025268" lon="15.130763920024037"><ele>132.59639087177263</ele></trkpt><trkpt lat="58.718726970255375" lon="15.130147933959961"><ele>132.4270451673513</ele></trkpt><trkpt lat="58.718145936727524" lon="15.129439998418093"><ele>132.22102749489622</ele></trkpt><trkpt lat="58.717848965898156" lon="15.129096927121282"><ele>132.117261090918</ele></trkpt><trkpt lat="58.71744596399367" lon="15.1286849565804"><ele>131.9805475367891</ele></trkpt><trkpt lat="58.71667097322643" lon="15.12795397080481"><ele>131.86318548082707</ele></trkpt><trkpt lat="58.7155619636178" lon="15.127208987250924"><ele>132.3795967701675</ele></trkpt><trkpt lat="58.7150579597801" lon="15.12681595981121"><ele>132.61867105882382</ele></trkpt><trkpt lat="58.7132359854877" lon="15.12554794549942"><ele>133.47044923366522</ele></trkpt><trkpt lat="58.712089927867055" lon="15.12458092533052"><ele>134.0205899871888</ele></trkpt><trkpt lat="58.71106691658497" lon="15.123534947633743"><ele>134.45583146705087</ele></trkpt><trkpt lat="58.710735999047756" lon="15.12316195294261"><ele>134.58468563471942</ele></trkpt><trkpt lat="58.71048898436129" lon="15.12292499653995"><ele>134.67742391315403</ele></trkpt><trkpt lat="58.7101829610765" lon="15.122588966041803"><ele>134.79580760293456</ele></trkpt><trkpt lat="58.70968792587519" lon="15.122116981074214"><ele>134.9814379139593</ele></trkpt><trkpt lat="58.709336975589395" lon="15.121734933927655"><ele>135.11691644073937</ele></trkpt><trkpt lat="58.70896892622113" lon="15.121366968378425"><ele>135.25627606892547</ele></trkpt><trkpt lat="58.70829099789262" lon="15.120851984247565"><ele>135.5011780464216</ele></trkpt><trkpt lat="58.70760695077479" lon="15.120281931012869"><ele>135.7516548794549</ele></trkpt><trkpt lat="58.707102946937084" lon="15.119904996827245"><ele>135.93335014662404</ele></trkpt><trkpt lat="58.70628294534981" lon="15.119332931935787"><ele>135.57360176848013</ele></trkpt><trkpt lat="58.70596895925701" lon="15.119067979976535"><ele>135.18186757758676</ele></trkpt><trkpt lat="58.704525930806994" lon="15.117999957874417"><ele>133.41529965662914</ele></trkpt><trkpt lat="58.704207921400666" lon="15.117795942351222"><ele>133.0322724146776</ele></trkpt><trkpt lat="58.70400792919099" lon="15.117689995095134"><ele>132.79525185730836</ele></trkpt><trkpt lat="58.703708946704865" lon="15.1174689643085"><ele>132.42928705698895</ele></trkpt><trkpt lat="58.702076990157366" lon="15.116551984101534"><ele>130.4866796438197</ele></trkpt><trkpt lat="58.70142194442451" lon="15.1162239164114"><ele>129.70632598314165</ele></trkpt><trkpt lat="58.700206987559795" lon="15.11575193144381"><ele>127.98598052343968</ele></trkpt><trkpt lat="58.699861988425255" lon="15.115639949217439"><ele>127.50036529694142</ele></trkpt><trkpt lat="58.69950894266367" lon="15.11555495671928"><ele>127.00652425884847</ele></trkpt><trkpt lat="58.699281960725784" lon="15.115482956171036"><ele>126.68722657998866</ele></trkpt><trkpt lat="58.69893092662096" lon="15.115349935367703"><ele>126.19064306446249</ele></trkpt><trkpt lat="58.698358945548534" lon="15.115178944543004"><ele>125.38722186713463</ele></trkpt><trkpt lat="58.69743391871452" lon="15.11484693735838"><ele>124.08116351365749</ele></trkpt><trkpt lat="58.69649891741574" lon="15.114401942119002"><ele>122.74430511629352</ele></trkpt><trkpt lat="58.696078984066844" lon="15.11415995657444"><ele>122.13587866984794</ele></trkpt><trkpt lat="58.69563499465585" lon="15.113876983523369"><ele>122.79426148645139</ele></trkpt><trkpt lat="58.695268956944346" lon="15.113624939695"><ele>123.49947516145873</ele></trkpt><trkpt lat="58.695093942806125" lon="15.113474987447262"><ele>123.84699213673035</ele></trkpt><trkpt lat="58.69480996392667" lon="15.113283963873982"><ele>124.39269153798277</ele></trkpt><trkpt lat="58.69454291649163" lon="15.113036949187517"><ele>124.9301645797492</ele></trkpt><trkpt lat="58.69405492208898" lon="15.112648950889707"><ele>125.8879612968466</ele></trkpt><trkpt lat="58.693871945142746" lon="15.112457927316427"><ele>126.26557477528638</ele></trkpt><trkpt lat="58.693115981295705" lon="15.111770946532488"><ele>127.78209923772408</ele></trkpt><trkpt lat="58.69235892780125" lon="15.110987992957234"><ele>129.34114883991893</ele></trkpt><trkpt lat="58.69141596369445" lon="15.110133960843086"><ele>131.23166724072482</ele></trkpt><trkpt lat="58.691225945949554" lon="15.110006975010037"><ele>131.59655484808707</ele></trkpt><trkpt lat="58.69059797376394" lon="15.109510933980346"><ele>132.44533032271147</ele></trkpt><trkpt lat="58.68991099298" lon="15.109089994803071"><ele>133.0595637448265</ele></trkpt><trkpt lat="58.68962491862476" lon="15.108870975673199"><ele>133.3218687618921</ele></trkpt><trkpt lat="58.68867793120444" lon="15.108214924111962"><ele>134.17935673487085</ele></trkpt><trkpt lat="58.68772599846125" lon="15.107473963871598"><ele>135.05420513263243</ele></trkpt><trkpt lat="58.68722291663289" lon="15.106943976134062"><ele>135.54284401665646</ele></trkpt><trkpt lat="58.68670893833041" lon="15.106365960091352"><ele>136.0500386176174</ele></trkpt><trkpt lat="58.68595297448337" lon="15.10539198294282"><ele>136.82514172753</ele></trkpt><trkpt lat="58.685250990092754" lon="15.104564940556884"><ele>136.15921527470164</ele></trkpt><trkpt lat="58.68456996046007" lon="15.103829931467772"><ele>135.52229007379438</ele></trkpt><trkpt lat="58.68412898853421" lon="15.103429947048426"><ele>135.12463259136481</ele></trkpt><trkpt lat="58.68363596498966" lon="15.103060975670815"><ele>134.69313365649467</ele></trkpt><trkpt lat="58.683104971423745" lon="15.102733997628093"><ele>134.23837202098173</ele></trkpt><trkpt lat="58.682675985619426" lon="15.102517995983362"><ele>133.87667418992905</ele></trkpt><trkpt lat="58.68233995512128" lon="15.102378940209746"><ele>133.5963139175236</ele></trkpt><trkpt lat="58.68131199851632" lon="15.10206394828856"><ele>132.74726704181708</ele></trkpt><trkpt lat="58.68072493001819" lon="15.101866973564029"><ele>132.24584169517587</ele></trkpt><trkpt lat="58.68037196807563" lon="15.101730935275555"><ele>131.85515227794832</ele></trkpt><trkpt lat="58.68013392202556" lon="15.101619958877563"><ele>131.58931786995802</ele></trkpt><trkpt lat="58.67978791706264" lon="15.101426923647523"><ele>131.19831864851238</ele></trkpt><trkpt lat="58.67934292182326" lon="15.101149985566735"><ele>130.6907119575735</ele></trkpt><trkpt lat="58.678507916629314" lon="15.100543973967433"><ele>129.72211246773878</ele></trkpt><trkpt lat="58.67819996550679" lon="15.100263934582472"><ele>129.35242342605542</ele></trkpt><trkpt lat="58.67791095748544" lon="15.099967969581485"><ele>128.99707823353359</ele></trkpt><trkpt lat="58.67744592949748" lon="15.099441921338439"><ele>128.4115724667496</ele></trkpt><trkpt lat="58.67690797895193" lon="15.098745971918106"><ele>127.70796358918872</ele></trkpt><trkpt lat="58.67620096541941" lon="15.097879953682423"><ele>126.79825821839263</ele></trkpt><trkpt lat="58.67577097378671" lon="15.097300931811333"><ele>126.28123911034606</ele></trkpt><trkpt lat="58.67533494718373" lon="15.096773961558938"><ele>126.180011636905</ele></trkpt><trkpt lat="58.674812922254205" lon="15.096097961068153"><ele>126.05630495276391</ele></trkpt><trkpt lat="58.6744349822402" lon="15.095674926415086"><ele>125.97034676124893</ele></trkpt><trkpt lat="58.673499980941415" lon="15.094702960923314"><ele>125.76142096308463</ele></trkpt><trkpt lat="58.67321097292006" lon="15.094382939860225"><ele>125.69586643374747</ele></trkpt><trkpt lat="58.672811994329095" lon="15.093977926298976"><ele>125.60718312767159</ele></trkpt><trkpt lat="58.67119495756924" lon="15.09248192422092"><ele>125.2544486035129</ele></trkpt><trkpt lat="58.67058492265642" lon="15.091889994218946"><ele>124.5526134699405</ele></trkpt><trkpt lat="58.670171946287155" lon="15.091539965942502"><ele>123.85985687867662</ele></trkpt><trkpt lat="58.669850919395685" lon="15.09121298789978"><ele>123.30223325897238</ele></trkpt><trkpt lat="58.669206937775016" lon="15.090604964643717"><ele>122.20100799013481</ele></trkpt><trkpt lat="58.667463921010494" lon="15.089009972289205"><ele>119.23799590936454</ele></trkpt><trkpt lat="58.666715919971466" lon="15.088297929614782"><ele>117.95682732541661</ele></trkpt><trkpt lat="58.66629397496581" lon="15.087876990437508"><ele>117.22716450528654</ele></trkpt><trkpt lat="58.66609792225063" lon="15.087652942165732"><ele>116.87708881325118</ele></trkpt><trkpt lat="58.66533491760492" lon="15.086693968623877"><ele>118.50464093508154</ele></trkpt><trkpt lat="58.664520950987935" lon="15.08530592545867"><ele>120.98207562736756</ele></trkpt><trkpt lat="58.66408693604171" lon="15.084472931921482"><ele>122.37848308755403</ele></trkpt><trkpt lat="58.66392591968179" lon="15.084129944443703"><ele>122.92568852578492</ele></trkpt><trkpt lat="58.66355191916227" lon="15.083250934258103"><ele>124.27068372838457</ele></trkpt><trkpt lat="58.663037940859795" lon="15.081903962418437"><ele>126.24921847614063</ele></trkpt><trkpt lat="58.66233796812594" lon="15.079944944009185"><ele>129.06410544277463</ele></trkpt><trkpt lat="58.66143699735403" lon="15.07756993174553"><ele>129.08567816581817</ele></trkpt><trkpt lat="58.660713974386454" lon="15.075853988528252"><ele>128.89868076627704</ele></trkpt><trkpt lat="58.659859942272305" lon="15.073943920433521"><ele>128.68539102810638</ele></trkpt><trkpt lat="58.65924194455147" lon="15.072668949142098"><ele>128.53781265373703</ele></trkpt><trkpt lat="58.65810996852815" lon="15.070537934079766"><ele>127.38928071405608</ele></trkpt><trkpt lat="58.657885920256376" lon="15.070132920518517"><ele>127.00745851644098</ele></trkpt><trkpt lat="58.65704697556794" lon="15.068798940628767"><ele>125.65576306735232</ele></trkpt><trkpt lat="58.6565859708935" lon="15.06800894625485"><ele>124.88902211643247</ele></trkpt><trkpt lat="58.656118931248784" lon="15.067134965211153"><ele>124.07981252491967</ele></trkpt><trkpt lat="58.65576094016433" lon="15.066358968615532"><ele>123.40995272472341</ele></trkpt><trkpt lat="58.654978992417455" lon="15.064458958804607"><ele>121.84525134389415</ele></trkpt><trkpt lat="58.6548419483006" lon="15.064052939414978"><ele>121.53393495676589</ele></trkpt><trkpt lat="58.654444981366396" lon="15.062692975625396"><ele>121.70226187409651</ele></trkpt><trkpt lat="58.6540839727968" lon="15.061206948012114"><ele>121.87929625209057</ele></trkpt><trkpt lat="58.65398498252034" lon="15.060702944174409"><ele>121.93744832522314</ele></trkpt><trkpt lat="58.65374693647027" lon="15.05924197845161"><ele>122.10270446821035</ele></trkpt><trkpt lat="58.6536539811641" lon="15.058506969362497"><ele>122.18435509150754</ele></trkpt><trkpt lat="58.65350293926895" lon="15.056509980931878"><ele>122.40218488323995</ele></trkpt><trkpt lat="58.65345994010568" lon="15.055802967399359"><ele>122.47902288884771</ele></trkpt><trkpt lat="58.65342892706394" lon="15.054191965609789"><ele>122.65304087893846</ele></trkpt><trkpt lat="58.65338198840618" lon="15.05314095877111"><ele>122.6067489223728</ele></trkpt><trkpt lat="58.65322692319751" lon="15.050495965406299"><ele>122.34108279486088</ele></trkpt><trkpt lat="58.65318694151938" lon="15.049050925299525"><ele>122.19665006004914</ele></trkpt><trkpt lat="58.65318492986262" lon="15.048380959779024"><ele>122.12977991045246</ele></trkpt><trkpt lat="58.65309499204159" lon="15.045832945033908"><ele>121.87487833960725</ele></trkpt><trkpt lat="58.652983931824565" lon="15.043626995757222"><ele>121.65367367334011</ele></trkpt><trkpt lat="58.65295493043959" lon="15.042696939781308"><ele>121.5331688349108</ele></trkpt><trkpt lat="58.65288997069001" lon="15.041758920997381"><ele>121.39522979887734</ele></trkpt><trkpt lat="58.65278494544327" lon="15.039445934817195"><ele>121.05678845689812</ele></trkpt><trkpt lat="58.65277597680688" lon="15.038999933749437"><ele>120.99172709518349</ele></trkpt><trkpt lat="58.65282794460654" lon="15.036111949011683"><ele>120.5704990134848</ele></trkpt><trkpt lat="58.65281998179853" lon="15.035377945750952"><ele>120.46348149061092</ele></trkpt><trkpt lat="58.65279592573643" lon="15.034895986318588"><ele>120.39290452339297</ele></trkpt><trkpt lat="58.6527229193598" lon="15.034134993329644"><ele>120.2801053564038</ele></trkpt><trkpt lat="58.65260892547667" lon="15.03339797258377"><ele>120.16802301576175</ele></trkpt><trkpt lat="58.65237398073077" lon="15.032231966033578"><ele>120.39310321416139</ele></trkpt><trkpt lat="58.65219796076417" lon="15.031600976362824"><ele>120.8083328907084</ele></trkpt><trkpt lat="58.651845920830965" lon="15.030649965628982"><ele>121.48524541182321</ele></trkpt><trkpt lat="58.65147393196821" lon="15.029824934899807"><ele>122.1184200030881</ele></trkpt><trkpt lat="58.65140193141997" lon="15.029683951288462"><ele>122.23299734229475</ele></trkpt><trkpt lat="58.650854928418994" lon="15.028828997164965"><ele>123.01893947175574</ele></trkpt><trkpt lat="58.649998968467116" lon="15.027697943150997"><ele>124.17688362923259</ele></trkpt><trkpt lat="58.64921794272959" lon="15.026549957692623"><ele>125.272964038337</ele></trkpt><trkpt lat="58.64907595328987" lon="15.026270924136043"><ele>125.49934153057542</ele></trkpt><trkpt lat="58.648839918896556" lon="15.025862976908684"><ele>125.85320624763372</ele></trkpt><trkpt lat="58.648363994434476" lon="15.02488598227501"><ele>126.95901580631464</ele></trkpt><trkpt lat="58.64809191785753" lon="15.024285921826959"><ele>127.8169464421837</ele></trkpt><trkpt lat="58.647849932312965" lon="15.023673959076405"><ele>128.6454525692276</ele></trkpt><trkpt lat="58.647371996194124" lon="15.022200923413038"><ele>130.51665358282284</ele></trkpt><trkpt lat="58.647191952914" lon="15.021586949005723"><ele>131.27633107199452</ele></trkpt><trkpt lat="58.646986931562424" lon="15.020801983773708"><ele>132.2230758515844</ele></trkpt><trkpt lat="58.646751986816525" lon="15.019802944734693"><ele>133.40484570678345</ele></trkpt><trkpt lat="58.646581918001175" lon="15.018961988389492"><ele>134.37739554143863</ele></trkpt><trkpt lat="58.646192997694016" lon="15.016395952552557"><ele>137.25836912476436</ele></trkpt><trkpt lat="58.64601597189903" lon="15.015110922977328"><ele>137.21629575166196</ele></trkpt><trkpt lat="58.64583592861891" lon="15.014025969430804"><ele>136.56709425674896</ele></trkpt><trkpt lat="58.64562093280256" lon="15.012978985905647"><ele>135.92542981066217</ele></trkpt><trkpt lat="58.6453839763999" lon="15.012130988761783"><ele>135.3767006238342</ele></trkpt><trkpt lat="58.64508197642863" lon="15.011343928053975"><ele>134.81920087098504</ele></trkpt><trkpt lat="58.64469598978758" lon="15.01057899557054"><ele>134.2117404861691</ele></trkpt><trkpt lat="58.64426599815488" lon="15.009904922917485"><ele>133.6037769599183</ele></trkpt><trkpt lat="58.64379895851016" lon="15.009346939623356"><ele>133.00125874406757</ele></trkpt><trkpt lat="58.64342696964741" lon="15.0089889485389"><ele>132.54545355952814</ele></trkpt><trkpt lat="58.64298499189317" lon="15.008672950789332"><ele>132.0287877035022</ele></trkpt><trkpt lat="58.64255491644144" lon="15.008328957483172"><ele>131.8401819591932</ele></trkpt><trkpt lat="58.64204194396734" lon="15.007945988327265"><ele>132.6601480714606</ele></trkpt><trkpt lat="58.64166894927621" lon="15.007697967812419"><ele>133.24822940836924</ele></trkpt><trkpt lat="58.641312969848514" lon="15.007432932034135"><ele>133.81704612735533</ele></trkpt><trkpt lat="58.64061391912401" lon="15.006976956501603"><ele>134.91698022377176</ele></trkpt><trkpt lat="58.63995593972504" lon="15.006459960713983"><ele>135.97614200039672</ele></trkpt><trkpt lat="58.63960993476212" lon="15.006208922713995"><ele>136.52720361803944</ele></trkpt><trkpt lat="58.63917692564428" lon="15.00585394911468"><ele>137.22863615533666</ele></trkpt><trkpt lat="58.63880795426667" lon="15.005585979670286"><ele>137.8163502747896</ele></trkpt><trkpt lat="58.63855892792344" lon="15.005331924185157"><ele>138.23644734994508</ele></trkpt><trkpt lat="58.63774395547807" lon="15.004568919539452"><ele>139.58720702180142</ele></trkpt><trkpt lat="58.63713794387877" lon="15.00391898676753"><ele>141.0737783093282</ele></trkpt><trkpt lat="58.63645498640835" lon="15.00314592383802"><ele>143.00824390713382</ele></trkpt><trkpt lat="58.636142928153276" lon="15.002710986882448"><ele>143.94908609892565</ele></trkpt><trkpt lat="58.63577093929052" lon="15.00226297415793"><ele>145.0205241141378</ele></trkpt><trkpt lat="58.63516693934798" lon="15.001399973407388"><ele>146.85748771112497</ele></trkpt><trkpt lat="58.634289940819144" lon="14.999991981312633"><ele>149.64666293240785</ele></trkpt><trkpt lat="58.633256955072284" lon="14.99809892848134"><ele>153.1306015988756</ele></trkpt><trkpt lat="58.63260593265295" lon="14.996772995218635"><ele>150.99921363315738</ele></trkpt><trkpt lat="58.631818955764174" lon="14.995036935433745"><ele>147.45177910300617</ele></trkpt><trkpt lat="58.631136920303106" lon="14.993289979174733"><ele>144.08670864185106</ele></trkpt><trkpt lat="58.63047692924738" lon="14.991340935230255"><ele>140.50363244094078</ele></trkpt><trkpt lat="58.629624992609024" lon="14.988304926082492"><ele>137.15782417740675</ele></trkpt><trkpt lat="58.629372948780656" lon="14.987259954214096"><ele>137.28023803020204</ele></trkpt><trkpt lat="58.62920195795596" lon="14.986464930698276"><ele>137.37167045243993</ele></trkpt><trkpt lat="58.62882091663778" lon="14.984600963070989"><ele>137.58452427264854</ele></trkpt><trkpt lat="58.62837893888354" lon="14.98217691667378"><ele>137.85753128840196</ele></trkpt><trkpt lat="58.62825597636402" lon="14.981740973889828"><ele>137.91023404498034</ele></trkpt><trkpt lat="58.628100994974375" lon="14.981325985863805"><ele>137.96452171263377</ele></trkpt><trkpt lat="58.627931931987405" lon="14.980945950374007"><ele>138.01765771126347</ele></trkpt><trkpt lat="58.62765893340111" lon="14.980430966243148"><ele>138.09578349152406</ele></trkpt><trkpt lat="58.62738392315805" lon="14.980057971552014"><ele>138.14186699955224</ele></trkpt><trkpt lat="58.62699693068862" lon="14.979676930233836"><ele>137.322293042813</ele></trkpt><trkpt lat="58.62685292959213" lon="14.979407954961061"><ele>136.94374568377154</ele></trkpt><trkpt lat="58.626792998984456" lon="14.979346934705973"><ele>136.8159119255178</ele></trkpt><trkpt lat="58.62672099843621" lon="14.979326985776424"><ele>136.67881328731636</ele></trkpt><trkpt lat="58.626639945432544" lon="14.979351963847876"><ele>136.5241050537844</ele></trkpt><trkpt lat="58.62647599540651" lon="14.97948992997408"><ele>136.18676850451976</ele></trkpt><trkpt lat="58.62620098516345" lon="14.979816991835833"><ele>135.57717394266612</ele></trkpt><trkpt lat="58.62609797157347" lon="14.979904918000102"><ele>135.3647264978089</ele></trkpt><trkpt lat="58.62598498351872" lon="14.979993933811784"><ele>135.13457006472748</ele></trkpt><trkpt lat="58.62555792555213" lon="14.980239942669868"><ele>134.29430777562675</ele></trkpt><trkpt lat="58.62534795887768" lon="14.980384949594736"><ele>133.87379701255185</ele></trkpt><trkpt lat="58.625141931697726" lon="14.980464996770024"><ele>133.47764824483318</ele></trkpt><trkpt lat="58.62504193559289" lon="14.980486957356334"><ele>133.28796489085363</ele></trkpt><trkpt lat="58.62450691871345" lon="14.980546971783042"><ele>132.27793893135834</ele></trkpt><trkpt lat="58.62427691929042" lon="14.980534985661507"><ele>131.8443160185234</ele></trkpt><trkpt lat="58.623698987066746" lon="14.980419985949993"><ele>130.74929897079645</ele></trkpt><trkpt lat="58.62357594072819" lon="14.980374975129962"><ele>130.51323388451598</ele></trkpt><trkpt lat="58.623094987124205" lon="14.980140952393413"><ele>129.5781790976093</ele></trkpt><trkpt lat="58.62212092615664" lon="14.979721941053867"><ele>127.70352191547475</ele></trkpt><trkpt lat="58.62122096121311" lon="14.979462940245867"><ele>126.52481590892738</ele></trkpt><trkpt lat="58.620968917384744" lon="14.979376941919327"><ele>126.19324065856975</ele></trkpt><trkpt lat="58.619489930570126" lon="14.979364955797791"><ele>124.27754696363648</ele></trkpt><trkpt lat="58.619140991941094" lon="14.979411978274584"><ele>123.824468336263</ele></trkpt><trkpt lat="58.618778977543116" lon="14.97951197437942"><ele>123.35073885238727</ele></trkpt><trkpt lat="58.618543948978186" lon="14.979595961049199"><ele>123.04108939267175</ele></trkpt><trkpt lat="58.618434984236956" lon="14.979652957990766"><ele>122.89480935522201</ele></trkpt><trkpt lat="58.61797397956252" lon="14.979785978794098"><ele>122.29098412445643</ele></trkpt><trkpt lat="58.617637949064374" lon="14.979944983497262"><ele>121.84271750459263</ele></trkpt><trkpt lat="58.61718197353184" lon="14.980208929628134"><ele>121.22585928724983</ele></trkpt><trkpt lat="58.61638192087412" lon="14.980711927637458"><ele>120.95640893150406</ele></trkpt><trkpt lat="58.6160599719733" lon="14.980942932888865"><ele>121.41510696728854</ele></trkpt><trkpt lat="58.614844931289554" lon="14.98170392587781"><ele>123.12081045682581</ele></trkpt><trkpt lat="58.61415392719209" lon="14.982183957472444"><ele>124.10154221478405</ele></trkpt><trkpt lat="58.61274593509734" lon="14.983048969879746"><ele>126.0745304666804</ele></trkpt><trkpt lat="58.611883940175176" lon="14.98363595455885"><ele>127.29518208375242</ele></trkpt><trkpt lat="58.61107491888106" lon="14.984125960618258"><ele>128.05206397955067</ele></trkpt><trkpt lat="58.60913895070553" lon="14.985406966879964"><ele>128.69718433541198</ele></trkpt><trkpt lat="58.60867199487984" lon="14.985684994608164"><ele>128.851207908855</ele></trkpt><trkpt lat="58.608247954398394" lon="14.985881969332695"><ele>128.9886538561451</ele></trkpt><trkpt lat="58.60761797055602" lon="14.986060922965407"><ele>129.18928680671615</ele></trkpt><trkpt lat="58.60740699805319" lon="14.986103922128677"><ele>129.25612577022866</ele></trkpt><trkpt lat="58.607198959216475" lon="14.986124960705638"><ele>129.32175785025962</ele></trkpt><trkpt lat="58.606378957629204" lon="14.986048936843872"><ele>129.58039480684457</ele></trkpt><trkpt lat="58.605887945741415" lon="14.985943995416164"><ele>129.8438001064346</ele></trkpt><trkpt lat="58.60507791861892" lon="14.985822960734367"><ele>130.61038309106584</ele></trkpt><trkpt lat="58.604165967553854" lon="14.985745931044221"><ele>131.4716535141486</ele></trkpt><trkpt lat="58.60366196371615" lon="14.985748948529363"><ele>131.947190083657</ele></trkpt><trkpt lat="58.6032569501549" lon="14.985772920772433"><ele>132.32950733294086</ele></trkpt><trkpt lat="58.60243393108249" lon="14.985907953232527"><ele>133.10886814808612</ele></trkpt><trkpt lat="58.60150094144046" lon="14.986134935170412"><ele>133.99619875218667</ele></trkpt><trkpt lat="58.60071999952197" lon="14.986423943191767"><ele>134.74659842327395</ele></trkpt><trkpt lat="58.599030962213874" lon="14.987188959494233"><ele>132.68572512526873</ele></trkpt><trkpt lat="58.59850893728435" lon="14.98739993199706"><ele>131.9254612471372</ele></trkpt><trkpt lat="58.597852969542146" lon="14.98769598081708"><ele>130.96512791730626</ele></trkpt><trkpt lat="58.59715894795954" lon="14.987945929169655"><ele>129.95879849394066</ele></trkpt><trkpt lat="58.59680397436023" lon="14.988052966073155"><ele>129.44671167862916</ele></trkpt><trkpt lat="58.59668193385005" lon="14.988067969679832"><ele>129.27243249850525</ele></trkpt><trkpt lat="58.59581993892789" lon="14.98829796910286"><ele>128.0321679468578</ele></trkpt><trkpt lat="58.595102950930595" lon="14.988437946885824"><ele>127.01037574282081</ele></trkpt><trkpt lat="58.59486096538603" lon="14.988473989069462"><ele>126.89526034664426</ele></trkpt><trkpt lat="58.59317997470498" lon="14.98859996907413"><ele>126.09738300800787</ele></trkpt><trkpt lat="58.592543955892324" lon="14.988594939932227"><ele>125.79572591373308</ele></trkpt><trkpt lat="58.59188999980688" lon="14.988568956032395"><ele>125.48549750842027</ele></trkpt><trkpt lat="58.59161691740155" lon="14.988545989617705"><ele>125.35585413502933</ele></trkpt><trkpt lat="58.59097394160926" lon="14.98844993300736"><ele>125.04997717861383</ele></trkpt><trkpt lat="58.59047194942832" lon="14.988327976316214"><ele>124.809988829634</ele></trkpt><trkpt lat="58.59011999331415" lon="14.988264944404364"><ele>124.64233563881248</ele></trkpt><trkpt lat="58.58879699371755" lon="14.98791097663343"><ele>123.78605028348275</ele></trkpt><trkpt lat="58.58836398459971" lon="14.987818943336606"><ele>123.4569567311069</ele></trkpt><trkpt lat="58.58770499937236" lon="14.987650969997048"><ele>122.95478916987534</ele></trkpt><trkpt lat="58.58703796751797" lon="14.987456928938627"><ele>122.44515820112184</ele></trkpt><trkpt lat="58.58651795424521" lon="14.987360956147313"><ele>122.0505296855757</ele></trkpt><trkpt lat="58.58633799478412" lon="14.987304965034127"><ele>121.91281338576336</ele></trkpt><trkpt lat="58.58593599870801" lon="14.987216955050826"><ele>121.60717696702146</ele></trkpt><trkpt lat="58.58563299290836" lon="14.987120982259512"><ele>121.37518979816444</ele></trkpt><trkpt lat="58.58530894853175" lon="14.987047975882888"><ele>121.12872637047734</ele></trkpt><trkpt lat="58.58477292582393" lon="14.986876985058188"><ele>120.71825858500924</ele></trkpt><trkpt lat="58.58420295640826" lon="14.986723931506276"><ele>120.28350960238032</ele></trkpt><trkpt lat="58.583952924236655" lon="14.986690990626812"><ele>119.87584655923762</ele></trkpt><trkpt lat="58.58345394954085" lon="14.986546989530325"><ele>118.69517913988241</ele></trkpt><trkpt lat="58.5824569221586" lon="14.986315984278917"><ele>116.34532166411095</ele></trkpt><trkpt lat="58.58185493387282" lon="14.986198972910643"><ele>114.92954117651522</ele></trkpt><trkpt lat="58.5809909272939" lon="14.986100988462567"><ele>112.90435675916284</ele></trkpt><trkpt lat="58.58040997758508" lon="14.986087996512651"><ele>111.54492317648108</ele></trkpt><trkpt lat="58.579718973487616" lon="14.98610693961382"><ele>109.92790495823763</ele></trkpt><trkpt lat="58.57879193499684" lon="14.98619394376874"><ele>107.75616960027577</ele></trkpt><trkpt lat="58.57833595946431" lon="14.986262926831841"><ele>106.98696714120416</ele></trkpt><trkpt lat="58.57740598730743" lon="14.986499967053533"><ele>106.00394594703916</ele></trkpt><trkpt lat="58.57668296433985" lon="14.986741952598095"><ele>105.23489205089545</ele></trkpt><trkpt lat="58.57583798468113" lon="14.987091980874538"><ele>104.32908082167853</ele></trkpt><trkpt lat="58.57523197308183" lon="14.987386940047145"><ele>103.67395519335388</ele></trkpt><trkpt lat="58.57487297616899" lon="14.987599924206734"><ele>103.28020146176708</ele></trkpt><trkpt lat="58.5740349534899" lon="14.988138964399695"><ele>102.35402678835906</ele></trkpt><trkpt lat="58.573806965723634" lon="14.988324958831072"><ele>102.09442003303069</ele></trkpt><trkpt lat="58.57334998436272" lon="14.988659983500838"><ele>101.58178869962946</ele></trkpt><trkpt lat="58.57283198274672" lon="14.989111935719848"><ele>102.23692007421724</ele></trkpt><trkpt lat="58.572301995009184" lon="14.989540921524167"><ele>103.35372322917847</ele></trkpt><trkpt lat="58.57151694595814" lon="14.990287916734815"><ele>105.05509805984653</ele></trkpt><trkpt lat="58.57077397406101" lon="14.991063997149467"><ele>106.69758689052041</ele></trkpt><trkpt lat="58.570349933579564" lon="14.991616951301694"><ele>107.69310768590965</ele></trkpt><trkpt lat="58.57009093277156" lon="14.991903947666287"><ele>108.27383645382587</ele></trkpt><trkpt lat="58.5697609372437" lon="14.992333939298987"><ele>109.04838621684785</ele></trkpt><trkpt lat="58.56928694061935" lon="14.992975993081927"><ele>110.17501546825352</ele></trkpt><trkpt lat="58.56885694898665" lon="14.993619974702597"><ele>111.23421955290023</ele></trkpt><trkpt lat="58.568635918200016" lon="14.99390697106719"><ele>111.75244301296671</ele></trkpt><trkpt lat="58.5683639254421" lon="14.994309972971678"><ele>112.20434041667126</ele></trkpt><trkpt lat="58.56775498017669" lon="14.995340947061777"><ele>112.34571633809102</ele></trkpt><trkpt lat="58.56647095642984" lon="14.997700955718756"><ele>112.65526351126725</ele></trkpt><trkpt lat="58.56579294428229" lon="14.998874925076962"><ele>112.81425367600166</ele></trkpt><trkpt lat="58.56535096652806" lon="14.999775979667902"><ele>112.92652831124417</ele></trkpt><trkpt lat="58.56372496113181" lon="15.002728924155235"><ele>112.07156268048085</ele></trkpt><trkpt lat="58.56201999820769" lon="15.005929972976446"><ele>109.42210007089324</ele></trkpt><trkpt lat="58.561349948868155" lon="15.00707695260644"><ele>108.42477417435705</ele></trkpt><trkpt lat="58.56082792393863" lon="15.007888991385698"><ele>107.67839112170115</ele></trkpt><trkpt lat="58.56047194451094" lon="15.00840799883008"><ele>107.18184450150723</ele></trkpt><trkpt lat="58.56002192012966" lon="15.008992971852422"><ele>106.49993476229788</ele></trkpt><trkpt lat="58.55937693268061" lon="15.009750947356224"><ele>105.50215446162952</ele></trkpt><trkpt lat="58.55898994021118" lon="15.010168952867389"><ele>104.91631045909897</ele></trkpt><trkpt lat="58.558599930256605" lon="15.010547982528806"><ele>104.3396041378536</ele></trkpt><trkpt lat="58.55777196586132" lon="15.011268993839622"><ele>103.14021274687234</ele></trkpt><trkpt lat="58.557203924283385" lon="15.011698985472322"><ele>102.33472645929164</ele></trkpt><trkpt lat="58.55647897347808" lon="15.01221396960318"><ele>101.31504699119874</ele></trkpt><trkpt lat="58.55611394159496" lon="15.012452937662601"><ele>100.80630399638652</ele></trkpt><trkpt lat="58.555765924975276" lon="15.012652929872274"><ele>100.32712141580117</ele></trkpt><trkpt lat="58.55527591891587" lon="15.012888964265585"><ele>99.67465405072925</ele></trkpt><trkpt lat="58.55462891981006" lon="15.013125920668244"><ele>99.29714285636656</ele></trkpt><trkpt lat="58.554235976189375" lon="15.013236980885267"><ele>99.06950665178451</ele></trkpt><trkpt lat="58.553784945979714" lon="15.013339994475245"><ele>98.80918662488023</ele></trkpt><trkpt lat="58.552882969379425" lon="15.013477960601449"><ele>98.29060828398696</ele></trkpt><trkpt lat="58.55265598744154" lon="15.013535963371396"><ele>98.1593708873566</ele></trkpt><trkpt lat="58.55177094228566" lon="15.013784989714622"><ele>97.64670334157327</ele></trkpt><trkpt lat="58.55156692676246" lon="15.013876939192414"><ele>97.5265902789181</ele></trkpt><trkpt lat="58.55081892572343" lon="15.014089923352003"><ele>97.09319606507681</ele></trkpt><trkpt lat="58.549985932186246" lon="15.01435998827219"><ele>96.60901423075194</ele></trkpt><trkpt lat="58.549395930022" lon="15.014501977711916"><ele>96.75321985122143</ele></trkpt><trkpt lat="58.54908395558596" lon="15.014593927189708"><ele>96.93637632079604</ele></trkpt><trkpt lat="58.54857299476862" lon="15.014699958264828"><ele>97.2346028164361</ele></trkpt><trkpt lat="58.548069996759295" lon="15.014784950762987"><ele>97.52760807594572</ele></trkpt><trkpt lat="58.5477779712528" lon="15.014815963804722"><ele>97.69732075364767</ele></trkpt><trkpt lat="58.54738695546985" lon="15.014822920784354"><ele>97.92422401595068</ele></trkpt><trkpt lat="58.54678597301245" lon="15.014866925776005"><ele>98.2732086353634</ele></trkpt><trkpt lat="58.54649797081947" lon="15.014903973788023"><ele>98.44070281328209</ele></trkpt><trkpt lat="58.54623494669795" lon="15.014912942424417"><ele>98.59335114075753</ele></trkpt><trkpt lat="58.545983992516994" lon="15.014944961294532"><ele>98.73929390170049</ele></trkpt><trkpt lat="58.5454189684242" lon="15.014971951022744"><ele>99.06726047049926</ele></trkpt><trkpt lat="58.54529692791402" lon="15.014944961294532"><ele>99.13854653051595</ele></trkpt><trkpt lat="58.54517798870802" lon="15.014863992109895"><ele>99.21178840078392</ele></trkpt><trkpt lat="58.545128954574466" lon="15.014787968248129"><ele>99.24838734903324</ele></trkpt><trkpt lat="58.54500498622656" lon="15.014430982992053"><ele>99.37822998487835</ele></trkpt><trkpt lat="58.54494899511337" lon="15.01431891694665"><ele>99.42520951271051</ele></trkpt><trkpt lat="58.544881939888" lon="15.014229984954"><ele>99.47252901179203</ele></trkpt><trkpt lat="58.544801976531744" lon="15.01416795887053"><ele>99.52258613193565</ele></trkpt><trkpt lat="58.54471296072006" lon="15.01414692029357"><ele>99.57463041991035</ele></trkpt><trkpt lat="58.54462092742324" lon="15.014171982184052"><ele>99.62857078702966</ele></trkpt><trkpt lat="58.54453593492508" lon="15.014235936105251"><ele>99.6815549254822</ele></trkpt><trkpt lat="58.54438195936382" lon="15.014459984377027"><ele>99.6667057640701</ele></trkpt><trkpt lat="58.54416796937585" lon="15.01485695131123"><ele>99.5202593767723</ele></trkpt><trkpt lat="58.5440909396857" lon="15.014957953244448"><ele>99.47436538164155</ele></trkpt><trkpt lat="58.54399697855115" lon="15.01500396989286"><ele>99.42667902944991</ele></trkpt><trkpt lat="58.54389698244631" lon="15.014976980164647"><ele>99.37702486858578</ele></trkpt><trkpt lat="58.54380796663463" lon="15.014915959909558"><ele>99.33053886783762</ele></trkpt><trkpt lat="58.543729931116104" lon="15.01483398489654"><ele>99.28678094738832</ele></trkpt><trkpt lat="58.54366195388138" lon="15.01472594216466"><ele>99.24335501019083</ele></trkpt><trkpt lat="58.5435729380697" lon="15.014484962448478"><ele>99.16759668706585</ele></trkpt><trkpt lat="58.54350697249174" lon="15.01414893195033"><ele>99.07547299310627</ele></trkpt><trkpt lat="58.543473947793245" lon="15.0140589941293"><ele>99.04725461103865</ele></trkpt><trkpt lat="58.543427931144834" lon="15.014009959995747"><ele>99.02136488856256</ele></trkpt><trkpt lat="58.54336992837489" lon="15.014024963602424"><ele>98.9925858198475</ele></trkpt><trkpt lat="58.54319793172181" lon="15.01427792944014"><ele>98.8859750249669</ele></trkpt><trkpt lat="58.543129954487085" lon="15.01433995552361"><ele>98.84895419725693</ele></trkpt><trkpt lat="58.54279199615121" lon="15.014505917206407"><ele>98.67740754636957</ele></trkpt><trkpt lat="58.54187099263072" lon="15.01483197323978"><ele>98.21687909209538</ele></trkpt><trkpt lat="58.54101494885981" lon="15.015088962391019"><ele>97.79082127575029</ele></trkpt><trkpt lat="58.540616976097226" lon="15.015224916860461"><ele>97.59204934779551</ele></trkpt><trkpt lat="58.540122946724296" lon="15.015364978462458"><ele>97.34648671285623</ele></trkpt><trkpt lat="58.53982698172331" lon="15.01549699343741"><ele>97.19706719854713</ele></trkpt><trkpt lat="58.539284924045205" lon="15.01584492623806"><ele>97.13944237763566</ele></trkpt><trkpt lat="58.53892492130399" lon="15.016051959246397"><ele>97.44615389572864</ele></trkpt><trkpt lat="58.53863691911101" lon="15.016167964786291"><ele>97.68630248866098</ele></trkpt><trkpt lat="58.53791297413409" lon="15.016253963112831"><ele>98.27818032249901</ele></trkpt><trkpt lat="58.53781197220087" lon="15.016278941184282"><ele>98.36128224586706</ele></trkpt><trkpt lat="58.537626983597875" lon="15.016365945339203"><ele>98.51671569059802</ele></trkpt><trkpt lat="58.53752497583628" lon="15.016385978087783"><ele>98.60039077183076</ele></trkpt><trkpt lat="58.53721098974347" lon="15.016402993351221"><ele>98.85670779629518</ele></trkpt><trkpt lat="58.53688191622496" lon="15.016454961150885"><ele>99.12614444384322</ele></trkpt><trkpt lat="58.53602796792984" lon="15.01652897335589"><ele>99.82368409572582</ele></trkpt><trkpt lat="58.53498995304108" lon="15.016534924507141"><ele>100.67071433433497</ele></trkpt><trkpt lat="58.534816950559616" lon="15.016563925892115"><ele>100.8124248270499</ele></trkpt><trkpt lat="58.53458493947983" lon="15.01657398417592"><ele>101.00179574387349</ele></trkpt><trkpt lat="58.53374498896301" lon="15.016568955034018"><ele>101.29519418504755</ele></trkpt><trkpt lat="58.53349093347788" lon="15.01655193977058"><ele>101.00982798210433</ele></trkpt><trkpt lat="58.533438965678215" lon="15.01655395142734"><ele>100.95147921443615</ele></trkpt><trkpt lat="58.53337895125151" lon="15.016589993610978"><ele>100.88087665937192</ele></trkpt><trkpt lat="58.533337963745" lon="15.016653947532177"><ele>100.82153514483451</ele></trkpt><trkpt lat="58.53328691795468" lon="15.016869949176908"><ele>100.6825961626579</ele></trkpt><trkpt lat="58.53322899900377" lon="15.01837894320488"><ele>99.79596998807943</ele></trkpt><trkpt lat="58.53323193266988" lon="15.018822932615876"><ele>99.53578039810816</ele></trkpt><trkpt lat="58.533308962360024" lon="15.019441936165094"><ele>99.16289285088656</ele></trkpt><trkpt lat="58.53340996429324" lon="15.019792970269918"><ele>98.92801663179907</ele></trkpt><trkpt lat="58.53366293013096" lon="15.020339973270893"><ele>98.49979048942009</ele></trkpt><trkpt lat="58.533866945654154" lon="15.020633926615119"><ele>98.21322602633836</ele></trkpt><trkpt lat="58.534084958955646" lon="15.021039946004748"><ele>97.87190931197229</ele></trkpt><trkpt lat="58.534151930361986" lon="15.021138936281204"><ele>97.77695415357083</ele></trkpt><trkpt lat="58.5342909861356" lon="15.021268939599395"><ele>97.60326020485462</ele></trkpt><trkpt lat="58.534339936450124" lon="15.021360972896218"><ele>97.5262687791178</ele></trkpt><trkpt lat="58.53436793200672" lon="15.021478990092874"><ele>97.45030935768402</ele></trkpt><trkpt lat="58.53437195532024" lon="15.021609999239445"><ele>97.37341041946732</ele></trkpt><trkpt lat="58.53435896337032" lon="15.021733967587352"><ele>97.29932025550201</ele></trkpt><trkpt lat="58.53407992981374" lon="15.022597974166274"><ele>96.70398068459335</ele></trkpt><trkpt lat="58.533419938758016" lon="15.024782968685031"><ele>95.29042011708809</ele></trkpt><trkpt lat="58.53321592323482" lon="15.02553298138082"><ele>95.22093520785899</ele></trkpt><trkpt lat="58.533057" lon="15.026079"><ele>95.16957237021259</ele></trkpt><trkpt lat="58.533044" lon="15.026148"><ele>95.16354540272133</ele></trkpt><trkpt lat="58.533044" lon="15.026148"><ele>95.16354540272133</ele></trkpt><trkpt lat="58.533044" lon="15.026148"><ele>95.16354540272133</ele></trkpt><trkpt lat="58.533044" lon="15.026148"><ele>95.16354540272133</ele></trkpt><trkpt lat="58.533044" lon="15.026148"><ele>95.16354540272133</ele></trkpt><trkpt lat="58.533044" lon="15.026148"><ele>95.16354540272133</ele></trkpt><trkpt lat="58.533044" lon="15.026148"><ele>95.16354540272133</ele></trkpt><trkpt lat="58.533044" lon="15.026148"><ele>95.16354540272133</ele></trkpt><trkpt lat="58.533044" lon="15.026148"><ele>95.16354540272133</ele></trkpt><trkpt lat="58.533044" lon="15.026148"><ele>95.16354540272133</ele></trkpt><trkpt lat="58.533044" lon="15.026148"><ele>95.16354540272133</ele></trkpt><trkpt lat="58.533044" lon="15.026148"><ele>95.16354540272133</ele></trkpt><trkpt lat="58.533044" lon="15.026148"><ele>95.16354540272133</ele></trkpt><trkpt lat="58.533044" lon="15.026148"><ele>95.16354540272133</ele></trkpt><trkpt lat="58.533044" lon="15.026196"><ele>95.15960173392912</ele></trkpt><trkpt lat="58.533053" lon="15.026242"><ele>95.155565642659</ele></trkpt><trkpt lat="58.533081" lon="15.0263"><ele>95.14907494078018</ele></trkpt><trkpt lat="58.533103" lon="15.02633"><ele>95.14482464940372</ele></trkpt><trkpt lat="58.533138977363706" lon="15.026376955211163"><ele>95.13797283880442</ele></trkpt><trkpt lat="58.533346" lon="15.026664"><ele>95.09774999962319</ele></trkpt><trkpt lat="58.533538" lon="15.026958"><ele>95.05906337225603</ele></trkpt><trkpt lat="58.533538" lon="15.026958"><ele>95.05906337225603</ele></trkpt><trkpt lat="58.53359" lon="15.027039"><ele>95.04851485564984</ele></trkpt><trkpt lat="58.533642" lon="15.02714"><ele>95.03685976677131</ele></trkpt><trkpt lat="58.533728" lon="15.027307"><ele>95.01758631171184</ele></trkpt><trkpt lat="58.533728" lon="15.027307"><ele>95.01758631171184</ele></trkpt><trkpt lat="58.533829" lon="15.027501"><ele>94.99507535768667</ele></trkpt><trkpt lat="58.534032" lon="15.027918"><ele>94.94822909572666</ele></trkpt><trkpt lat="58.534073" lon="15.028004"><ele>94.9386601861585</ele></trkpt><trkpt lat="58.534114" lon="15.02811"><ele>94.92782121782349</ele></trkpt><trkpt lat="58.534114" lon="15.02811"><ele>94.92782121782349</ele></trkpt><trkpt lat="58.534294" lon="15.028584"><ele>94.87966380982107</ele></trkpt><trkpt lat="58.534434" lon="15.02901"><ele>94.83830623594665</ele></trkpt><trkpt lat="58.534468" lon="15.029114"><ele>94.82822450160708</ele></trkpt><trkpt lat="58.534502" lon="15.029241"><ele>94.81649836688939</ele></trkpt><trkpt lat="58.534632" lon="15.029732"><ele>94.7712671620435</ele></trkpt><trkpt lat="58.534633" lon="15.029736"><ele>94.77090279115885</ele></trkpt><trkpt lat="58.534633" lon="15.029736"><ele>94.77090279115885</ele></trkpt><trkpt lat="58.534737" lon="15.030214"><ele>94.72835738404505</ele></trkpt><trkpt lat="58.534759" lon="15.030332"><ele>94.71806317119729</ele></trkpt><trkpt lat="58.534781" lon="15.030452"><ele>94.70761408070686</ele></trkpt><trkpt lat="58.534944" lon="15.031486"><ele>94.61887585665828</ele></trkpt><trkpt lat="58.534961" lon="15.031617"><ele>94.60778589578312</ele></trkpt><trkpt lat="58.534974" lon="15.03175"><ele>94.59666932314875</ele></trkpt><trkpt lat="58.535037" lon="15.032823"><ele>94.50796090115338</ele></trkpt><trkpt lat="58.535041" lon="15.032944"><ele>94.49800021904024</ele></trkpt><trkpt lat="58.535045" lon="15.03308"><ele>94.48680940473916</ele></trkpt><trkpt lat="58.535044675072015" lon="15.033207869712896"><ele>94.4763041339682</ele></trkpt><trkpt lat="58.535042" lon="15.033638"><ele>94.44096423682147</ele></trkpt><trkpt lat="58.535041" lon="15.033785"><ele>94.42888641357422</ele></trkpt></trkseg></trk></gpx>